Facility_name,Million_gallons_per_day_flow,GHGI_emissions_mol_per_s,Moore_Emissions_mol_per_s,longitude,latitude,Source
(T) FRIENDSHIP STP,0.12833698630137,0.0016644535008543185,0.0006947151397291064,-78.13361,42.20802,Discharge Monitoring Reports
14 MILE RUN STP,0.335666666666667,0.004353394719285764,0.0023769202772239238,-79.41058,40.298354,Discharge Monitoring Reports
26TH WARD WATER POLLUTION CONTROL PLANT,,,,-73.88111,40.65492,Discharge Monitoring Reports
ABBOTTSTOWN-PARADISE STP,0.154191666666667,0.00199977315022206,0.0008785852587252623,-76.982726,39.89252,Discharge Monitoring Reports
ABERDEEN WWTP,4.0,0.061783921939244445,0.05659886004025106,-76.1455,39.5101,Clean Watershed Needs Survey
ABERDEEN WWTP,0.617074081473364,0.008003079585980892,0.005179841450483707,-76.15004,39.51003,Discharge Monitoring Reports
ABINGTON REGIONAL WASTEWATER AUTHORITY - CHINCHILLA,2.39333333333333,0.0310400934304585,0.029338382930797272,-75.67005,41.46751,Discharge Monitoring Reports
ABINGTON WWTP,3.75683333333333,0.048723868106961374,0.052234832399179046,-75.15459,40.13123,Discharge Monitoring Reports
AC WAGNER YOUTH CORR FAC,0.640166666666667,0.008302576522729201,0.005429123592786735,-74.669646,40.159193,Discharge Monitoring Reports
ACADEMY OF THE NEW CHURCH STP,0.0477583333333333,0.0006193968504524991,0.00019614222112910795,-75.059604,40.130459,Discharge Monitoring Reports
ACCIDENT WWTP,0.09,0.001390138243633,0.00044120901317736927,-79.3256,39.6194,Clean Watershed Needs Survey
ACCIDENT WWTP,0.125166666666667,0.0016233363625539293,0.0006728353608767023,-79.325579,39.619445,Discharge Monitoring Reports
ADAMS WASTEWATER TREATMENT PLANT,1.84416666666667,0.023917732159333176,0.02101880216917256,-73.108628,42.644677,Discharge Monitoring Reports
ADAMSTOWN STP,0.40915,0.005306429342787791,0.00306201524498251,-76.06702,40.22794,Discharge Monitoring Reports
ADDISON (V) STP,,,,-77.22238,42.1085,Discharge Monitoring Reports
AKRON (V) WWTP,0.486583561643836,0.006310696050898308,0.0038221835828623324,-78.506417,43.029944,Discharge Monitoring Reports
ALBANY COUNTY WATER PURIFICATION DISTRICT - NORTH PLANT,22.7033333333333,0.29444857431037996,0.521781065398853,-73.72925,42.676083,Discharge Monitoring Reports
ALBANY COUNTY WATER PURIFICATION DISTRICT - SOUTH PLANT,23.3033333333333,0.3022302133319434,0.5394876711741476,-73.759667,42.630306,Discharge Monitoring Reports
ALBERT GALLATIN MUNICIPAL AUTHORITY,0.026,0.00033720435760108163,9.009925635308445e-05,-79.853663,39.719229,Discharge Monitoring Reports
ALDEN (T) SD #2 STP,0.0,0.0,0.0,-78.57175,42.884667,Discharge Monitoring Reports
ALDEN (V) WWTP,0.46125,0.00598213499782688,0.0035694663555376144,-78.5074,42.90623,Discharge Monitoring Reports
ALEXANDER (V) WWTF,0.0347441095890411,0.00045061019824593025,0.000130558015388295,-78.250722,42.903361,Discharge Monitoring Reports
ALEXANDRIA MIDDLE SCHOOL,0.0050101666666666,6.49788473964486e-05,1.0960207453457385e-05,-75.013572,40.570999,Discharge Monitoring Reports
ALEXANDRIA PORTER STP,0.0926666666666667,0.0012018309155525735,0.00045800273279194697,-78.095259,40.553904,Discharge Monitoring Reports
ALFRED WASTEWATER TREATMENT PLANT,,,,-77.778972,42.2645,Discharge Monitoring Reports
"ALLAMUCHY STP, TOWNSHIP OF",0.258166666666667,0.0033482663456671545,0.001698855656880153,-74.863502,40.913987,Discharge Monitoring Reports
ALLEGANY COUNTY COMBINED SEWER,,,,-78.77912,39.64409,Discharge Monitoring Reports
ALLEGHENY VALLEY WASTEWATER TREATMENT PLANT,5.1405,0.06666919231724462,0.0780169194802793,-79.84789,40.5319,Discharge Monitoring Reports
ALLENTOWN STP,0.145858333333333,0.0018916948304781149,0.0008183012725600344,-74.5963,40.1774,Discharge Monitoring Reports
ALLISON PARK WATER POLLUTION CONTROL PLANT,2.6015,0.033739889857662075,0.03264191768185478,-79.964054,40.563318,Discharge Monitoring Reports
ALSACE MANOR STP,0.0225166666666667,0.00029202761994811665,7.495491402837923e-05,-75.845556,40.399444,Discharge Monitoring Reports
ALTAMONT (V) STP,0.33607397260274,0.004358677232228864,0.0023806108677860848,-74.023083,42.710222,Discharge Monitoring Reports
ALTOONA C A / PLANE NINE WTP,0.147183333333333,0.0019088792833174008,0.0008278235873863385,-78.501106,40.429739,Discharge Monitoring Reports
ALTOONA CITY AUTH - WESTERLY WWTF,7.42,0.09623293590000098,0.12477225734618387,-78.426103,40.453906,Discharge Monitoring Reports
ALTOONA EASTERLY STP,4.16166666666667,0.05397431288012188,0.05954182428404868,-78.363879,40.55446,Discharge Monitoring Reports
ALTOONA WESTERLY STP,10.8,0.16681658923596002,0.2016880880496799,-78.4276,40.4571,Clean Watershed Needs Survey
AMBLER BORO MS4 UA,4.74983333333333,0.061602480687648835,0.07051345207356118,-75.22074,40.15504,Discharge Monitoring Reports
AMBLER BORO STP,4.5,0.06950691218165,0.06580373327035247,-75.2113,40.1621,Clean Watershed Needs Survey
AMHERST WASTEWATER TREATMENT PLANT,4.09483333333333,0.05310752475577544,0.058321250583234306,-72.537382,42.387696,Discharge Monitoring Reports
AMITY TWP (BERKS) STP,2.1,0.032436559018103335,0.02481925445835181,-75.726571,40.2514,Clean Watershed Needs Survey
AMITY TWP WWTP,1.36333333333333,0.017681613110107956,0.014280960710003562,-75.726571,40.2514,Discharge Monitoring Reports
AMSTERDAM (C) WWTP,,,,-74.1665,42.921,Discharge Monitoring Reports
ANNVILLE TWP STP,0.672366666666667,0.008720191150219771,0.005780920914390444,-76.528264,40.328624,Discharge Monitoring Reports
ANSONIA WATER POLLUTION CONTROL FACILITY,1.975,0.02561456177931293,0.02294514429515314,-73.08029,41.33114,Discharge Monitoring Reports
ANSONIA WPCF,3.45,0.05328863267259834,0.04684033596529476,-73.08011,41.3365,Clean Watershed Needs Survey
ANTIETAM VLY STP,1.14641666666667,0.014868334447173375,0.011441232845007102,-75.873537,40.330926,Discharge Monitoring Reports
ANTRIM TWP MUN AUTH STP,0.889916666666667,0.011541683765454976,0.008274680175615463,-77.785833,39.745833,Discharge Monitoring Reports
ANTRIM TWP STP,1.05,0.016218279509051668,0.010224942847582788,-77.7858,39.7458,Clean Watershed Needs Survey
AQUA PA MT JEWETT,0.326416666666667,0.004233427784369995,0.002293445149768448,-78.64388,41.72879,Discharge Monitoring Reports
ARARAT TWP WWTP,0.0129258333333333,0.00016764028175481936,3.6848040015483525e-05,-75.50965,41.75911,Discharge Monitoring Reports
ARCADE (V) STP,0.259769863013699,0.0033690588377559747,0.001712364375841722,-78.45808,42.53596,Discharge Monitoring Reports
ARCADIA SYS,0.349166666666667,0.00452848159727094,0.0024999033234927056,-79.198349,40.678072,Discharge Monitoring Reports
ARENDTSVILLE STP,0.12625,0.0016373865441206368,0.0006802947114916767,-77.29227,39.92485,Discharge Monitoring Reports
ARLINGTON TREATMENT PLANT,2.42328767123288,0.031428583171565556,0.02980897453508977,-73.943,41.649,Discharge Monitoring Reports
ARMAGH SYS STP,0.03225,0.00041826309740903395,0.0001186900028257865,-79.035845,40.463074,Discharge Monitoring Reports
ARMSTRONG CO IND DEV AUTH WWTP,0.13775,0.0017865346253672692,0.000760561280081605,-79.611696,40.758072,Discharge Monitoring Reports
ARTHUR STANLICK SCHOOL,0.0011740833333333,1.5227154468722769e-05,1.7124642009412777e-06,-74.590636,40.971314,Discharge Monitoring Reports
ASBURY PARK WATER QUALITY CENTRAL FACILITY,1.76008333333333,0.022827221913116768,0.019800634706484146,-73.99222,40.227057,Discharge Monitoring Reports
ASHLAND AREA WATER AUTHORITY,0.963916666666667,0.01250141924478113,0.00916500378841672,-76.338611,40.78,Discharge Monitoring Reports
ASHLAND BORO,0.25,0.003861495121202778,0.0016304080624826712,-76.2724,40.7743,Clean Watershed Needs Survey
ASHVILLE BORO STP,0.0257666666666667,0.00033417816464825187,8.906608144921843e-05,-78.547773,40.563349,Discharge Monitoring Reports
ATGLEN BOROUGH STP,0.08675,0.001125095308534378,0.00042092916075810356,-75.9722,39.9451,Discharge Monitoring Reports
ATHENS (V) WWTP,0.34375,0.0044582306894373775,0.0024503957036009576,-73.8055,42.262833,Discharge Monitoring Reports
ATHOL WASTEWATER TREATMENT FACILITY,1.12633333333333,0.014607865696590405,0.011185437448223782,-72.242982,42.586234,Discharge Monitoring Reports
ATLANTIC BEACH WWTP,0.621041666666667,0.008054536778916866,0.005222488583369818,-73.7412,40.59134,Discharge Monitoring Reports
ATTICA WASTEWATER TREATMENT PLANT,0.925,0.011996693491576943,0.00869430456032539,-78.27676,42.87116,Discharge Monitoring Reports
AUBURN - C STP,0.0061138657921147,7.929316103420252e-05,1.4139615984347009e-05,-76.59454,42.94125,Discharge Monitoring Reports
AURORA (V) WWTP,0.125802739726027,0.001631585847452731,0.0006772129002817104,-76.702472,42.737528,Discharge Monitoring Reports
AUTH OF BORO OF CHARLEROI,1.755,0.02276129413807301,0.019727501560981388,-79.895607,40.136738,Discharge Monitoring Reports
AVON - V STP,,,,-77.75678,42.92298,Discharge Monitoring Reports
AVONDALE BORO STP,0.426808333333333,0.005535447302325188,0.003232095327751437,-75.78563,39.82291,Discharge Monitoring Reports
AVONMORE BORO STP,0.220916666666667,0.002865156256411759,0.0013918087392812274,-79.4721,40.5262,Discharge Monitoring Reports
"Afton, (V) WWTP & Collection",0.0,0.0,0.0,-75.52807,42.22855,Clean Watershed Needs Survey
"Akron, (V) WWTP & Collection",0.8,0.01235678438784889,0.007220520853362259,-78.506417,43.029944,Clean Watershed Needs Survey
Albany (Co) - ACSD North STP,21.4,0.33054398237495775,0.48377060619087725,-73.729117,42.676054,Clean Watershed Needs Survey
Albany (Co) - ACSD South STP,21.8,0.3367223745688822,0.4953692771083557,-73.7597,42.6303,Clean Watershed Needs Survey
Albion (V) Jt.Mun-Ind. WWTP,1.56,0.024095729556305335,0.016967944587680063,-78.168778,43.254389,Clean Watershed Needs Survey
Alden (V) WWTP,0.65,0.010039887315127222,0.0055360438516269235,-78.5071,42.9055,Clean Watershed Needs Survey
Alexander (V) WWTP,0.055,0.0008495289266646111,0.00023497063588119282,-78.2583,42.9042,Clean Watershed Needs Survey
Alexander V WWTP,0.055,0.0008495289266646111,0.00023497063588119282,-78.250722,42.903361,Clean Watershed Needs Survey
Alfred (V) WWTP,0.98,0.015137060875114888,0.009361100977928088,-77.7914,42.254,Clean Watershed Needs Survey
Allamuchy Township MUA - CS/STP,0.6,0.009267588290886667,0.004997191930006617,-74.86088957,40.91141014,Clean Watershed Needs Survey
Allentown Borough - CS/STP,0.238,0.0036761433553850445,0.0015309645374807857,-74.59669003,40.17749943,Clean Watershed Needs Survey
"Amenia, (T) OWTS & Proposed WWTP",0.0,0.0,0.0,-73.5568,41.8493,Clean Watershed Needs Survey
Amherst Sewerage Collection System and WWTF,7.1,0.10966646144215889,0.1179298752244841,-72.537382,42.387696,Clean Watershed Needs Survey
Amsterdam (C) WWTP,5.5,0.08495289266646111,0.08506435085959785,-74.1665,42.921,Clean Watershed Needs Survey
Andes (T) Sewers & STP,0.062,0.0009576507900582889,0.0002738910101938942,-74.789506,42.170434,Clean Watershed Needs Survey
Andover (V) WWTP and Collection System,0.0,0.0,0.0,-77.7948867,42.15705382,Clean Watershed Needs Survey
Arcade (V) Collection System & WWTP,0.31,0.004788253950291445,0.0021469253073382794,-78.4568,42.5364,Clean Watershed Needs Survey
Arietta (T) Sewers and WWTP,0.0,0.0,0.0,-74.5526969,43.406772095,Clean Watershed Needs Survey
Arlington High School WWTF,0.018,0.00027802764872659997,5.628662623369063e-05,-73.153539,43.064404,Clean Watershed Needs Survey
Asbury Park City - CS/STP,4.4,0.06796231413316889,0.06393874675942784,-73.9978,40.228,Clean Watershed Needs Survey
Ashfield Sewerage Collection System and WWTF,0.025,0.0003861495121202778,8.568983652090762e-05,-72.7825,42.5244,Clean Watershed Needs Survey
Ashford (T) Sewer District 2 and STP,0.0,0.0,0.0,-78.61271,42.40681,Clean Watershed Needs Survey
"Ashland, (T) Hamlet WWTP & Sewers",0.26,0.004015954926050889,0.0017143054526182913,-74.34775,42.297111,Clean Watershed Needs Survey
Athens (V) Main STP,0.3,0.004633794145443334,0.0020587242847468178,-73.8055,42.262833,Clean Watershed Needs Survey
Athol Sewerage Collection System and WWTF,1.75,0.027030465848419446,0.0196556250263897,-72.242982,42.586234,Clean Watershed Needs Survey
Attica (V) WWTP,1.4,0.021624372678735557,0.014774179997387261,-78.2785,42.8663,Clean Watershed Needs Survey
"Auburn, (C) WWTP & Collection",9.5,0.14673681460570553,0.17116671464111727,-76.5936,42.9401,Clean Watershed Needs Survey
Aurora (V) WWTP,0.27,0.004170414730899,0.0017991093643825666,-76.7025,42.7375,Clean Watershed Needs Survey
Avon (V) WWTP,0.5,0.007722990242405556,0.003957529462697384,-77.755226,42.920255,Clean Watershed Needs Survey
BAINBRIDGE - V STP,,,,-75.4853,42.29351,Discharge Monitoring Reports
BALDWINSVILLE SENECA KNOLLS,3.58333333333333,0.04647367748989262,0.04916870427168829,-76.300028,43.140861,Discharge Monitoring Reports
BALLY BORO STP,0.2,0.0030891960969622223,0.0012254986626968037,-75.5804,40.3999,Clean Watershed Needs Survey
BALLY STP,0.242733333333333,0.003148105297501376,0.001570026091258352,-75.58037,40.39986,Discharge Monitoring Reports
BANGOR BORO STP,1.55,0.023941269751457224,0.01682891407069742,-75.2036,40.8543,Clean Watershed Needs Survey
BANGOR WASTEWATER TREATMENT  P,1.6325,0.021172542837837146,0.017983298218156075,-75.203577,40.854257,Discharge Monitoring Reports
BARTON BUSINESS PARK WWTP,0.0064166666666666,8.322030620283019e-05,1.5041671702389504e-05,-78.851398,39.557251,Discharge Monitoring Reports
BATAVIA (C) STP,4.178,0.05418614638681996,0.059840956103742196,-78.20441,42.99336,Discharge Monitoring Reports
BATH  WWTP,,,,-77.30812,42.33187,Discharge Monitoring Reports
BATH BORO AUTH,0.4195,0.005440662615909759,0.0031614602472301166,-75.394058,40.722227,Discharge Monitoring Reports
BAY PARK SEWAGE TREATMENT PLANT,53.8083333333333,0.6978617105865971,1.5737791347393977,-73.663111,40.632278,Discharge Monitoring Reports
BAYSHORE REGIONAL SEWER AUTHORITY,8.0955,0.10499376449844447,0.1394854756335143,-74.191057,40.4403,Discharge Monitoring Reports
BCI MUNICIPAL AUTHORITY STP,0.197333333333333,0.00255929461153641,0.0012046328882863745,-78.54624,40.77592,Discharge Monitoring Reports
BCPSSD - KIMBERLY HGTS WWTP,0.021,0.00032436559018103335,6.855746200663616e-05,-77.8805,39.5654,Clean Watershed Needs Survey
BEACON FALLS WATER POLLUTION CONTROL FAC,0.400041666666667,0.005188299739307672,0.002975079383471716,-73.071061,41.431611,Discharge Monitoring Reports
BEACON FALLS WPCF,0.4,0.006178392193924445,0.0029746829494535767,-73.0648,41.4426,Clean Watershed Needs Survey
BEAR CRK WATERSHED AUTH - FAIRVIEW STP,0.0208416666666667,0.0002703038776795854,6.789685301962828e-05,-79.715698,41.026931,Discharge Monitoring Reports
BEAUTYLINE STP,0.0,0.0,0.0,-78.75243,40.30133,Discharge Monitoring Reports
BEAVER MEADOWS MUNICIPAL AUTHORITY,0.0908333333333333,0.0011780536852089066,0.00044644231593759615,-75.9008,40.9301,Discharge Monitoring Reports
BEAVERTOWN MUN AUTH WWTP,0.124,0.001608205397789774,0.0006648223640158839,-77.17624,40.75467,Discharge Monitoring Reports
BEDFORD BORO STP,0.5,0.007722990242405556,0.003957529462697384,-78.4861,40.0179,Clean Watershed Needs Survey
BEDFORD STP,0.412208333333333,0.005346094086133811,0.0030913280352540757,-78.486107,40.0178,Discharge Monitoring Reports
BEDMINSTER STP,0.194508333333333,0.0025226560611432158,0.0011826139930745114,-75.207388,40.394175,Discharge Monitoring Reports
BEECH CREEK BORO,0.090975,0.001179891016644554,0.0004473333154936828,-77.584157,41.07201,Discharge Monitoring Reports
BELCHERTOWN WATER RECLAMATION FACILITY,0.408833333333333,0.005302322366637516,0.0030589836210611616,-72.42563,42.281579,Discharge Monitoring Reports
BELGRAVE WPCP,1.40833333333333,0.018265236036725214,0.014886782923875236,-73.745556,40.777778,Discharge Monitoring Reports
BELL ACRES BORO STP #3,0.002,2.593879673854474e-05,3.385157203170845e-06,-79.71216,40.2313,Discharge Monitoring Reports
BELLE VERNON STP,0.61975,0.008037784639356551,0.005208596220943355,-79.8623,40.122,Discharge Monitoring Reports
BELLOWS FALLS WASTE WATER TREATMENT FACILITY,0.368483333333333,0.004779007142437376,0.002678189504869099,-72.443236,43.129514,Discharge Monitoring Reports
BELMONT (V) WWTF,0.13478904109589,0.0017481327697848222,0.0007397088164390381,-78.040167,42.230194,Discharge Monitoring Reports
BENNINGTON WASTEWATER TREATMENT FACILITY,3.89083333333333,0.05046176748844387,0.054630234649860596,-73.256879,42.914957,Discharge Monitoring Reports
BENNINGTON WATER TREATMENT FACILITY,0.108333333333333,0.0014050181566711692,0.0005593176068991123,-73.13255,42.89579,Discharge Monitoring Reports
BENS CREEK WTP,0.1176075,0.0015252985187142003,0.0006212941110330067,-78.61036,40.38797,Discharge Monitoring Reports
BENSON STP,0.09645,0.0012508984727163202,0.00048206077299704005,-78.91808,40.208965,Discharge Monitoring Reports
BENTON MWSA WWTP,0.0765714285714286,0.000993085360847142,0.0003588094103150322,-76.386608,41.191194,Discharge Monitoring Reports
BERGEN (V) STP,0.0,0.0,0.0,-77.93554,43.09364,Discharge Monitoring Reports
BERGEN COUNTY UTILITIES AUTHORITY,83.34625,1.0809507188349672,2.7546741953045726,-74.0332,40.8369,Discharge Monitoring Reports
BERGEN COUNTY UTILITIES AUTHORITY,3.88325,0.05036341621747693,0.05449405023100319,-73.98306,40.81476,Discharge Monitoring Reports
BERGEN POINT STP & BERGEN AVE DOCK,28.8860273972603,0.37463439662078474,0.7100808360875328,-73.342389,40.674306,Discharge Monitoring Reports
BERK CO PSSD - HONEYWOOD WWTP,0.05,0.0007722990242405556,0.00020799704104064963,-77.9306,39.5894,Clean Watershed Needs Survey
BERK CO PSSD - MARLOWE GARDENS TP,0.015,0.00023168970727216668,4.4576230970454535e-05,-77.8878,39.5839,Clean Watershed Needs Survey
BERK CO PSSD - MARLOWE WWTP,0.05,0.0007722990242405556,0.00020799704104064963,-77.8692,39.5972,Clean Watershed Needs Survey
BERK CO PSSD - NORTHWINDS WWTP,0.013,0.00020079774630254446,3.7118751828985345e-05,-77.8494,39.5991,Clean Watershed Needs Survey
BERK CO PSSD - POTOMAC WWTP,0.04,0.0006178392193924444,0.00015634128750078937,-77.89618,39.55306,Clean Watershed Needs Survey
BERK CO PSSD - TOMAHAWK WWTP,0.006,9.267588290886667e-05,1.3803589324417128e-05,-78.02,39.5514,Clean Watershed Needs Survey
BERK CO PSSD - WOODS II WWTP,0.1,0.0015445980484811112,0.000504876317171055,-78.0811,39.5629,Clean Watershed Needs Survey
BERKELEY CO PSSD - MIDWAY WWTP,0.015,0.00023168970727216668,4.4576230970454535e-05,-77.862199,39.583926,Clean Watershed Needs Survey
BERKELEY HEIGHTS WPCF,1.36883333333333,0.017752944801138953,0.014354709963882108,-74.441069,40.689407,Discharge Monitoring Reports
BERKS-MONTGOMERY MORYSVILLE STP,0.34,0.004409595445552607,0.002416248441255905,-75.650742,40.321207,Discharge Monitoring Reports
BERLIN BORO STP,0.321666666666667,0.00417182314211595,0.0022508345153791913,-78.955754,39.899182,Discharge Monitoring Reports
BERNARDSVILLE BORO,0.602896833333333,0.007819209207072804,0.005028079652281231,-74.57877,40.713771,Discharge Monitoring Reports
BERNE WWTP,0.00818325,0.00010613182920534812,2.0531381162825444e-05,-74.146639,42.626,Discharge Monitoring Reports
BERNVILLE STP,0.306316666666667,0.003972742877147619,0.0021143440418202233,-76.24688,40.42281,Discharge Monitoring Reports
BERRY BROW WWTP,0.0344166666666667,0.0004463634605424578,0.0001289859170559009,-75.247945,40.30362,Discharge Monitoring Reports
BERRYSBURG STP,0.016125,0.00020913154870451698,4.889745973270872e-05,-76.815078,40.599789,Discharge Monitoring Reports
BERWICK AREA JT SEW AUTH,1.38554166666667,0.017969641832225634,0.014579258286812866,-76.26222,41.04243,Discharge Monitoring Reports
BERWICK TWP STP,0.05825,0.0007554674550101155,0.0002528787621203274,-77.014671,39.873076,Discharge Monitoring Reports
BESSEMER STP,0.133786666666667,0.0017351325764970572,0.0007326784306431696,-79.90064,39.8487,Discharge Monitoring Reports
BETHEL COURT PLAN STP,0.0075166666666666,9.74866444090298e-05,1.8416574250588028e-05,-79.677535,39.943082,Discharge Monitoring Reports
BETHEL KAUNEONGA LAKE STP,0.27175,0.0035244340068497667,0.0018140414130334828,-74.824556,41.687806,Discharge Monitoring Reports
BETHEL TOWNSHIP STP,0.0082484166666666,0.00010697700166574486,2.0740789949577534e-05,-78.180259,39.752619,Discharge Monitoring Reports
BETHLEHEM CITY STP,18.0,0.2780276487266,0.3877092997083256,-75.336528,40.620028,Clean Watershed Needs Survey
BEVERLY SEWERAGE AUTHORITY,0.5295,0.0068672964365297205,0.004258682141758046,-74.92367,40.0678,Discharge Monitoring Reports
BIG BAY SEWER DISTRICT STP,0.028475,0.00036930361856503076,0.00010121477210466765,-76.121083,43.241278,Discharge Monitoring Reports
BIG HILL MEMBRANE FILTRATION FACILITY,0.0002,2.5938796738544743e-06,1.779147036942267e-07,-77.237177,39.991408,Discharge Monitoring Reports
BIG RUN AREA WWTP,0.0403333333333333,0.0005230990675606518,0.00015801003955259954,-78.891667,40.966667,Discharge Monitoring Reports
BIG RUN STP,0.549113333333333,0.007121669569879046,0.004461533305242444,-79.926154,39.852527,Discharge Monitoring Reports
BIGLERVILLE STP,0.268916666666667,0.0034876873781368328,0.0017898792444714369,-77.2483,39.91914,Discharge Monitoring Reports
BINGHAMTON (C) CSO'S,7.56055555555556,0.09805585689301544,0.12780405168913492,-75.91208,42.09713,Discharge Monitoring Reports
BINGHAMTON-JOHNSON (C) JNT STP,,,,-75.963333,42.098056,Discharge Monitoring Reports
BIRD ISLAND STP,0.479346093189964,0.006216830439335001,0.003749601499178395,-78.904722,42.920556,Discharge Monitoring Reports
BIRDSBORO STP,0.9,0.01390138243633,0.008394819753785978,-75.8085,40.257,Clean Watershed Needs Survey
BIRDSBORO STP,0.972833333333333,0.012617063046907134,0.009273608933484565,-75.7964,40.26668,Discharge Monitoring Reports
BLACK LICK STP,0.1096525,0.0014221269546866387,0.0005680458558009119,-79.192517,40.480851,Discharge Monitoring Reports
BLACKBERRY HILL SAN SD STP,,,,-73.60972,41.40937,Discharge Monitoring Reports
BLACKLEGS STP,0.0358669166666667,0.0004651723305274951,0.0001359800679553315,-79.445873,40.50451,Discharge Monitoring Reports
BLACKLICK VALLEY MUNIC AUTH WWTP,0.110066666666667,0.0014274984471779168,0.0005707922571853256,-78.971427,40.445123,Discharge Monitoring Reports
BLAIRSVILLE BORO STP,0.697083333333333,0.009040751446580278,0.006054183986730938,-79.290325,40.438102,Discharge Monitoring Reports
BLAIRSVILLE STP,0.72,0.011121105949064,0.006309978844302222,-79.2906,40.4384,Clean Watershed Needs Survey
BLIND BROOK SD WWTP,3.61666666666667,0.04690599076886845,0.04975462402155884,-73.690778,40.96475,Discharge Monitoring Reports
BLOOMFIELD (V) WWTF,0.219506849315069,0.002846871773550972,0.0013804554639876877,-77.422083,42.904722,Discharge Monitoring Reports
BLOOMFIELD STP,0.108,0.001400695023881416,0.0005571167924024441,-77.181341,40.417236,Discharge Monitoring Reports
BLOOMFIELD TWP STP,0.1565,0.002029710844791126,0.0008954477081488318,-79.840033,41.795285,Discharge Monitoring Reports
BLOOMING GROVE TAPPAN HOMES SD,0.0294166666666667,0.00038151646869609597,0.00010551665315015809,-74.188861,41.406472,Discharge Monitoring Reports
BLOOMINGBURG (V) WWTP,0.0579082191780822,0.0007510347633756863,0.0002509820445449838,-74.432611,41.553917,Discharge Monitoring Reports
BLOOMSBURG STP,2.29195833333333,0.029725320670773513,0.027758026595648473,-76.459322,40.985131,Discharge Monitoring Reports
BLOSSBURG MUNICIPAL AUTHORITY WASTEWATER TREATMENT PLANT,0.49775,0.006455518038305323,0.003934759703056471,-77.072997,41.694168,Discharge Monitoring Reports
BLYTH TWP. MUN AUT WTP STP,0.0286666666666667,0.00037178941991914175,0.00010208719968081714,-76.133889,40.746111,Discharge Monitoring Reports
BOICEVILLE WWTP,,,,-74.267028,42.003278,Discharge Monitoring Reports
BOLIVAR (V) WWTF,0.171333333333333,0.002222090253935329,0.0010054363063825365,-78.175028,42.06425,Discharge Monitoring Reports
BONNEAUVILLE STP,0.44625,0.005787594022287796,0.003421637125512654,-77.14962,39.815021,Discharge Monitoring Reports
BOONSBORO WWTP,0.46,0.007105151023013112,0.0035570952779061986,-77.668705,39.506359,Clean Watershed Needs Survey
BOONSBORO WWTP,0.531666666666667,0.006895396799663147,0.004280989309074824,-77.67451,39.50743,Discharge Monitoring Reports
BORDENTOWN SEWERAGE AUTHORITY,1.708275,0.02215529899926876,0.01905806286463302,-74.70424,40.13642,Discharge Monitoring Reports
BORO OF CATAWISSA,0.0805555555555556,0.0010447570908580525,0.0003828658907536565,-76.4663,40.9512,Discharge Monitoring Reports
BOROUGH OF PALMERTON,0.5785,0.007502796956624066,0.004769257443488562,-75.605177,40.797227,Discharge Monitoring Reports
BOWMANSTOWN BORO STP,0.0551666666666667,0.0007154784767048595,0.0002358819717289882,-75.670777,40.804137,Discharge Monitoring Reports
BOYERTOWN BORO STP,0.561666666666667,0.0072844787507413186,0.004592437471314888,-75.61343,40.32922,Discharge Monitoring Reports
BRADFORD STP,5.05658333333333,0.06558084363742313,0.07639125304058969,-78.62869,41.98468,Discharge Monitoring Reports
BRADY TWP SEW SYS,0.0180213333333333,0.0002337258511454467,5.6371987028089225e-05,-76.94954,41.17885,Discharge Monitoring Reports
BRADYS BEND STP,0.0358333333333333,0.0004647367748989262,0.00013581719711518086,-79.621973,40.998347,Discharge Monitoring Reports
BRANFORD WATER POLLUTION CONTROL FACILITY,3.675,0.047662539007075955,0.05078361245891261,-72.805216,41.263575,Discharge Monitoring Reports
BRANFORD WPCF,4.0,0.061783921939244445,0.05659886004025106,-72.80614,41.26272,Clean Watershed Needs Survey
BRATTLEBORO WASTEWATER TREATMENT FACILITY,1.16416666666667,0.015098541268227959,0.011668354537863987,-72.549205,42.841045,Discharge Monitoring Reports
BRATTON TWP STP,0.03975,0.0005155335851785767,0.00015509226874384926,-77.811187,40.38883,Discharge Monitoring Reports
BREWERTON WPCP,,,,-76.155306,43.242139,Discharge Monitoring Reports
BREWSTER (V) STP,,,,-73.6185,41.392194,Discharge Monitoring Reports
BRIAR CREEK PARK STP,0.0001555555555555,2.017461968552759e-06,1.2899593039604662e-07,-76.280197,41.065837,Discharge Monitoring Reports
BRICK ROW WWTP,0.0084166666666666,0.00010915910294137492,2.1283583373281644e-05,-73.79787,42.27621,Discharge Monitoring Reports
BRIDGEPORT BORO STP,0.4725,0.006128040729481195,0.0036812255132530787,-75.325448,40.102234,Discharge Monitoring Reports
BRIDGEPORT EAST SIDE,7.74,0.11955188895243801,0.13169759854936544,-73.1713,41.173,Clean Watershed Needs Survey
BRIDGEPORT WESTSIDE,21.0,0.32436559018103334,0.4722323465260958,-73.2121,41.1607,Clean Watershed Needs Survey
BRISTOL BOROUGH WPC PLANT,1.59083333333333,0.020632151239117418,0.017398185788243325,-74.862687,40.086825,Discharge Monitoring Reports
BRISTOL STP,9.0,0.1390138243633,0.15972701507397488,-72.92064,41.66023,Clean Watershed Needs Survey
BRISTOL TOWNSHIP WASTEWATER TREATMENT PLANT,3.68133333333333,0.047744678530081304,0.05089560735406034,-74.891277,40.083443,Discharge Monitoring Reports
BRISTOL WATER RECLAMATION FACILITY,8.59416666666667,0.11146117115192168,0.15057104897960338,-72.9197,41.66049,Discharge Monitoring Reports
BROAD LANE MHP,0.0092666666666666,0.00012018309155525644,2.4071384460224785e-05,-77.85939,39.5795,Discharge Monitoring Reports
BROAD TOP CITY STP,0.01725,0.00022372212186994842,5.330379855136701e-05,-78.147484,40.205019,Discharge Monitoring Reports
BROAD TOP TWP HESS MHP STP,0.00048475,6.286915859504782e-06,5.522209428753126e-07,-78.20491,40.11506,Discharge Monitoring Reports
BROAD TOP TWP KEARNEY STP,0.0005583333333333,7.241247422843308e-06,6.616601333240698e-07,-78.2274,40.16041,Discharge Monitoring Reports
BROAD TOP TWP LANGDONDALE STP,0.0041765833333333,5.4167773072463065e-05,8.683785610094915e-06,-78.2547,40.1315,Discharge Monitoring Reports
BROADALBIN (V) WWTP,0.101916666666667,0.0013217978504683468,0.0005172894844155817,-74.204583,43.054611,Discharge Monitoring Reports
BROCKWAY AREA SEWAGE AUTHORITY,0.551416666666667,0.007151542417456278,0.00448549007282554,-78.799445,41.253066,Discharge Monitoring Reports
BROCTON (V) STP,0.200666666666667,0.0026025259394339933,0.0012307273026268188,-79.44206,42.38846,Discharge Monitoring Reports
BRODHEAD CREEK REGIONAL AUTHORITY WWTP,2.31783333333333,0.030060903853578434,0.028159576798284024,-75.185717,40.98778,Discharge Monitoring Reports
BROOKHAVEN BORO STP,0.1821,0.0023617274430444988,0.0010869684876817346,-75.393842,39.863486,Discharge Monitoring Reports
BROOKVILLE MUNI AUTH,0.945083333333333,0.012257162242159827,0.008936537050235943,-79.08853,41.154868,Discharge Monitoring Reports
BROWN TWP STP,0.404083333333333,0.005240717724383472,0.003013588180271771,-77.596229,40.662939,Discharge Monitoring Reports
BROWNSTOWN WWTP,0.27,0.00350173755970354,0.0017991093643825666,-76.198122,40.130113,Discharge Monitoring Reports
BRUIN BORO BEAR CREEK WATERSHED AUTHORITY,0.028225,0.0003660612689727127,0.00010007928747315387,-79.726087,41.064124,Discharge Monitoring Reports
BRUSH CREEK STP,3.96333333333333,0.05140204887021611,0.05593594694869383,-79.730035,40.340854,Discharge Monitoring Reports
BUCHANAN (V) WWTP,0.303304109589041,0.003933671824297717,0.0020877773783269256,-73.941556,41.272528,Discharge Monitoring Reports
BUCK CO W&S AUTH -HARVEY AVENUE STP,0.85,0.013129083412089444,0.0078028435987225996,-75.1391,40.3151,Clean Watershed Needs Survey
BUCKINGHAM VILLAGE WWTP,0.17075,0.0022145247715532577,0.001001058889796282,-75.0641,40.3271,Discharge Monitoring Reports
BUENA BOROUGH MUA CS-SEPTICS,0.350833333333333,0.004550097261219719,0.002515179809545591,-74.922087,39.522977,Discharge Monitoring Reports
BUFFALO TWP MUN AUTH STP,0.429583333333333,0.005571437382799918,0.003259004666799923,-79.693643,40.705295,Discharge Monitoring Reports
BUFFINGTON STP,0.118916666666667,0.001542277622745977,0.0006301559789344758,-79.844984,39.928082,Discharge Monitoring Reports
BURLINGTON CITY STP,2.15983333333333,0.0280117389112334,0.025727537372106257,-74.871943,40.079611,Discharge Monitoring Reports
BURLINGTON TWP DPW,1.30166666666667,0.016881833544002914,0.013459819741862429,-74.87636,40.071944,Discharge Monitoring Reports
BURNHAM STP,0.480666666666667,0.006233957482830258,0.003762822386982358,-77.558333,40.640833,Discharge Monitoring Reports
BURNSIDE BOROUGH STP,0.0119333333333333,0.00015476815387331652,3.326783026940997e-05,-78.783641,40.809232,Discharge Monitoring Reports
BURNT CABINS STP,0.0078583333333333,0.00010191785551853162,1.949428121973329e-05,-77.898309,40.081131,Discharge Monitoring Reports
BUTLER AREA SEWER AUTHORITY WASTEWATER TREATMENT,7.231,0.09378171960820851,0.1207207790477067,-79.920039,40.839183,Discharge Monitoring Reports
BUTLER AREA STP,6.53,0.10086225256581656,0.10595587229013052,-79.920039,40.839183,Clean Watershed Needs Survey
BUTLER TWP - ST JOHNS STP,1.30666666666667,0.016946680535849273,0.013526001356019633,-76.008799,41.024448,Discharge Monitoring Reports
BUTLER TWP MUNICIPAL AUTHORITY - WWTP,0.114166666666667,0.0014806729804919332,0.0005981345755939663,-76.338817,40.762672,Discharge Monitoring Reports
BUTTERWORTH WATER POLLUTION CONTROL UTILITY,1.43916666666667,0.018665125819777865,0.015305027421126688,-74.494711,40.812433,Discharge Monitoring Reports
BYRON (T)  WWTF,0.0026666666666666,3.458506231805879e-05,4.8912666392966325e-06,-78.064833,43.094472,Discharge Monitoring Reports
Bainbridge (V) STP,0.238,0.0036761433553850445,0.0015309645374807857,-75.4853,42.29351,Clean Watershed Needs Survey
Barre Sewerage Collection System and WWTF,0.3,0.004633794145443334,0.0020587242847468178,-72.12048,42.37624,Clean Watershed Needs Survey
Batavia (C/T) Joint WWTP,7.0,0.10812186339367778,0.1158090618202728,-78.20441,42.99336,Clean Watershed Needs Survey
Bath (V) WWTP and Sewers,0.8,0.01235678438784889,0.007220520853362259,-77.30812,42.33187,Clean Watershed Needs Survey
Bayshore Regional SA - CS/STP,10.29,0.15893913918870634,0.18958449670622315,-74.18183333,40.449411111,Clean Watershed Needs Survey
Beacon (C) WPCP,2.5,0.03861495121202777,0.03102153718731756,-73.9819,41.4956,Clean Watershed Needs Survey
Bedminster Township - CS/STP,2.1,0.032436559018103335,0.02481925445835181,-74.64386277,40.6559458,Clean Watershed Needs Survey
Beekman (T) Dover Ridge Estates WWTP,0.028,0.0004324874535747111,9.905975015689503e-05,-73.655556,41.631944,Clean Watershed Needs Survey
Bellows Falls WWTF,1.2,0.018535176581773335,0.0121298064876105,-72.442839,43.131761,Clean Watershed Needs Survey
Belmont (V) STP,0.155,0.0023941269751457223,0.0008844821911310866,-78.0402,42.2302,Clean Watershed Needs Survey
Bennington WWTF,4.25,0.06564541706044723,0.06116346198964608,-73.256879,42.914957,Clean Watershed Needs Survey
Bergen (V) WWTP,0.21,0.0032436559018103337,0.0013044328631867143,-77.9423,43.0856,Clean Watershed Needs Survey
Bergen County UA-Edgewater MUA - STP,5.4,0.08340829461798001,0.0830906978614849,-73.98323458,40.81484009,Clean Watershed Needs Survey
Bergen County UA-Little Ferry WPCF - CS/CSO/STP,67.23,1.038433267993851,2.0925504346954478,-74.03232825,40.83266671,Clean Watershed Needs Survey
Berkeley Heights Township - CS/STP,3.1,0.04788253950291445,0.04084923571745123,-74.44062098,40.68844264,Clean Watershed Needs Survey
Bernards Township SA - CS/STP,2.5,0.03861495121202777,0.03102153718731756,-74.57528001,40.65722321,Clean Watershed Needs Survey
Bernardsville Borough - CS/STP,0.5,0.007722990242405556,0.003957529462697384,-74.57733084,40.71388735,Clean Watershed Needs Survey
Bethel (T) - Kauneonga Lake STP,0.6,0.009267588290886667,0.004997191930006617,-74.8246,41.6878,Clean Watershed Needs Survey
Bethlehem (T) Cedar Hill STP,5.0,0.07722990242405554,0.07529933776825676,-73.76625,42.54322,Clean Watershed Needs Survey
Bethlehem (T) S. Albany SD STP,0.009,0.00013901382436329999,2.3188751994485185e-05,-73.848722,42.551111,Clean Watershed Needs Survey
Beverly City SA - CS/STP,1.0,0.015445980484811111,0.009606208291357922,-74.9254,40.0684,Clean Watershed Needs Survey
Bloomfield (V) STP,0.323,0.004989051696593989,0.0022627777653472943,-77.4202,42.9032,Clean Watershed Needs Survey
Blooming Grove (T) Glenwood Hills STP,0.012,0.00018535176581773333,3.3505790789069086e-05,-74.1398,41.385,Clean Watershed Needs Survey
Blooming Grove (T) Tappan SD WWTP,0.07,0.001081218633936778,0.00031989580384417314,-74.1889,41.4065,Clean Watershed Needs Survey
Bloomingburg (V) STP,0.325,0.005019943657563611,0.0022807184671717346,-74.432611,41.553917,Clean Watershed Needs Survey
Bolivar (V) WWTP,0.4,0.006178392193924445,0.0029746829494535767,-78.1693,42.0651,Clean Watershed Needs Survey
Boonville (V) STP,1.1,0.016990578533292222,0.010851966255550849,-75.3297,43.488,Clean Watershed Needs Survey
Bordentown SA - Black's Creek CS/WTP,2.7,0.041704147308990004,0.034231392333928815,-74.70710761,40.13481907,Clean Watershed Needs Survey
Brattleboro WWTF,2.94,0.04541118262534467,0.03817157838421303,-72.5492,42.841,Clean Watershed Needs Survey
Broadalbin (V) WWTP,0.15,0.002316897072721667,0.0008481454664881528,-74.204583,43.054611,Clean Watershed Needs Survey
Buena Borough MUA - CS/STP,0.4,0.006178392193924445,0.0029746829494535767,-74.92426106,39.52337777,Clean Watershed Needs Survey
Buffalo Sewer Authority Bird Island STP,180.0,2.7802764872659997,7.376888483031841,-78.903,42.925,Clean Watershed Needs Survey
Burdett (V) WWTP and Sewers,0.0,0.0,0.0,-76.849036,42.421366,Clean Watershed Needs Survey
Burlington City - CS/STP,2.5,0.03861495121202777,0.03102153718731756,-74.87405842,40.07251342,Clean Watershed Needs Survey
Burlington County STP - Sludge Mgmt,0.05,0.0007722990242405556,0.00020799704104064963,-74.76997279,40.07647354,Clean Watershed Needs Survey
Burlington Fish Hatchery,0.114,0.0017608417752684668,0.000597017674078235,-72.954448,41.768914,Clean Watershed Needs Survey
Burlington Township - Central Ave STP/CS,3.65,0.05637782876956055,0.050342054366394565,-74.87687434,40.07162222,Clean Watershed Needs Survey
Byron (T) 3 STP and Sewers,0.084,0.0012974623607241334,0.0004039340059198232,-78.064833,43.094472,Clean Watershed Needs Survey
CADOGAN TWP SANI SEW SYS,0.0245555833333333,0.0003184711424398647,8.374586277764869e-05,-79.573083,40.755572,Discharge Monitoring Reports
CAERNARVON TWP STP,0.328833333333333,0.004264770497095727,0.0023151909819939666,-75.882133,40.138069,Discharge Monitoring Reports
CAIRO WWTP,0.05075,0.0006581969672405728,0.0002119969426984531,-73.998111,42.312528,Discharge Monitoring Reports
CALDWELL BORO MUA CALDWELL WWTP,4.78833333333333,0.062101802524865836,0.07124550075289363,-74.31012,40.83853,Discharge Monitoring Reports
CALIFORNIA BORO STP,0.722083333333333,0.009364986405812086,0.006333347013483022,-79.895874,40.069747,Discharge Monitoring Reports
CALIFORNIA STP,1.01,0.015600440289659222,0.009729278208732987,-79.892,40.0668,Clean Watershed Needs Survey
CALVERTON ENTERPRISE PARK,0.0296083333333333,0.00038400227005020565,0.00010639702013221927,-72.65497,40.92345,Discharge Monitoring Reports
CAMDEN (V) WWTP,0.392002739726027,0.005084039693353037,0.002898808313739406,-75.720417,43.352556,Discharge Monitoring Reports
CANAAN FIRE DISTRICT,0.3976,0.005156632791622694,0.0029518678473233325,-73.338306,42.03,Discharge Monitoring Reports
CANAJOHARIE (V) WWTP,,,,-74.59387,42.85456,Discharge Monitoring Reports
CANANDAIGUA - C STP,,,,-77.26999,42.88505,Discharge Monitoring Reports
CANASERAGA (V) WWTF,,,,-77.766852,42.467242,Discharge Monitoring Reports
CANASTOTA VILLAGE WPC,0.0,0.0,0.0,-75.760013,43.095793,Discharge Monitoring Reports
CANISTEO (V) STP,,,,-77.59385,42.26614,Discharge Monitoring Reports
CANTON BORO AUTH SEW SYS & STP,0.227833333333333,0.0029548612617992173,0.00144780051120308,-76.8466,41.65139,Discharge Monitoring Reports
CANTON WPCF,0.646,0.009978103393187977,0.005492495946237168,-72.9212,41.8166,Clean Watershed Needs Survey
CANTON WPCF,0.660416666666667,0.008565206839706964,0.005649800675261043,-72.92158,41.81764,Discharge Monitoring Reports
CARLISLE BORO STP,5.0,0.07722990242405554,0.07529933776825676,-77.1464,40.2372,Clean Watershed Needs Survey
CARLISLE REGION WATER POLLUTION CONTROL FACILITY,4.10991666666667,0.05330314651451205,0.05859623385294225,-77.14222,40.23483,Discharge Monitoring Reports
CARMEL (T) SD NO.4 STP,0.131441095890411,0.00170471193469647,0.0007162848106762902,-73.792528,41.383722,Discharge Monitoring Reports
CARMEL HILLSDALE ESTATES STP,0.0292147945205479,0.00037889830841342134,0.00010459114148228906,-73.782389,41.342833,Discharge Monitoring Reports
CARMEL SEWER DISTRICT #2 WWTP,,,,-73.669778,41.416083,Discharge Monitoring Reports
CARMICHAELS CUMBERLAND JT SEW AUTH WWTP,0.522308333333333,0.0067740248465906995,0.004184822613524483,-79.966214,39.901964,Discharge Monitoring Reports
CARNEYS POINT STP,1.03366666666667,0.013406034781037919,0.01002189737195923,-75.475752,39.712808,Discharge Monitoring Reports
CARROLLTOWN BORO STP,0.107166666666667,0.0013898871919070268,0.0005516230640228047,-78.70714,40.60281,Discharge Monitoring Reports
CASTILE (V) WWTP,0.0751666666666667,0.000974866444090307,0.00035040948099070705,-78.041667,42.625,Discharge Monitoring Reports
CASTLETON-ON-HUDSON (V) STP,0.171166666666667,0.0022199286875404585,0.0010041851904232831,-73.754972,42.539778,Discharge Monitoring Reports
CATASAQUA MUN SEW AUTH,1.27,0.01647113592897591,0.013042326085443312,-75.47423,40.65367,Discharge Monitoring Reports
CATHARINE VALLEY WATER RECLAMATION FACILITY,0.0,0.0,0.0,-76.85885,42.3786,Discharge Monitoring Reports
CATSKILL (V) WWTP,0.963333333333333,0.012493853762399048,0.009157908527365382,-73.855361,42.212278,Discharge Monitoring Reports
CATSKILL - T SD 4,0.0127506849315068,0.00016536871235779007,3.621046442990744e-05,-73.918333,42.132722,Discharge Monitoring Reports
CATTARAUGUS (V) WWTP,0.0404054794520548,0.0005240347593151478,0.00015837173007983744,-78.861,42.3278,Discharge Monitoring Reports
CAVENDISH WASTEWATER TREATMENT FACILITY,0.06525,0.0008462532435950222,0.00029239196250966304,-72.6015,43.3866,Discharge Monitoring Reports
CAYUGA (V) WPCP,0.0713130779392338,0.0009248877167328924,0.00032759291108846436,-76.718917,42.937583,Discharge Monitoring Reports
CAYUGA AND AURELIUS JOINT WWTP,,,,-76.72996,42.9177,Discharge Monitoring Reports
CAYUGA HEIGHTS (V) WWTP,1.24166666666667,0.01610366964184657,0.012671234336672731,-76.50062,42.4676,Discharge Monitoring Reports
CAZENOVIA WWTP,0.725315068493151,0.00940690006652375,0.006369633757404894,-75.8425,42.941944,Discharge Monitoring Reports
CECO UTILITIES WWTP,0.036875,0.0004782465648669187,0.00014088873019843723,-75.846302,39.650852,Discharge Monitoring Reports
CEDAR CREEK WPCP,0.009084,0.00011781401478647022,2.346600346642817e-05,-73.506472,40.652306,Discharge Monitoring Reports
CEDAR GROVE TWP MUA STP,1.62483333333333,0.02107311078367268,0.017875320891076452,-74.223859,40.864967,Discharge Monitoring Reports
CEDAR HILL WPCP,4.37380821917808,0.05672566118531828,0.0634522165236045,-73.76625,42.54322,Discharge Monitoring Reports
CELANESE WWTP,1.46916666666667,0.019054207770856035,0.015714378448585326,-78.811272,39.60664,Discharge Monitoring Reports
CENTERPORT STP,0.0717308333333333,0.0009303057528598811,0.0003300500926742631,-75.999948,40.481192,Discharge Monitoring Reports
CENTRAL BRIDGE SD WWTP,,,,-74.333333,42.716667,Discharge Monitoring Reports
CENTRAL CARBON MUN. AUTH. WWTP,0.987166666666667,0.012802957756866712,0.009448771951825898,-75.7067,40.83335,Discharge Monitoring Reports
CENTRAL CARBON Municipal Authority ,1.44,0.022242211898128,0.015316366350211571,-75.705,40.8266,Clean Watershed Needs Survey
CENTRAL HAMPSHIRE PSD - GREEN SPRING TP,0.04,0.0006178392193924444,0.00015634128750078937,-78.6125,39.5364,Clean Watershed Needs Survey
CENTRAL HAMPSHIRE PSD GREEN SPRING,0.0132166666666667,0.0001714122151138836,3.791206220757933e-05,-78.612237,39.536491,Discharge Monitoring Reports
CENTRAL SQUARE (V) WWTP,0.329917808219178,0.004278835483911722,0.0023249639278423587,-76.131556,43.2815,Discharge Monitoring Reports
CENTRE HALL POTTER STP,0.12075,0.0015660548530896387,0.0006426118104522179,-77.66838,40.83642,Discharge Monitoring Reports
CENTRE TWP DAUBERVILLE STP,0.0334158333333333,0.0004333832543412102,0.00012420677239914575,-75.979947,40.462023,Discharge Monitoring Reports
CENTRE TWP KINGSGATE E STP,0.0107,0.00013877256255121436,2.8934143745381806e-05,-76.051111,40.467778,Discharge Monitoring Reports
CENTRE TWP MA-HILLCREST ESTATES STP,0.0103158333333333,0.00013379015201101847,2.761181637688185e-05,-76.01013,40.44311,Discharge Monitoring Reports
CHALFONT-NEW BRITAIN TOWNSHIP JT SEWAGE AUTHORITY,4.73083333333333,0.06135606211863266,0.07015279090472523,-75.17797,40.29013,Discharge Monitoring Reports
CHAMBERSBURG BORO STP,7.1425,0.0926339278525279,0.11883375781335022,-77.674167,39.925278,Discharge Monitoring Reports
CHAPEL HILL ESTATES STP,0.0045653333333333,5.920962668851769e-05,9.731019518514377e-06,-74.226766,41.03666,Discharge Monitoring Reports
CHAPEL HILL WWTP,0.175933333333333,0.0022817494864339812,0.001040100491813543,-75.059051,40.159732,Discharge Monitoring Reports
CHARLEMONT WASTEWATER TREATMENT FACILITY,0.0197775,0.0002565022762482843,6.349359332177859e-05,-72.87252,42.62751,Discharge Monitoring Reports
CHARLESTOWN WASTEWATER TREATMENT PLANT,0.288166666666667,0.003737348296745326,0.0019554109175021735,-72.432518,43.225795,Discharge Monitoring Reports
CHATHAM (V) STP,0.268976047904192,0.003488457517061955,0.0017903849105206785,-73.602222,42.366528,Discharge Monitoring Reports
CHATHAM TWP DPW MAIN STP WATER POLLUTION CONTROL PLANT,0.878166666666667,0.011389293334616024,0.00813516205577198,-74.418236,40.72049,Discharge Monitoring Reports
CHAUTAUQUA HEIGHTS SD WWTP,0.00949425,0.00012313471046746421,2.4830297075026794e-05,-79.43514,42.22425,Discharge Monitoring Reports
CHAUTAUQUA UTILITY DIST STP,0.141594520547945,0.0018363957438924212,0.0007878233332312924,-79.46038,42.2031,Discharge Monitoring Reports
CHELSEA COVE WTP,,,,-73.74954,41.61291,Discharge Monitoring Reports
CHEMUNG CO ELMIRA SEWER DISTRICT WWTP,,,,-76.77893,42.07685,Discharge Monitoring Reports
CHEMUNG CO ELMIRA SWR DIST BAKER RD WWTP,0.0017134166666666,2.22219833225499e-05,2.7774585561957054e-06,-76.622247,42.004079,Discharge Monitoring Reports
CHEMUNG CO SD#1 STP,,,,-76.807708,42.120594,Discharge Monitoring Reports
CHENANGO NORTHGATE WWTP,,,,-75.891722,42.157889,Discharge Monitoring Reports
CHENANGO NORTHGATE WWTP,,,,-75.891722,42.157889,Discharge Monitoring Reports
CHERRY CREEK (T) WWTP,0.0294166666666667,0.00038151646869609597,0.00010551665315015809,-79.094972,42.29375,Discharge Monitoring Reports
CHERRY HILL WWTP,0.0770833333333333,0.0009997244576314115,0.00036188116201722807,-75.85661,39.66244,Discharge Monitoring Reports
CHERRY TREE WTP,0.0035,4.53928942924533e-05,6.92649780462989e-06,-78.809447,40.708348,Discharge Monitoring Reports
CHESAPEAKE CITY NORTH STP,0.0856166666666667,0.0011103966570492033,0.00041390658272939394,-75.813575,39.528148,Discharge Monitoring Reports
CHESAPEAKE CITY NORTH WWTP,0.0533416666666667,0.0006918093246809373,0.00022594513255326,-75.816543,39.532381,Discharge Monitoring Reports
CHESHIRE COUNTY MAPLEWOOD NURSING HOME,0.01275,0.00016535982920822272,3.6207975918646637e-05,-72.46554,42.97351,Discharge Monitoring Reports
CHESHIRE WPCF,2.85,0.044021044381711665,0.03668305552868499,-72.8661,41.5333,Clean Watershed Needs Survey
"CHESIRE,WATER POLLUTION CONTROL FACILITY",2.7025,0.035049799092958585,0.03427194805308542,-72.86655,41.53378,Discharge Monitoring Reports
CHESTER MTP,0.1275,0.0016535982920822274,0.0006889238941369215,-72.58938,43.2683,Discharge Monitoring Reports
"CHESTER, TOWN OF",0.005,7.722990242405556e-05,1.0931761718882706e-05,-72.4533,41.4027,Clean Watershed Needs Survey
CHESTNUT RIDGE AREA WWTP,0.545583333333333,0.0070758875936355135,0.0044248725641083085,-78.53615,40.10371,Discharge Monitoring Reports
CHICOPEE WATER POLLUTION CONTROL,9.82666666666667,0.12744595464204986,0.17873260014462153,-72.62166,42.15376,Discharge Monitoring Reports
CHICORA BORO SEWER AUTHORITY,0.129583333333333,0.0016806178720182071,0.0007033583768207166,-79.73825,40.94583,Discharge Monitoring Reports
CHITTENANGO (V) STP,0.771583333333333,0.010006971625091069,0.006894032375221214,-75.877861,43.062806,Discharge Monitoring Reports
CHRISTIANA BORO WWTF,0.181142,0.0023493027594067356,0.001079657972275892,-75.99094,39.947606,Discharge Monitoring Reports
CINNAMINSON TWP SEWERAGE AUTH,1.57958333333333,0.020486245507463106,0.017240933488714288,-75.00622,40.01453,Discharge Monitoring Reports
CITY OF ALLENTOWN WASTEWATER TREATMENT PLANT,37.6275,0.48800603713979607,0.9958675259343911,-75.45747,40.60525,Discharge Monitoring Reports
CITY OF BEACON WASTEWATER TREATMENT FACILITY,3.52383835616438,0.04570206343001774,0.04812671185182017,-73.98171,41.49434,Discharge Monitoring Reports
CITY OF BETHLEHEM WASTEWATER TREATMENT PLANT,2.57,0.03333135380902999,0.03213711666769481,-75.333639,40.618333,Discharge Monitoring Reports
CITY OF BETHLEHEM WATER TREATMENT PLANT,0.0,0.0,0.0,-75.49889,40.74359,Discharge Monitoring Reports
CITY OF DUBOIS SEWAGE TREATMENT PLANT,3.44658333333333,0.044700112262894616,0.04678099719182242,-78.777853,41.1278,Discharge Monitoring Reports
CITY OF LANCASTER WASTEWATER TREATMENT PLANT,21.4058333333333,0.2776207799262491,0.48393932137755585,-76.305556,40.016667,Discharge Monitoring Reports
CITY OF LOCK HAVEN WATER DEPT,2.72189166666667,0.03530129734300277,0.034586880708310806,-77.44834,41.13635,Discharge Monitoring Reports
CITY OF NIAGARA FALLS WASTEWATER TREATMENT PLANT,26.775,0.3472556413372677,0.6443798927410355,-79.069611,43.086306,Discharge Monitoring Reports
CITY OF OLEAN WASTEWATER TREATMENT FACILITY,3.50083333333333,0.045403702124427646,0.0477251141825823,-78.452272,42.074291,Discharge Monitoring Reports
CITY OF POUGHKEEPSIE WATER POLLUTION CONTROL PLANT,0.046828,0.0006073309868362865,0.00019126730982246232,-73.937575,41.713814,Discharge Monitoring Reports
CITY OF SALAMANCA WWTP,1.56909090909091,0.02035016507760375,0.017094552246923987,-78.74452,42.16399,Discharge Monitoring Reports
CITY OF WATERBURY WPCF,20.4158333333333,0.2647810755406694,0.45549193629817664,-73.04427,41.52161,Discharge Monitoring Reports
CITY OF WEST HAVEN WATER POLLUTION CONTROL FAC.,6.57583333333333,0.08528460210994018,0.10690825895585253,-72.932031,41.267212,Discharge Monitoring Reports
CITY OF WILMINGTON WATER POLLUTION CONTROL FAC.,71.7933333333333,0.9311163402579605,2.2759607536934086,-75.504334,39.72954,Discharge Monitoring Reports
CLAIRTON MUN AUTH STP,3.878475,0.050301487340263656,0.054408337045859644,-79.882271,40.303681,Discharge Monitoring Reports
CLAREMONT WASTEWATER TREATMENT FACILITY,1.49275,0.019360069415731332,0.016037819731340244,-72.379045,43.38962,Discharge Monitoring Reports
CLARK MILLS SEWAGE TREATMENT PLANT,0.2725,0.003534161055626721,0.001820449100701118,-75.37875,43.094639,Discharge Monitoring Reports
CLARKS SUMMIT / S ABINGTON STP,4.9,0.07568530437557446,0.07337803668632764,-75.5327,40.727,Clean Watershed Needs Survey
CLAY TWP - HOPELAND STP,0.0247033333333333,0.0003203873710489247,8.43910712655946e-05,-76.2539,40.23437,Discharge Monitoring Reports
CLEAR CREEK STATE PARK-TREATMENT PLANT 302,9.32e-05,1.208747928016185e-06,6.698163229009205e-08,-79.077047,41.322844,Discharge Monitoring Reports
CLEAR SPRING WWTP,0.2,0.0030891960969622223,0.0012254986626968037,-77.9213,39.6491,Clean Watershed Needs Survey
CLEAR SPRING WWTP,0.119833333333333,0.0015541662379178014,0.0006363772400449234,-77.92193,39.64937,Discharge Monitoring Reports
CLEARFIELD MUN SEW SYS STP,2.181,0.02828625784338304,0.02605054911285159,-78.40002,41.025058,Discharge Monitoring Reports
CLEVELAND (V) WWTP,0.037772602739726,0.0004898879323757754,0.00014529112698098798,-75.880694,43.2265,Discharge Monitoring Reports
CLIFTON SPRINGS (V) WWTP,0.221833333333333,0.002877044871583583,0.0013992015409381954,-77.131917,42.967472,Discharge Monitoring Reports
CLINTON (V) WWTP,,,,-75.382528,43.061167,Discharge Monitoring Reports
CLINTON TOWN  WWTP,1.35633333333333,0.017590827321523048,0.014187218199146276,-74.81611,40.65334,Discharge Monitoring Reports
CLINTON TWP BD OF ED ROUND VALLEY SCHOOL,0.0025153333333333,3.262236003150933e-05,4.538995177211163e-06,-74.83311,40.65774,Discharge Monitoring Reports
CLINTONVILLE SEW AUTH,0.0774166666666667,0.0010040475904211697,0.0003638844406458788,-79.88413,41.19353,Discharge Monitoring Reports
CLOVERHILL STP,0.380866666666667,0.0049396115255768746,0.002793873671991294,-74.711012,40.816249,Discharge Monitoring Reports
CLYDE (V) STP,0.258347945205479,0.0033506174192528067,0.0017003819587522902,-76.867944,43.080444,Discharge Monitoring Reports
CLYMER BORO STP,0.185166666666667,0.0024015002647102715,0.0011104423765284197,-79.024455,40.658627,Discharge Monitoring Reports
CLYMER TWP MUNI AUTH,0.0108141666666667,0.0001402532355317067,2.9329698364981323e-05,-77.523317,41.872292,Discharge Monitoring Reports
COALDALE LANSFORD STP,1.65,0.025485867799938333,0.018230298528757235,-75.9284,40.8149,Clean Watershed Needs Survey
COALDALE LANSFORD SUMMIT HLL SEW,1.24583333333333,0.016157708801718452,0.012725659677969464,-75.928376,40.814886,Discharge Monitoring Reports
COBLESKILL (V) WPCP,,,,-74.475722,42.674861,Discharge Monitoring Reports
COEYMANS-RAVENA WPCF,0.659405479452055,0.008552092349894748,0.005638735739755134,-73.7874,42.46563,Discharge Monitoring Reports
COLD BROOK FIRE DISTRICT NO. 1,0.0,0.0,0.0,-72.85709,42.89781,Discharge Monitoring Reports
COLD SPRING (V) WWTP,0.232115068493151,0.0030103927907986173,0.0014827016736485784,-73.964028,41.421278,Discharge Monitoring Reports
COLONIAL FURNITURE,0.0646666666666667,0.0008386877612129471,0.00028905191218476584,-76.93467,40.76423,Discharge Monitoring Reports
COLONIAL JT SEW AUTH - GRINDSTONE STP,0.0659166666666667,0.0008548995091745376,0.0002962193871982581,-79.830594,40.016692,Discharge Monitoring Reports
COLUMBIA CO COM CTR W & SD,0.0156666666666667,0.0002031872411186009,4.712643971528465e-05,-73.709278,42.283,Discharge Monitoring Reports
COLVER STP,0.0845,0.0010959141622035153,0.0004070126303296142,-78.799448,40.538906,Discharge Monitoring Reports
CONCORD TWP CENTRAL STP,1.15106666666667,0.014928642149590495,0.011500638006475165,-75.5024,39.890015,Discharge Monitoring Reports
CONCORD TWP SEW AUTH,1.2,0.018535176581773335,0.0121298064876105,-75.5108,39.8803,Clean Watershed Needs Survey
CONESTOGA TWP COLEMANVILLE STP,0.00125,1.6211747961590465e-05,1.8553868397419802e-06,-76.344371,39.899462,Discharge Monitoring Reports
CONESTOGA WATER TREATMENT PLANT,0.0,0.0,0.0,-76.274444,40.049722,Discharge Monitoring Reports
CONESUS LAKE COUNTY SEWER DISTRICT,1.03946301369863,0.013481209914781956,0.010093851969568034,-77.710222,42.84675,Discharge Monitoring Reports
CONEWAGO TWP STP,0.40355,0.005233800711919865,0.0030085004188542025,-76.75198,40.07127,Discharge Monitoring Reports
CONEY ISLAND WATER POLLUTION CONTROL PLANT,,,,-73.933184,40.589682,Discharge Monitoring Reports
CONFLUENCE BORO STP,0.136666666666667,0.0017724844438005614,0.0007529172638995698,-79.364757,39.817299,Discharge Monitoring Reports
CONNELLSVILLE STP,2.62916666666667,0.034098709879211986,0.033086699322665,-79.598643,40.021968,Discharge Monitoring Reports
CONOCOCHEAGUE WWTP,3.06041666666667,0.039691762925960695,0.04018311635163844,-77.80585,39.61955,Discharge Monitoring Reports
CONOY TWP BAINBRIDGE STP,0.066325,0.0008601953468419899,0.00029856903783825363,-76.661861,40.085556,Discharge Monitoring Reports
CONOY TWP FALMOUTH STP,0.0129916666666667,0.0001684941004807973,3.708831320503554e-05,-76.710556,40.12125,Discharge Monitoring Reports
CONSHOHOCKEN BORO AUTH,2.99,0.046183481649585224,0.03900407837159828,-75.2956,40.0735,Clean Watershed Needs Survey
CONSHOHOCKEN BORO AUTH,1.09308333333333,0.014176633200812097,0.010764744354554653,-75.29508,40.07356,Discharge Monitoring Reports
CONSOLIDATED KIAMESHA SEWER DISTRICT,0.432385205479452,0.005607775978842703,0.0032862239000161254,-74.657472,41.660944,Discharge Monitoring Reports
CONYNGHAM BORO AUTH WWTP,0.427,0.005537933103679302,0.0032339523634132747,-76.07599,41.00403,Discharge Monitoring Reports
COOPERSTOWN (V) WWTP,,,,-74.932667,42.685611,Discharge Monitoring Reports
CORFU (V) STP,0.133428571428571,0.0017304882967000507,0.0007301704062567018,-78.39109,42.96282,Discharge Monitoring Reports
CORINTH (V) STP,0.53294794520548,0.0069120142114550125,0.004294192821941838,-73.81343,43.24743,Discharge Monitoring Reports
CORNING (C) WWTP,,,,-77.04026,42.14084,Discharge Monitoring Reports
CORNWALL (T) FIRTHCLIFF STP,0.10073095890411,0.0013064199341462064,0.0005096025545432337,-74.046917,41.450667,Discharge Monitoring Reports
CORNWALL (T) WWTP,1.07166666666667,0.01389887191907027,0.010495651847984757,-74.02087,41.45254,Discharge Monitoring Reports
CORPORATION OF WOODBORO,0.0695384615384615,0.000901872009678632,0.00031719984818719696,-77.30982,39.52799,Discharge Monitoring Reports
CORRY CITY STP,2.75666666666667,0.03575230817129421,0.03515321757509186,-79.62921,41.9272,Discharge Monitoring Reports
COUDERSPORT AREA MUN AUTH STP,1.0415,0.013507628401597176,0.010119165338625885,-78.041671,41.761454,Discharge Monitoring Reports
COUNTRY CROSSING STP,0.0756333333333333,0.0009809188299959666,0.00035319514277154317,-75.07391,40.22193,Discharge Monitoring Reports
COUNTRY MANOR STP,0.03263,0.0004231914687893574,0.00012048215697823353,-73.738,41.355194,Discharge Monitoring Reports
COUNTY OF BERKS WWTP,0.2533,0.0032851486069366918,0.001657992421346361,-76.012222,40.375,Discharge Monitoring Reports
COVENTRY WPCF,0.2,0.0030891960969622223,0.0012254986626968037,-72.26996,41.75717,Clean Watershed Needs Survey
COVINGTON TWP SEWER AUTH,0.174166666666667,0.0022588368826482754,0.0010267571117000985,-75.5122,41.3283,Discharge Monitoring Reports
COXSACKIE (V) STP,0.8842,0.01146754203811063,0.008206736440395494,-73.79325,42.34925,Discharge Monitoring Reports
CRANERIDGESEWER DIST #1,0.0455,0.0005901076258018928,0.00018435548598566226,-78.65275,42.602306,Discharge Monitoring Reports
CRAWFORD PINE BUSH STP,0.21075,0.002733300706324152,0.0013103960066993031,-74.290194,41.619444,Discharge Monitoring Reports
CRESSON BORO STP,0.65,0.010039887315127222,0.0055360438516269235,-78.5759,40.4523,Clean Watershed Needs Survey
CRESSON BORO WWTP,0.884416666666667,0.011470352074423977,0.008209309335532005,-78.597776,40.457239,Discharge Monitoring Reports
CRESSONA BORO AUTH STP,0.347833333333333,0.004511189066111902,0.0024876967887506696,-76.193464,40.632028,Discharge Monitoring Reports
CRESTVIEW ESTATES WWTP,0.0416666666666667,0.0005403915987196825,0.0001647233945787547,-77.43272,39.50718,Discharge Monitoring Reports
CRUCIBLE WPCF,0.069205,0.0008975472141454944,0.0003152551265389236,-79.983058,39.948581,Discharge Monitoring Reports
CRYSTAL RUN WTP,0.02175,0.00028208441453167406,7.170546259935465e-05,-76.318056,40.6975,Discharge Monitoring Reports
CTL MAINLINE STP,0.0986135833333333,0.001278958846871438,0.0004959385461799943,-78.65183,40.40282,Discharge Monitoring Reports
CTL WAYNE REG AUTH,1.02725,0.013322814474835042,0.009942373639573784,-75.24426,41.55411,Discharge Monitoring Reports
CTR W JT SEW AUTH STP,0.12725,0.001650355942489909,0.0006871961588827697,-79.91282,40.022803,Discharge Monitoring Reports
CUBA (V) WWTF,0.656,0.008507925330242676,0.005601506102942245,-78.289,42.216778,Discharge Monitoring Reports
CUMBERLAND TWP SOUTH STP,0.312075,0.004047424996090674,0.0021653276749771366,-77.26118,39.82439,Discharge Monitoring Reports
CUMBERLAND TWP SOUTH STP,0.212666666666667,0.002758158719865262,0.0013256620633506798,-77.26118,39.82439,Discharge Monitoring Reports
CUMBERLAND WASTEWATER TREATMENT PLANT,12.1404166666667,0.15745390011895422,0.23425273891982543,-78.7587,39.625274,Discharge Monitoring Reports
CURWENSVILLE MUNI AUTH SEW SYS STP,0.45875,0.0059497115019037,0.0035447335882176994,-78.520928,40.963861,Discharge Monitoring Reports
CURWENSVILLE STP,0.75,0.011584485363608333,0.00664828307076811,-78.5209,40.9639,Clean Watershed Needs Survey
Cairo (T) WWTP and Sewers,0.089,0.0013746922631481888,0.00043494690400646357,-73.998111,42.312528,Clean Watershed Needs Survey
Caldwell Borough CS/STP,4.5,0.06950691218165,0.06580373327035247,-74.3133,40.839,Clean Watershed Needs Survey
Cambridge (V) WWTP and Sewers,0.0,0.0,0.0,-73.381137,43.027906,Clean Watershed Needs Survey
Camden County MUA - CS-CSO/WWTP,74.7,1.15381474221539,2.3945094624325285,-75.127815,39.922835,Clean Watershed Needs Survey
Canajoharie (V) STP,0.6,0.009267588290886667,0.004997191930006617,-74.59387,42.85456,Clean Watershed Needs Survey
Canandaigua (C) STP,5.5,0.08495289266646111,0.08506435085959785,-77.2695,42.8852,Clean Watershed Needs Survey
Canaseraga (V) WWTP,0.11,0.0016990578533292223,0.0005703499852377866,-77.766852,42.467242,Clean Watershed Needs Survey
Caneadea (T) Houghton SD STP,0.28,0.004324874535747112,0.0018847954656082695,-78.14325,42.430528,Clean Watershed Needs Survey
Canisteo (V) WWTP,0.6,0.009267588290886667,0.004997191930006617,-77.59385,42.26614,Clean Watershed Needs Survey
Capital Region Water,14.0,0.21624372678735557,0.2811061750413439,-76.8561,40.2391,Clean Watershed Needs Survey
Carmel (T) Mahopac STP (NYCDEP),0.3,0.004633794145443334,0.0020587242847468178,-73.7224,41.3791,Clean Watershed Needs Survey
Carmel (T) SD #2 STP,1.1,0.016990578533292222,0.010851966255550849,-73.6698,41.4161,Clean Watershed Needs Survey
Carmel (T) SD #5 STP - Hillsdale,0.027,0.0004170414730899,9.455632050937229e-05,-73.7824,41.3428,Clean Watershed Needs Survey
Carmel (T) SD #6 STP - Ivy HIll,0.05,0.0007722990242405556,0.00020799704104064963,-73.7874,41.3573,Clean Watershed Needs Survey
Carmel (T) SD #7 STP -Country Manor,0.046,0.0007105151023013111,0.00018695130370548812,-73.738,41.3552,Clean Watershed Needs Survey
Carmel (T) SD#4 STP - Lake Secor,0.17,0.002625816682417889,0.0009954369201081673,-73.7952,41.3715,Clean Watershed Needs Survey
Carneys Point Township CS /STP,1.3,0.020079774630254444,0.013437774967965178,-75.45645492,39.71939599,Clean Watershed Needs Survey
Caroga (T) Proposed WWTP & Collection System,0.0,0.0,0.0,-74.483263,43.134573,Clean Watershed Needs Survey
Carroll Valley Borough WWTP,0.14,0.002162437267873556,0.0007764909275404379,-77.382183,39.759466,Clean Watershed Needs Survey
Castile (V) WWTP,0.175,0.0027030465848419446,0.001033046470993818,-77.9726,42.6725,Clean Watershed Needs Survey
Castleton-on-Hudson (V) STP,0.24,0.003707035316354667,0.0015474431928267486,-73.754972,42.539778,Clean Watershed Needs Survey
Catharine Valley Water Reclamation Facility (CVWRF),1.2,0.018535176581773335,0.0121298064876105,-76.85885,42.3786,Clean Watershed Needs Survey
Catskill (T) Smith's Landing (SD#4),0.026,0.0004015954926050889,9.009925635308445e-05,-73.9191,42.1323,Clean Watershed Needs Survey
Catskill (V) WWTP,1.25,0.019307475606013886,0.012780135894764918,-73.8536,42.2121,Clean Watershed Needs Survey
Cattaraugus (V) WWTP,0.06,0.0009267588290886667,0.00026263888740455526,-78.861,42.3278,Clean Watershed Needs Survey
Cavendish WWTF,0.13,0.0020079774630254446,0.000706253094980582,-72.6015,43.3866,Clean Watershed Needs Survey
Cayuga Heights (V) STP,1.8,0.02780276487266,0.020376951803742147,-76.50062,42.4676,Clean Watershed Needs Survey
"Cayuga, (V) WWTP",0.1,0.0015445980484811112,0.000504876317171055,-76.718917,42.937583,Clean Watershed Needs Survey
Cedar Grove Township - CS/STP,2.0,0.030891960969622222,0.023317384900542904,-74.22388534,40.86571155,Clean Watershed Needs Survey
"Cedarhurst, (V) WWTP & Collection",1.0,0.015445980484811111,0.009606208291357922,-73.7325,40.6309,Clean Watershed Needs Survey
Central Square (V) WWTP,0.375,0.0057922426818041665,0.0027389345859372164,-76.1466,43.2873,Clean Watershed Needs Survey
Charlestown WWTF,0.84,0.012974623607241335,0.0076855936094815175,-72.432767,43.225812,Clean Watershed Needs Survey
Chatham Township - CS/STP,1.155,0.017840107459956834,0.011550939911091516,-74.41920732,40.72081085,Clean Watershed Needs Survey
Chautauqua (Co) S&CCLSD WWTP,3.1,0.04788253950291445,0.04084923571745123,-79.27452,42.10882,Clean Watershed Needs Survey
Chemung (Co) Elmira SD Milton WWTP,12.0,0.18535176581773333,0.2307920646917031,-76.7795,42.0767,Clean Watershed Needs Survey
Chemung (T) WWTP,0.015,0.00023168970727216668,4.4576230970454535e-05,-76.622247,42.004079,Clean Watershed Needs Survey
Chenango (T) SD #10 Pennview STP,0.04,0.0006178392193924444,0.00015634128750078937,-75.9031,42.1912,Clean Watershed Needs Survey
"Chenango (T) SD #4,8,& 9 Northgate STP",0.8,0.01235678438784889,0.007220520853362259,-75.891722,42.157889,Clean Watershed Needs Survey
"Chenango Heights WWTP, Chenango (T) SD #12",0.05,0.0007722990242405556,0.00020799704104064963,-75.883889,42.18376,Clean Watershed Needs Survey
Cherry Creek (T) WWTP,0.06,0.0009267588290886667,0.00026263888740455526,-79.095,42.2938,Clean Watershed Needs Survey
Cherry Hill WWTP,0.37,0.005715012779380111,0.002692300515305659,-75.856,39.6625,Clean Watershed Needs Survey
Chesapeake City North STP,0.075,0.0011584485363608334,0.0003494157705595204,-75.817755,39.53204,Clean Watershed Needs Survey
Cheshire County Home WWTF,0.04,0.0006178392193924444,0.00015634128750078937,-72.4648,42.9741,Clean Watershed Needs Survey
Chester Borough - CS/STP,0.075,0.0011584485363608334,0.0003494157705595204,-74.67162607,40.79227762,Clean Watershed Needs Survey
Chester WWTF,0.175,0.0027030465848419446,0.001033046470993818,-72.58938,43.2683,Clean Watershed Needs Survey
Chesterfield Township - CS/STP,0.051,0.0007877450047253667,0.00021333392939271452,-74.6417995,40.11514617,Clean Watershed Needs Survey
Chicopee Sewerage Collection System and WPCF,15.5,0.23941269751457223,0.3202013015510713,-72.62166,42.15376,Clean Watershed Needs Survey
Cinnaminson Township SA - CS/STP,1.7,0.026258166824178888,0.018940033569106923,-74.99463895,39.99803481,Clean Watershed Needs Survey
Claremont WWTF,2.89,0.044638883601104115,0.0373430245023542,-72.3764,43.3898,Clean Watershed Needs Survey
Cleveland (V) STP,0.15,0.002316897072721667,0.0008481454664881528,-75.881989,43.237731,Clean Watershed Needs Survey
Clifton Park (T) Riverview Landing WWTP ,0.01,0.0001544598048481111,2.6534933233701082e-05,-73.894,42.857,Clean Watershed Needs Survey
"Clifton Springs (V) WWTP, Sanitary Sewers",0.5,0.007722990242405556,0.003957529462697384,-77.1326,42.9663,Clean Watershed Needs Survey
Clinton (V) WWTP,2.0,0.030891960969622222,0.023317384900542904,-75.382528,43.061167,Clean Watershed Needs Survey
Clinton Town - CS/STP,2.03,0.03135534038416655,0.023765791503120984,-74.91093679,40.62626502,Clean Watershed Needs Survey
Clyde (V) WWTP,0.35,0.005406093169683889,0.0025075390261921292,-76.867944,43.080444,Clean Watershed Needs Survey
Cobleskill (V) STP,1.73,0.02672154623872322,0.019368693558745313,-74.47683829,42.674861,Clean Watershed Needs Survey
Cochecton (T) - Lake Huntington STP,0.21,0.0032436559018103337,0.0013044328631867143,-74.96344,41.64092,Clean Watershed Needs Survey
Coeymans (T) STP & Sewers,0.76,0.011738945168456444,0.0067619015339011644,-73.7874,42.46563,Clean Watershed Needs Survey
Cold Brook Fire District No. 1 WWTF,0.049,0.0007568530437557445,0.0002026898902497706,-72.85709,42.89781,Clean Watershed Needs Survey
Cold Spring (V)  WWTP,0.45,0.006950691218165,0.0034584661816598698,-73.9582,41.418,Clean Watershed Needs Survey
Colonie (T) Mohawk River WPCP,5.6,0.08649749071494223,0.08704805481199848,-73.778972,42.790944,Clean Watershed Needs Survey
Concord (T) Crainbridge WWTP Sewer District No. 1,0.072,0.0011121105949063999,0.0003316354157346969,-78.6528,42.6023,Clean Watershed Needs Survey
Conococheague  WWTP,4.0,0.061783921939244445,0.05659886004025106,-77.8059,39.6196,Clean Watershed Needs Survey
Coolfont,0.02,0.0003089196096962222,6.440889399379803e-05,-78.267546,39.57862,Clean Watershed Needs Survey
Cooperstown (V) Sewers & STP,0.52,0.008031909852101778,0.0041611756546817025,-74.932667,42.685611,Clean Watershed Needs Survey
Corfu (V) WWTP,0.12,0.0018535176581773334,0.0006375098105015879,-78.39109,42.96282,Clean Watershed Needs Survey
Corinth (V) STP,0.5,0.007722990242405556,0.003957529462697384,-73.8134,43.2474,Clean Watershed Needs Survey
Corning (C) WWTP,2.9,0.04479334340595222,0.03750841725512508,-77.0791,42.1522,Clean Watershed Needs Survey
Cornwall (T) Firthcliff SD STP,0.08,0.0012356784387848889,0.0003794910401622186,-74.0431,41.4473,Clean Watershed Needs Survey
Cornwall (T) Joint T/V STP,1.0,0.015445980484811111,0.009606208291357922,-74.02087,41.45254,Clean Watershed Needs Survey
Cornwall-on-Hudson (V) Sewers,1.5,0.023168970727216666,0.016137540493300077,-74.02087,41.45254,Clean Watershed Needs Survey
Cortland (C) WWTP,6.0,0.09267588290886666,0.09508084439475163,-76.1587,42.5985,Clean Watershed Needs Survey
Cortlandt (T)  Furnace Woods Sewer District,0.02,0.0003089196096962222,6.440889399379803e-05,-73.88963,41.269575,Clean Watershed Needs Survey
Coxsackie (V) WWTP & Collection System,1.25,0.019307475606013886,0.012780135894764918,-73.79325,42.34925,Clean Watershed Needs Survey
Crawford (T) Pine Bush WWTP,0.3,0.004633794145443334,0.0020587242847468178,-74.296407,41.618434,Clean Watershed Needs Survey
Cuba (V) WWTP & Collection System,0.97,0.014982601070266777,0.009239068617209632,-78.289,42.216778,Clean Watershed Needs Survey
Cuyler (T) Sewer District 1 WWTP,0.01,0.0001544598048481111,2.6534933233701082e-05,-75.946528,42.735889,Clean Watershed Needs Survey
DALTON BORO STP,0.09114175,0.00118205366382263,0.0004483825710923795,-75.749722,41.550556,Discharge Monitoring Reports
DALTON FARMS WWTP,,,,-73.70093,41.61277,Discharge Monitoring Reports
DANBURY WATER POLLUTION CONTROL FACILITY,9.30833333333333,0.12072348315397693,0.16676110719688442,-73.418112,41.402711,Discharge Monitoring Reports
DANBURY WPCF,13.5,0.20852073654494999,0.268326596243923,-73.41925,41.404251,Clean Watershed Needs Survey
DANSVILLE - V STP,0.0,0.0,0.0,-77.71725,42.565417,Discharge Monitoring Reports
DANVILLE BORO STP,2.5,0.03861495121202777,0.03102153718731756,-76.6036,40.9481,Clean Watershed Needs Survey
DANVILLE BORO STP,1.18195833333333,0.015329288480881179,0.011896982308218756,-76.624956,40.962587,Discharge Monitoring Reports
DARIEN WASTEWATER TREATMENT FACILITY,0.0264351666666667,0.0003428482074581104,9.203304379746285e-05,-78.381889,42.901222,Discharge Monitoring Reports
DARRAGH STP,0.6095,0.007904848306071511,0.0050986413008120585,-79.573113,40.29028,Discharge Monitoring Reports
DAUPHIN STP,0.139916666666667,0.0018146349885006967,0.000775899657148122,-76.934444,40.364722,Discharge Monitoring Reports
DAVIDSON TWP SEWER AUTH,0.0077777777777777,0.00010087309842767299,1.923898547678527e-05,-76.553611,41.3525,Discharge Monitoring Reports
DAYTON BORO STP,0.0595166666666667,0.0007718953596111943,0.0002599351795300908,-79.24424,40.87939,Discharge Monitoring Reports
DEEP CREEK LAKE WWTP,2.2,0.033981157066584444,0.026341243749214323,-79.3948,39.5046,Clean Watershed Needs Survey
DEEP CREEK LAKE WWTP,0.430083333333333,0.005577922081984554,0.0032638583708227845,-79.394812,39.504591,Discharge Monitoring Reports
DEEP RIVER WATER POLLUTION CONTROL FACILITY,0.162166666666667,0.0021032041022170066,0.0009371366624351774,-72.43515,41.39948,Discharge Monitoring Reports
DEEP RUN STP,0.0,0.0,0.0,-75.20713,40.39351,Discharge Monitoring Reports
DEER LAKE MUN AUTH,1.0,0.015445980484811111,0.009606208291357922,-76.06114,40.61745,Clean Watershed Needs Survey
DEL WATER GAP WWTP,0.0733333333333333,0.0009510892137466402,0.000339512750374928,-75.142937,40.985279,Discharge Monitoring Reports
DELAWARE #1 WATER POLLUTION CONTROL FACILITY,56.9833333333333,0.7390395504090368,1.6935493611135093,-75.127815,39.922835,Discharge Monitoring Reports
DELAWARE (T)-CALLICOON SD#1,0.042290397260274,0.0005484810092632783,0.00016788467221161963,-75.054722,41.764361,Discharge Monitoring Reports
DELAWARE CITY STP,0.57,0.008804208876342333,0.0046797897911998385,-75.5848,39.5769,Clean Watershed Needs Survey
DELAWARE CITY WASTEWATER TREATMENT PLANT,0.316666666666667,0.004106976150269588,0.002206170772106372,-75.584786,39.576945,Discharge Monitoring Reports
DELAWARE TOWNSHIP MUA,0.0309438333333333,0.0004013229015723689,0.00011257509723798543,-74.949918,40.441493,Discharge Monitoring Reports
DELCORA CHESTER STP,9.0,0.1390138243633,0.15972701507397488,-75.3931,39.8286,Clean Watershed Needs Survey
DELCORA-WESTERN REGIONAL TREATMENT PLANT,37.26,0.4832397832390885,0.9834408663555557,-75.39399,39.82553,Discharge Monitoring Reports
DELHI (V) WWTP,0.65225,0.008459290086357905,0.005560572498578476,-74.940889,42.255389,Discharge Monitoring Reports
DELRAN SEWERAGE AUTHORITY,2.10333333333333,0.02727896790336951,0.02486966711341813,-74.975641,40.038872,Discharge Monitoring Reports
DELTA BORO STP,0.0867,0.0011244468386159144,0.0004206187979249336,-76.330685,39.726667,Discharge Monitoring Reports
DEPOSIT (V) WPCP,0.440333333333333,0.005710858415269597,0.003363704885467808,-75.424,42.05725,Discharge Monitoring Reports
DERBY WATER POLLUTION CONTROL FACILITY,1.63833333333333,0.021248197661657857,0.018065549868718143,-73.086202,41.315435,Discharge Monitoring Reports
DERBY WPCF,1.25,0.019307475606013886,0.012780135894764918,-73.0869,41.3182,Clean Watershed Needs Survey
DERRY BOROUGH STP,0.65,0.010039887315127222,0.0055360438516269235,-79.2992,40.333,Clean Watershed Needs Survey
DERRY BOROUGH STP,0.697583333333333,0.009047236145764912,0.006059740208444487,-79.2992,40.333,Discharge Monitoring Reports
DERRY TWP CLEARWATER STP,4.4835,0.05814829758863267,0.06549520538611972,-76.68368,40.2837,Discharge Monitoring Reports
DERRY TWP CLEARWATER STP,0.36425,0.004724103356007461,0.002638888683099194,-76.68368,40.2837,Discharge Monitoring Reports
DILLON FARMS WWTP,,,,-74.710306,41.655639,Discharge Monitoring Reports
DILLSBURG BOROUGH STP,1.7,0.026258166824178888,0.018940033569106923,-77.0491,40.114,Clean Watershed Needs Survey
DILLSBURG STP,0.9885,0.012820250288025739,0.009465102496433215,-77.042222,40.116944,Discharge Monitoring Reports
DISTANT STP,0.0363375,0.00047127551324343484,0.00013826674905643215,-79.361389,40.97,Discharge Monitoring Reports
DOGWOOD ACRES MHP STP,0.0256666666666667,0.0003328812248113246,8.862409034174888e-05,-79.287242,40.345853,Discharge Monitoring Reports
DOLGEVILLE (V) WWTP,0.470333333333333,0.006099940366347767,0.0036596431357642767,-74.766861,43.093194,Discharge Monitoring Reports
DOVER BORO STP,0.278333333333333,0.003609815879447472,0.001870454171947893,-76.85014,40.00546,Discharge Monitoring Reports
DOVER RIDGE ESTATES STP,0.0123333333333333,0.00015995591322102548,3.470110832615949e-05,-73.655556,41.631944,Discharge Monitoring Reports
DOVER TWP STP,4.0,0.061783921939244445,0.05659886004025106,-76.8548,39.9966,Clean Watershed Needs Survey
DOVER TWP WATER SYS-ADMIRE BOOSTER CL,4.81366666666667,0.062430360616887476,0.07172809370420316,-76.85481,39.996561,Discharge Monitoring Reports
DOWNINGTOWN AREA STP,6.5,0.10039887315127222,0.1053335015728252,-75.7016,39.9973,Clean Watershed Needs Survey
DOWNINGTOWN RWPCC,6.66058333333333,0.08638375862173601,0.10867419123847198,-75.7016,39.99715,Discharge Monitoring Reports
DRYDEN (V) STP,0.536416666666667,0.006957001441917191,0.004329982299632307,-76.307194,42.49275,Discharge Monitoring Reports
DUANESBURG SD#1 STP,0.0707553095890411,0.0009176537968014712,0.00032431845858888706,-74.179444,42.757778,Discharge Monitoring Reports
DUBLIN BORO STP,0.360583333333333,0.0046765488953201245,0.002604951522192815,-75.19091,40.39178,Discharge Monitoring Reports
DUBLIN TWP FT LITTLETON STP,0.0224611666666667,0.000291307818338622,7.471862992831804e-05,-77.963612,40.067307,Discharge Monitoring Reports
DUBOIS CITY STP,1.3,0.020079774630254444,0.013437774967965178,-78.777445,41.129842,Clean Watershed Needs Survey
DUDLEY CARBON COALMONT STP,0.0585,0.0007587098046024337,0.00025426811189180267,-78.216375,40.222241,Discharge Monitoring Reports
DUMAN LAKE PRK STP,0.0017991666666666,2.333410923271501e-05,2.9565207150846544e-06,-78.840838,40.566128,Discharge Monitoring Reports
DUNBAR BORO SANI AUTH WWTP,0.207166666666667,0.002686827028834264,0.0012819592279674265,-79.61586,39.97449,Discharge Monitoring Reports
DUNBAR TWP MUNI AUTH STP,0.295333333333333,0.0038302956517251028,0.0020178424277227337,-79.613643,40.045857,Discharge Monitoring Reports
DUNCAN TWP VILLAGE OF ANTRIM STP,0.008,0.00010375518695417896,1.9945022317377882e-05,-77.28256,41.62835,Discharge Monitoring Reports
DUNCANNON MUNI WATER-WELL 5 AND &7,0.51725,0.006708421306506134,0.004133042450505307,-77.02747,40.39596,Discharge Monitoring Reports
DUNCANSVILLE STP,0.782916666666667,0.010153958139942831,0.007023848999290696,-78.434999,40.424212,Discharge Monitoring Reports
DUNDEE WASTEWATER TREATMENT PLANT,0.277652054794521,0.0036009801066771833,0.001864598818658002,-76.969583,42.513361,Discharge Monitoring Reports
DUNKARD BOBTOWN STP,0.120975,0.0015689729677227252,0.0006441441400805931,-79.982887,39.759356,Discharge Monitoring Reports
DUNKIRK WASTEWATER TREATMENT FACILITY,,,,-79.31321,42.4953,Discharge Monitoring Reports
DUNKIRK WATER FILTRATION PLANT,3.08333333333333,0.03998897830525643,0.0405684729974708,-79.371111,42.47,Discharge Monitoring Reports
DUQUESNE STP,2.01,0.03104642077447033,0.02346664641371561,-79.8468,40.37273,Clean Watershed Needs Survey
DUSHORE SEW AUTH WWTP,0.1005,0.0013034245361118733,0.000508108180580587,-76.404386,41.521743,Discharge Monitoring Reports
Dansville (V) WWTP,1.75,0.027030465848419446,0.0196556250263897,-77.71725,42.565417,Clean Watershed Needs Survey
Darien (T) WWTP & Collection System,0.065,0.0010039887315127223,0.0002909594864834817,-78.381889,42.901222,Clean Watershed Needs Survey
Deep Creek Lake State Park,0.053,0.0008186369656949888,0.0002240952471598871,-79.4011,39.51,Clean Watershed Needs Survey
Deerfield Sewerage Collection System and WWTFs,0.53,0.00818636965694989,0.004263827690281341,-72.61107,42.551231,Clean Watershed Needs Survey
Delaware (T) - Callicoon SD / STP,0.12,0.0018535176581773334,0.0006375098105015879,-75.053806,41.763381,Clean Watershed Needs Survey
Delaware Township MUA- CS/ISDS/STP,0.35,0.005406093169683889,0.0025075390261921292,-74.9440686,40.4494162,Clean Watershed Needs Survey
Delhi (V) WWTP,1.0,0.015445980484811111,0.009606208291357922,-74.940889,42.255389,Clean Watershed Needs Survey
Delran Township SA - CS/STP,2.5,0.03861495121202777,0.03102153718731756,-74.976566,40.0382731,Clean Watershed Needs Survey
Deposit (V) STP,0.4,0.006178392193924445,0.0029746829494535767,-75.424,42.0573,Clean Watershed Needs Survey
Dewitt (T) Ley Creek Sewers & WWTP,0.0,0.0,0.0,-74.9,43.3,Clean Watershed Needs Survey
Dolgeville (V) WWTP,0.87,0.013438003021785666,0.00803849834851196,-74.767038,43.093194,Clean Watershed Needs Survey
Dryden (V) STP,0.3,0.004633794145443334,0.0020587242847468178,-76.1759,42.2921,Clean Watershed Needs Survey
Duanesburg (T) Duane Lake SD & STP,0.0,0.0,0.0,-74.112525,42.748918,Clean Watershed Needs Survey
Dundee (V) STP,0.25,0.003861495121202778,0.0016304080624826712,-76.969583,42.513361,Clean Watershed Needs Survey
Dunkirk (C) WWTP,4.5,0.06950691218165,0.06580373327035247,-79.314337,42.502605,Clean Watershed Needs Survey
Dutchess (Co) Chelsea Cove STP,0.12,0.0018535176581773334,0.0006375098105015879,-73.74954,41.61291,Clean Watershed Needs Survey
Dutchess (Co) Valley Dale STP,0.038,0.0005869472584228223,0.00014641109876047228,-73.8132,41.726,Clean Watershed Needs Survey
"Dutchess Co, Dalton Farms WWTP",0.216,0.0033363317847192,0.0013523032490030805,-73.7011,41.6133,Clean Watershed Needs Survey
E BANGOR MUN AUTHORITY,0.0807416666666667,0.0010471708399990003,0.00038399792269269576,-75.194306,40.877194,Discharge Monitoring Reports
"E HADDAM, TOWN OF",0.015,0.00023168970727216668,4.4576230970454535e-05,-72.4591,41.4504,Clean Watershed Needs Survey
E NORR PLYM WHIT STP,7.8,0.12047864778152666,0.13300513084754023,-75.3246,40.1051,Clean Watershed Needs Survey
E ST CLAIR TWP FISHERTOWN STP,0.051,0.0006614393168328909,0.00021333392939271452,-78.558331,40.115299,Discharge Monitoring Reports
E ST CLAIR TWP STONE CR STP,0.027,0.000350173755970354,9.455632050937229e-05,-78.562776,40.14641,Discharge Monitoring Reports
E WINDSOR WAREHOUSE PT.,1.7,0.026258166824178888,0.018940033569106923,-72.6206,41.9201,Clean Watershed Needs Survey
EAGLES MERE BORO AUTH SEWER SYS AND WWTPS,0.0047,6.095617233558014e-05,1.0099754549648474e-05,-76.575505,41.4073,Discharge Monitoring Reports
EARL TWP STP,0.311616666666667,0.004041480688504763,0.0021612599451505494,-76.098668,40.077404,Discharge Monitoring Reports
EAST AURORA WASTEWATER TREATMENT PLANT,,,,-78.63294,42.76255,Discharge Monitoring Reports
EAST BERLIN AREA JT AUTH - STP,0.159333333333333,0.00206645747350406,0.0009162404072118824,-76.977778,39.942778,Discharge Monitoring Reports
EAST BETHLEHEM TWP MUNI AUTH WWTP,0.2835,0.0036768244376887164,0.0019149897513582163,-79.993378,40.010581,Discharge Monitoring Reports
EAST BRADY STP,0.0781666666666667,0.001013774639198124,0.00036840062195484706,-79.61835,40.97876,Discharge Monitoring Reports
EAST GREENBUSH (T) WWTP,2.40434794520548,0.031182946319711326,0.029511235610013037,-73.753139,42.626806,Discharge Monitoring Reports
EAST HADDAM WATER POLLUTION CONTROL FACILITY,0.0200833333333333,0.00026046875058288634,6.475243784833568e-05,-72.45851,41.4504,Discharge Monitoring Reports
EAST HAMPTON WATER POLLUTION CONTROL FACILITY,1.41666666666667,0.018373314356469234,0.014999572144534205,-72.546421,41.564191,Discharge Monitoring Reports
EAST HAMPTON WPCF,3.3,0.050971735599876666,0.04425085057017274,-72.5437,41.5635,Clean Watershed Needs Survey
EAST HANOVER TWP DAIRY LN STP,0.195666666666667,0.0025376789475876314,0.0011916316580889324,-76.68147,40.36231,Discharge Monitoring Reports
EAST HARTFORD WATER POLLUTION CONTROL FACILITY,7.32666666666667,0.09502245871886894,0.12276787768040708,-72.64901,41.76381,Discharge Monitoring Reports
EAST ONEIDA LAKE SD WWT FAC,,,,-75.7266,43.20107,Discharge Monitoring Reports
EAST PENNSBORO STP,3.03508333333333,0.03936320483393904,0.03975805943682632,-76.918864,40.270922,Discharge Monitoring Reports
EAST PROVIDENCE TWP STP,0.0883333333333333,0.0011456301892857257,0.000430783058060041,-78.240556,40.003056,Discharge Monitoring Reports
EAST ROCKHILL TOWNSHIP WWTP,0.0605726666666667,0.000785591044289146,0.00026585019661408096,-75.27865,40.372,Discharge Monitoring Reports
EAST SALEM SEWER AUTH,0.0065833333333333,8.538187259770933e-05,1.5543313440120098e-05,-77.236944,40.607778,Discharge Monitoring Reports
EAST SCHODACK WASTEWATER TREATMENT PLT,0.0049508333333333,6.42093297598722e-05,1.079442467088061e-05,-73.636778,42.561889,Discharge Monitoring Reports
EAST STROUDSBURG WASTEWATER PLANT,1.16333333333333,0.01508773343625348,0.011657669774192568,-75.180278,40.986389,Discharge Monitoring Reports
EAST UNION TWP AUTH,0.062135,0.0008058535676747387,0.000274654225378892,-76.116638,40.894044,Discharge Monitoring Reports
EAST WATERFORD STP,0.0085833333333333,0.00011132066933625409,2.182426606787984e-05,-77.599131,40.374738,Discharge Monitoring Reports
EAST WINDSOR WATER POLLUTION CONTROL FACILITY,1.0575,0.013715138775505535,0.01031847487623512,-72.619763,41.919039,Discharge Monitoring Reports
EAST WINDSOR WATER POLLUTION CONTROL PLANT,2.92083333333333,0.03788145107024967,0.0378534970117913,-74.562479,40.294644,Discharge Monitoring Reports
EASTERN SNYDER CNTY REGIONAL AUTH STP,1.522575,0.01974688172209488,0.01644891119702028,-76.859418,40.777039,Discharge Monitoring Reports
EASTHAMPTON WASTEWATER TREATMENT PLANT,1.14527777777778,0.014853563743475027,0.011426693442849366,-72.648897,42.277698,Discharge Monitoring Reports
EASTON AREA JOINT SEWER AUTHORITY WPCF,6.09666666666667,0.07907009872466393,0.09704504654313684,-75.192941,40.679449,Discharge Monitoring Reports
EASTON AREA STP,8.91,0.137623686119667,0.15768638166428053,-75.1881,40.6782,Clean Watershed Needs Survey
EASTSIDE WASTEWATER TREATMENT PLANT,0.994027777777778,0.012891942240122552,0.009532871799276768,-76.498056,43.469444,Discharge Monitoring Reports
EASTSIDE WATER POLLUTION CONTROL FACILITY,5.92083333333333,0.07678964617806677,0.09347879624869357,-73.171325,41.17299,Discharge Monitoring Reports
EBENSBURG BORO STP,2.25,0.034753456090825,0.027109573858312332,-78.73052,40.46834,Clean Watershed Needs Survey
EBENSBURG WWTP,1.00539166666667,0.01303932504214674,0.009672520991434659,-78.73052,40.46834,Discharge Monitoring Reports
ECSD #2 - BIG SISTER CREEK WWTP,8.76291666666667,0.11364975712673639,0.1543638547377061,-79.060232,42.655574,Discharge Monitoring Reports
ECSD NO 6 LACKAWANNA WASTEWATER TREATMENT PLANT,3.345125,0.04338425872001223,0.04502646535406784,-78.83958,42.81926,Discharge Monitoring Reports
ECSD#3 - BLASDELL (V) WWTP,0.0,0.0,0.0,-78.83464,42.78639,Discharge Monitoring Reports
ELBA (V) WWTP,0.0701041095890411,0.0009092081245834013,0.0003205046205519405,-78.18882,43.08114,Discharge Monitoring Reports
ELDERTON STP,0.0131666666666667,0.00017076374519541996,3.7728665787844644e-05,-79.342799,40.690294,Discharge Monitoring Reports
ELDRED BORO STP,0.2,0.0030891960969622223,0.0012254986626968037,-78.3861,41.9631,Clean Watershed Needs Survey
ELDRED BORO STP,0.200378083333333,0.0025987831872212523,0.0012284633584837576,-78.386095,41.963058,Discharge Monitoring Reports
ELDRED TWP WWTP,0.0140833333333333,0.00018265236036725212,4.112130186735642e-05,-79.54105,41.71943,Discharge Monitoring Reports
ELIZABETH BORO STP,1.17683333333333,0.01526282031423866,0.011831025403135137,-79.8828,40.27688,Discharge Monitoring Reports
ELIZABETH TWP BUENA VISTA STP,1.0,0.015445980484811111,0.009606208291357922,-79.7957,40.2707,Clean Watershed Needs Survey
ELIZABETH TWP BUENA VISTA STP,1.46916666666667,0.019054207770856035,0.015714378448585326,-79.79529,40.27011,Discharge Monitoring Reports
ELIZABETHTOWN STP,1.350625,0.017516793672498494,0.014110873368434262,-76.624412,40.128984,Discharge Monitoring Reports
ELIZABETHVILLE STP,0.216808333333333,0.0028118736447779896,0.0013587811265022478,-76.813828,40.560567,Discharge Monitoring Reports
ELKLAND BORO AUTH,0.490741666666667,0.006364624171400677,0.0038640206992425954,-77.299722,41.991667,Discharge Monitoring Reports
ELKTON WWTP,3.12,0.04819145911261067,0.04118670789992747,-75.835018,39.600662,Clean Watershed Needs Survey
ELKTON WWTP,1.89066666666667,0.024520809183504338,0.021699216867002873,-75.833801,39.601131,Discharge Monitoring Reports
ELLENVILLE (V) STP,0.558191780821918,0.007239411571933024,0.0045561192764409855,-74.383028,41.720611,Discharge Monitoring Reports
ELLICOTTVILLE (V) STP,,,,-78.67306,42.27498,Discharge Monitoring Reports
ELMA (T) SD#4-BRIGGSWOOD SUBDIVISION,0.012775,0.00016568406416745453,3.629883076375592e-05,-78.63666,42.81446,Discharge Monitoring Reports
ELMA (T) SD#5-ELMA MEADOWS SUBDIVISION,0.0462583333333333,0.0005999427528985906,0.00018829557322396526,-78.595917,42.827306,Discharge Monitoring Reports
ELMA (T) SD#7-POND BROOK TOWNHOMES,0.0044083333333333,5.717343114454193e-05,9.304958462271492e-06,-78.635056,42.839056,Discharge Monitoring Reports
ELMA SD#1 - JERGE SUBDIVISION,0.0083416666666666,0.00010818639806367948,2.1041246800838224e-05,-78.622389,42.849444,Discharge Monitoring Reports
ELMHURST TOWNSHIP SEWER AUTH,0.253,0.0032812577874259097,0.001655480581903443,-75.54464,41.37743,Discharge Monitoring Reports
ELMWOOD WTP,2.05808333333333,0.026692102627159937,0.024187231450555218,-74.881417,39.890401,Discharge Monitoring Reports
ELMWOOD WTP,1.05408333333333,0.013670826664410475,0.010275842779233917,-74.881417,39.890401,Discharge Monitoring Reports
ELVERSON BORO MUNI AUTH STP,0.0814166666666667,0.0010559251838982593,0.00038810975999098945,-75.83339,40.15935,Discharge Monitoring Reports
EMERALD GREEN-LAKE LOUISE MARIE S&W DIST,,,,-74.589139,41.619028,Discharge Monitoring Reports
EMMITSBURG WWTP,0.75,0.011584485363608333,0.00664828307076811,-77.305899,39.695366,Clean Watershed Needs Survey
ENFIELD WATER POLLUTION CONTROL FACILITY,5.2725,0.06838115290198858,0.08058907962048015,-72.60554,41.97198,Discharge Monitoring Reports
ENFIELD WWTF,8.0,0.12356784387848889,0.13738380060713165,-72.6066,41.9664,Clean Watershed Needs Survey
ENPWJSA WWTP,6.60833333333333,0.08570610755694154,0.10758471304664667,-75.32525,40.1076,Discharge Monitoring Reports
EPHRATA BORO STP,3.97,0.061320542524700115,0.05605634966050885,-76.1755,40.1773,Clean Watershed Needs Survey
EPHRATA REG 2 STP,1.4395,0.01866944895256758,0.015309562772713142,-76.16088,40.19715,Discharge Monitoring Reports
EPHRATA STP,2.296,0.029777738655849362,0.02782066553900605,-76.196726,40.175181,Discharge Monitoring Reports
ERIE CO SD#1 SANITARY OVERFLOW,0.117880952380952,0.001528845031577793,0.0006231428688436137,-78.87736,42.88376,Discharge Monitoring Reports
ERIE COUNTY SOUTHTOWNS SEWAGE TREATMENT PLANT,16.2913611111111,0.21128915222767164,0.34126383282340317,-78.84862,42.78447,Discharge Monitoring Reports
ERVING WASTEWATER TREATMENT PLANT #1,0.156216666666667,0.0020260361819198366,0.0008933741853587044,-72.49445,42.588774,Discharge Monitoring Reports
ERVING WASTEWATER TREATMENT PLANT #2,1.65083333333333,0.021410315141273763,0.01824207877498358,-72.3879,42.5975,Discharge Monitoring Reports
ERVING WASTEWATER TREATMENT PLANT #3,0.0037416666666666,4.8527165565026585e-05,7.544171812419033e-06,-72.43875,42.598361,Discharge Monitoring Reports
ERWIN (T) WWTP,,,,-77.094333,42.153917,Discharge Monitoring Reports
ESSEX & UNION CNTY JOINT MEETING STP,63.16225,0.8191763821495738,1.9319595431280139,-74.200357,40.639537,Discharge Monitoring Reports
EUREKA WWTP,1.05075,0.013627595336512945,0.010234287675740151,-75.1929,40.23619,Discharge Monitoring Reports
EVERETT STP,0.4048,0.005250012459881456,0.003020427814028917,-78.37532,40.01137,Discharge Monitoring Reports
EWING LAWRENCE SEWER AUTH,12.1639166666667,0.1577586809806321,0.23483301069569654,-74.72687,40.24808,Discharge Monitoring Reports
East Aurora (V) WWTP,2.94,0.04541118262534467,0.03817157838421303,-78.6329,42.7626,Clean Watershed Needs Survey
East Fishkill (T) Four Corners WWTP & Collection System,0.13,0.0020079774630254446,0.000706253094980582,-73.73974,41.5928,Clean Watershed Needs Survey
East Fishkill (T) Hopewell Hamlet WWTP Upgrades & Collection System,0.5,0.007722990242405556,0.003957529462697384,-73.808889,41.570556,Clean Watershed Needs Survey
East Fishkill (T) Sagamore SD WWTP,0.44,0.006796231413316889,0.003360447536565908,-73.75294,41.60777,Clean Watershed Needs Survey
East Greenbush (T) STP,2.3,0.03552575511506555,0.027882689057023076,-73.753139,42.626806,Clean Watershed Needs Survey
East Hampton (T) WWTP,0.045,0.0006950691218165,0.00018176762525833737,-72.1715,40.9901,Clean Watershed Needs Survey
East Windsor Township - CS/STP,3.05,0.04711024047867389,0.040008220193479695,-74.5614,40.2854,Clean Watershed Needs Survey
Elba (V) STP,0.05,0.0007722990242405556,0.00020799704104064963,-78.195148,43.085705,Clean Watershed Needs Survey
Ellenville (V) WWTP,0.64,0.009885427510279111,0.005427315316569028,-74.383028,41.720611,Clean Watershed Needs Survey
Ellicottville (V) WWTP,1.4,0.021624372678735557,0.014774179997387261,-78.67306,42.27498,Clean Watershed Needs Survey
Elma (T) CSD Consolidated WWTP,0.03,0.00046337941454433336,0.00010820097830781676,-78.60196937,42.826715543,Clean Watershed Needs Survey
Elma (T) SD#1 Jerge Subdivision WWTP,0.014,0.00021624372678735555,4.081026227237226e-05,-78.622389,42.849444,Clean Watershed Needs Survey
Elma (T) SD#4 Briggswood Subdivision WWTP,0.02,0.0003089196096962222,6.440889399379803e-05,-78.63666,42.81446,Clean Watershed Needs Survey
Elma (T) SD#5 Meadows Subdivision WWTP,0.08,0.0012356784387848889,0.0003794910401622186,-78.5956,42.8275,Clean Watershed Needs Survey
Elma (T) SD#7 Pond Brook Townhomes WWTP,0.02,0.0003089196096962222,6.440889399379803e-05,-78.635056,42.839056,Clean Watershed Needs Survey
Endicott (V) STP and Sewers,7.9,0.12202324583000779,0.13519059457966012,-76.0873,42.0834,Clean Watershed Needs Survey
Erie (C) SD#5 Clarence Research Park STP,0.02,0.0003089196096962222,6.440889399379803e-05,-78.61631,42.962,Clean Watershed Needs Survey
Erie (Co) SD#2 WWTP at Big Sister,5.0,0.07722990242405554,0.07529933776825676,-79.058056,42.656389,Clean Watershed Needs Survey
Erie (Co) SD#3 Ext Holland (T) STP,0.18,0.002780276487266,0.001070957454784811,-78.55035,42.65035,Clean Watershed Needs Survey
Erie (Co) SD#3 Southtowns WWTP,15.9,0.2455910897084967,0.3308109176174383,-78.84862,42.78447,Clean Watershed Needs Survey
Erie (Co) SD#6 Lackawanna WWTP,4.5,0.06950691218165,0.06580373327035247,-78.83958,42.81926,Clean Watershed Needs Survey
Erie Co SD 3 Blasdell (V) WWTP,0.83,0.012820163802393222,0.007568732930145112,-78.83464,42.78639,Clean Watershed Needs Survey
Evesham Township MUA - Elmwood STP/CS,2.21,0.03413561687143256,0.026494523257041276,-74.88225889,39.89070041,Clean Watershed Needs Survey
Evesham Township MUA - Kings Grant STP/CS,0.65,0.010039887315127222,0.0055360438516269235,-74.87366334,39.86274157,Clean Watershed Needs Survey
Evesham Township MUA - Woodstream STP/CS,1.25,0.019307475606013886,0.012780135894764918,-74.95301,39.909922,Clean Watershed Needs Survey
Ewing Lawrence SA - CS/STP,12.529,0.1935226894941984,0.24388776956462285,-74.72383302,40.24945983,Clean Watershed Needs Survey
FACTORYVILLE WWTP,0.107163333333333,0.0013898439605791206,0.0005516011130032569,-75.796,41.5634,Discharge Monitoring Reports
FAIRCHANCE GEORGES STP,0.567916666666667,0.007365537490549271,0.004657918046849772,-79.76787,39.80847,Discharge Monitoring Reports
FAIRFIELD STP,0.21625,0.00280463239735515,0.0013543059941168323,-77.36016,39.78621,Discharge Monitoring Reports
FAIRFIELD WATER POLLUTION CONTROL FACILITY,8.855,0.11484402255990686,0.15644215606896147,-73.245169,41.126264,Discharge Monitoring Reports
FAIRFIELD WPCF,8.2,0.1266570399754511,0.14179316156495897,-73.24588,41.14381,Clean Watershed Needs Survey
FARMINGTON  T STP,1.75675,0.022783990585219238,0.01975267187483485,-77.38103,42.97691,Discharge Monitoring Reports
FARMINGTON TWP STP WARREN,0.0069166666666666,8.970500538746636e-05,1.655721574538299e-05,-79.201719,41.970209,Discharge Monitoring Reports
FARMINGTON WPCF,5.25,0.08109139754525833,0.08014935776834183,-72.8323,41.73,Clean Watershed Needs Survey
FARMINGTON WPCF,3.71666666666667,0.04820293060579569,0.05152140717863756,-72.828711,41.728989,Discharge Monitoring Reports
FAYETTE CITY STP,0.0413333333333333,0.0005360684659299242,0.00016303934878709265,-79.84014,40.09937,Discharge Monitoring Reports
FIELDSBORO BORO SEWER DEPT WWTP,0.0655,0.0008494955931873402,0.0002938259726416828,-74.727761,40.134251,Discharge Monitoring Reports
FISH CREEK STP,0.735333333333333,0.009536830934204946,0.0064824079573595735,-75.090103,40.268882,Discharge Monitoring Reports
FISHKILL (V) STP,0.39173698630137,0.005080593031320661,0.002896294325306656,-73.9025,41.531972,Discharge Monitoring Reports
FIVE POINTS CORRECTIONAL FACILITY,0.320083333333333,0.0041512882613645935,0.002236669862177402,-76.833969,42.751466,Discharge Monitoring Reports
FLEETWOOD BORO STP,0.652,0.008456047736765587,0.005557845924395687,-75.836852,40.451121,Discharge Monitoring Reports
FLEETWOOD MANOR SD WWTP,0.0424931506849315,0.0005511105991983957,0.0001689151129850439,-73.915806,41.5585,Discharge Monitoring Reports
FLEISCHMANNS (V) WWTF,0.0386666666666667,0.0005014834036118654,0.00014970532045224076,-74.52904,42.15659,Discharge Monitoring Reports
FLINTSTONE WWTP,0.0419166666666667,0.0005436339483120006,0.00016598890284308555,-78.54786,39.6947,Discharge Monitoring Reports
FLINTSTONE-GILPIN WWTP,0.045,0.0006950691218165,0.00018176762525833737,-78.5479,39.6947,Clean Watershed Needs Survey
FLORENCE TWP DPW SEWER AUTH STP,1.22425,0.0158777859535817,0.012444289953558984,-74.824302,40.118583,Discharge Monitoring Reports
FLORHAM PARK WATER POLLUTION CONTROL FACILITY,1.04768333333333,0.013587822514847131,0.010196089490720048,-74.368568,40.783656,Discharge Monitoring Reports
FLORIDA (V) STP,0.373484931506849,0.004843874861632731,0.0027247853690665355,-74.361917,41.339333,Discharge Monitoring Reports
FONDA - FULTONVILLE JOINT WWTP,0.575916666666667,0.00746929267750345,0.004742027187712277,-74.359944,42.951389,Discharge Monitoring Reports
FOOTEDALE STP,0.0160416666666667,0.00020805076550707804,4.857439729834811e-05,-79.844762,39.911137,Discharge Monitoring Reports
FORD CITY BORO MUNI SEW DISPOSAL AUTH WWTP,0.859416666666667,0.011146117115192169,0.007913606948310168,-79.52586,40.780572,Discharge Monitoring Reports
FORD CITY STP,1.11,0.017145038338140337,0.010978341158391518,-79.5248,40.7812,Clean Watershed Needs Survey
FOREST HILLS SOUTH FORK STP,1.2,0.018535176581773335,0.0121298064876105,-78.798772,40.363947,Clean Watershed Needs Survey
FORESTPORT (T) WWTP,0.006,7.781639021563422e-05,1.3803589324417128e-05,-75.209889,43.443083,Discharge Monitoring Reports
FOREVER GREEN MARKETPLACE,0.001925,2.4966091860849315e-05,3.223608512086642e-06,-77.886919,39.584496,Discharge Monitoring Reports
FORT ANN (V) WWTP,0.0269287671232877,0.00034924990841528293,9.423728262978978e-05,-73.485778,43.416389,Discharge Monitoring Reports
FORT BREWERTON WWTP,0.146166666666667,0.0018956937283086492,0.0008205150081986515,-76.1513,43.31771,Discharge Monitoring Reports
FOUR CORNERS SD WWTP,0.0315,0.0004085360486320797,0.00011517018845461455,-73.73974,41.5928,Discharge Monitoring Reports
FOX TWP STP,0.202333333333333,0.002624141603382772,0.001243820118246607,-78.6139,41.3645,Discharge Monitoring Reports
FOXBURG AREA WATER & SEW AUTH,0.0598333333333333,0.000776002335761463,0.0002617058844528169,-79.677778,41.1375,Discharge Monitoring Reports
FRACKVILLE AREA MUN AUTH,1.4,0.021624372678735557,0.014774179997387261,-76.2313,40.7857,Clean Watershed Needs Survey
FRACKVILLE AREA MUN AUTH,1.00108333333333,0.01298344855083904,0.009619524326935375,-76.23147,40.78604,Discharge Monitoring Reports
FRANK E VAN LARE WASTEWATER TREATMENT,,,,-77.577778,43.235667,Discharge Monitoring Reports
FRANKFORT PSD - REGIONAL WWTP,1.2,0.018535176581773335,0.0121298064876105,-78.72756,39.56067,Clean Watershed Needs Survey
FRANKFORT PUBLIC SERVICE DISTRICT,0.70025,0.009081821208082978,0.006089392168926616,-78.72756,39.56067,Discharge Monitoring Reports
FRANKLIN FAYETTE SEW AUTH WWTF,0.0566666666666667,0.0007349325742587681,0.0002441184232021223,-79.786985,39.997852,Discharge Monitoring Reports
FRANKLIN WASTEWATER TREATMENT PLANT,2.48056666666667,0.032171457281538106,0.030713365277628506,-79.818089,41.375011,Discharge Monitoring Reports
FRANKLINVILLE (V) WWTF,0.794166666666667,0.010299863871597146,0.007153231379205154,-78.46115,42.33224,Discharge Monitoring Reports
FREEDOM SEWAGE SYS,0.4,0.006178392193924445,0.0029746829494535767,-78.43161,40.37668,Clean Watershed Needs Survey
FREEDOM TWP - STP,0.214541666666667,0.002782476341807647,0.0013406334909194658,-78.43161,40.37668,Discharge Monitoring Reports
FREELAND BORO MUN AUTH,0.586333333333333,0.0076043905771833635,0.004852033962957746,-75.893532,41.027306,Discharge Monitoring Reports
FREEPORT BORO STP,0.35,0.005406093169683889,0.0025075390261921292,-79.68566,40.67259,Clean Watershed Needs Survey
FREEPORT BORO STP,0.366833333333333,0.0047576076351280765,0.002662856385241208,-79.68566,40.67259,Discharge Monitoring Reports
FREEVILLE (V) WWTP,0.114575342465753,0.0014859732597341602,0.0006008752065919127,-76.3451,42.51217,Discharge Monitoring Reports
FRENCHCREEK TWP SS TO POLK,0.1,0.0015445980484811112,0.000504876317171055,-79.921148,41.375844,Clean Watershed Needs Survey
FRENCHTOWN WASTEWATER TREATMENT PLANT,0.188083333333333,0.0024393276766206404,0.0011328691129010749,-75.063644,40.517297,Discharge Monitoring Reports
FRIENDSVILLE WWTP,0.087,0.0011283376581266962,0.00042248172418179347,-79.408094,39.669526,Discharge Monitoring Reports
FROSTBURG COMBINED SEWER OVERF,,,,-78.934501,39.65321,Discharge Monitoring Reports
FULTON (C) STP,2.085,0.027041195599932892,0.024592674462338582,-76.42616,43.33454,Discharge Monitoring Reports
FUNKSTOWN WWTP,0.2,0.0030891960969622223,0.0012254986626968037,-77.70926,39.603556,Clean Watershed Needs Survey
FUNKSTOWN WWTP,0.100083333333333,0.001298020620124672,0.0005054146482305882,-77.711084,39.603636,Discharge Monitoring Reports
Fallsburg (T) - Mountaindale STP/SD,0.18,0.002780276487266,0.001070957454784811,-74.5317,41.6882,Clean Watershed Needs Survey
Fallsburg (T) - South Fallsburg STP,3.0,0.04633794145443333,0.03917104768266314,-74.614,41.7156,Clean Watershed Needs Survey
Fallsburg (T)- Loch Sheldrake STP,1.0,0.015445980484811111,0.009606208291357922,-74.6529,41.7679,Clean Watershed Needs Survey
Farmington (T) STP & San Sewers,4.0,0.061783921939244445,0.05659886004025106,-77.365465,42.969424,Clean Watershed Needs Survey
Fieldsboro STP & CS,0.1,0.0015445980484811112,0.000504876317171055,-74.73268508,40.13711284,Clean Watershed Needs Survey
Fishkill (T) Rombout SD & WWTP,0.75,0.011584485363608333,0.00664828307076811,-73.9806,41.5278,Clean Watershed Needs Survey
Fishkill (V) WWTP,0.45,0.006950691218165,0.0034584661816598698,-73.9025,41.531972,Clean Watershed Needs Survey
Fleischmanns (V) WWTF,0.12,0.0018535176581773334,0.0006375098105015879,-74.52904,42.15659,Clean Watershed Needs Survey
Flemington Borough WWTP,0.1,0.0015445980484811112,0.000504876317171055,-77.4716454,41.1228941,Clean Watershed Needs Survey
Florence Township STP,2.23,0.03444453648112878,0.026801663295943152,-74.8243,40.1186,Clean Watershed Needs Survey
Florham Park Borough SA - CS/STP,1.4,0.021624372678735557,0.014774179997387261,-74.36946227,40.78300055,Clean Watershed Needs Survey
Florida (V) WWTP & Collection System,0.45,0.006950691218165,0.0034584661816598698,-74.361917,41.339333,Clean Watershed Needs Survey
Fonda (V) Fonda-Fultonville WWTP,1.0,0.015445980484811111,0.009606208291357922,-74.359944,42.951389,Clean Watershed Needs Survey
Forestport (T) Deer Spring Park (Kayuta Lake) WWTP,0.0,0.0,0.0,-75.211305,43.4195244,Clean Watershed Needs Survey
Forestport (T) STP,0.024,0.00037070353163546667,8.132942744210984e-05,-75.20937,43.443083,Clean Watershed Needs Survey
Fort Ann (V) WWTP,0.11,0.0016990578533292223,0.0005703499852377866,-73.486,43.416389,Clean Watershed Needs Survey
Fort Frederick State Park,0.01,0.0001544598048481111,2.6534933233701082e-05,-78.0,39.6042,Clean Watershed Needs Survey
Franklinville (V) WWTP,0.75,0.011584485363608333,0.00664828307076811,-78.46115,42.33224,Clean Watershed Needs Survey
Freeville (V) WWTP,0.115,0.001776287755753278,0.000603725907685632,-76.341934,42.506812,Clean Watershed Needs Survey
Frenchtown Borough CS/ISDS/STP,0.15,0.002316897072721667,0.0008481454664881528,-75.0636,40.5173,Clean Watershed Needs Survey
Friendship (T) WWTP,0.286,0.004417550418655977,0.001936621022496145,-78.13361,42.20802,Clean Watershed Needs Survey
Friendsville WWTP,0.1,0.0015445980484811112,0.000504876317171055,-79.408094,39.669526,Clean Watershed Needs Survey
Fulton (C) WWTP,3.4,0.052516333648357776,0.045973607834152115,-76.4192,43.3358,Clean Watershed Needs Survey
GALETON BORO WWTP,0.160916666666667,0.002086992354255417,0.0009279050455912433,-77.63472,41.73725,Discharge Monitoring Reports
GALLITZIN BORO - WWTP,0.234866666666667,0.0030460793636631085,0.0015052257560219497,-78.564357,40.488906,Discharge Monitoring Reports
GARDINER SD#1 STP,0.0531561643835616,0.0006894034716729379,0.00022494035570738946,-74.159278,41.680361,Discharge Monitoring Reports
GARDNER WWTF,3.52,0.04565228225983875,0.04805965478904228,-72.0201,42.5698,Discharge Monitoring Reports
GARRETT BORO STP,0.064725,0.0008394443094511542,0.0002893855398198613,-79.061959,39.864192,Discharge Monitoring Reports
GASPORT SD#1 WWTP,0.261666666666667,0.0033936592399596076,0.0017283771618378083,-78.55819,43.20236,Discharge Monitoring Reports
GEORGE'S CREEK WWTP,0.871,0.011296345979636236,0.008050321153393226,-79.037238,39.508363,Discharge Monitoring Reports
GEORGES CRK MUNI AUTH STP,0.105833333333333,0.0013725946607479882,0.0005428579234209816,-79.81254,39.788917,Discharge Monitoring Reports
GEORGETOWN AREA STP,0.0158283333333333,0.0002052839605216324,4.774949654546503e-05,-76.08323,39.9256,Discharge Monitoring Reports
GERMANTOWN WWTP,0.0273333333333333,0.000354496888760111,9.60523728035698e-05,-73.88518,42.13612,Discharge Monitoring Reports
GETTYSBURG STREAM WELL #2,1.825,0.023669152023922075,0.020739729696154337,-77.217478,39.828821,Discharge Monitoring Reports
GIRARDVILLE AREA MA STP,0.225,0.0034753456090825,0.0014248058541448398,-76.2977,40.792,Clean Watershed Needs Survey
GIRARDVILLE AREA MUN AUTH,0.187591666666667,0.0024329510557557573,0.001129081752589462,-76.297699,40.791951,Discharge Monitoring Reports
GLASCO SEWER DISTRICT WWTP,0.21933698630137,0.0028446687524581044,0.001379088927167135,-73.94173,42.03999,Discharge Monitoring Reports
GLASSPORT BORO STP,0.9215,0.011951300597284489,0.008652239017554658,-79.88924,40.33629,Discharge Monitoring Reports
GLASTONBURY WATER POLLUTION CONTROL FACILITY,2.5375,0.03290984836202864,0.03161809902974746,-72.614795,41.706929,Discharge Monitoring Reports
GLASTONBURY WPCF,3.34,0.05158957481926911,0.0449382281918064,-72.61165,41.70686,Clean Watershed Needs Survey
GLEN CAMPBELL BORO SCTS,0.031625,0.0004101572234282387,0.0001157552143832405,-78.82642,40.825065,Discharge Monitoring Reports
GLEN COVE WASTEWATER TREATMENT FACILITY,2.89166666666667,0.03750317695114599,0.03737057887448613,-73.641667,40.858722,Discharge Monitoring Reports
GLEN HOPE WWTF,0.0057428571428571,7.448140206353505e-05,1.3051316688815043e-05,-78.485667,40.797361,Discharge Monitoring Reports
GLEN ROCK STP,0.472333333333333,0.0061258791630863126,0.003679564346984081,-76.73638,39.7982,Discharge Monitoring Reports
GLENS FALLS STP,2.061275,0.026733496623621907,0.02423523019850414,-73.62779,43.31039,Discharge Monitoring Reports
GLENWOOD HILLS SD,0.0043140219178082,5.595026882582693e-05,9.051040811723643e-06,-74.13975,41.385,Discharge Monitoring Reports
GLOUCESTER CNTY UTIL AUTH,19.7841666666667,0.25658873890407985,0.43754040593419546,-75.22521,39.852891,Discharge Monitoring Reports
GLOVERSVILLE-JOHNSTOWN JOINT WWTP,,,,-74.395482,42.992016,Discharge Monitoring Reports
GOOSE CREEK WASTEWATER TREATMENT PLANT,0.98875,0.012823492637618056,0.009468165158939,-75.58394,39.94962,Discharge Monitoring Reports
GORHAM (T) STP & ONSITES,0.0321945205479452,0.0004175435622940263,0.00011842884243279307,-77.13225,42.804167,Discharge Monitoring Reports
GOSHEN (V) WWTF,1.30270136986301,0.016895253021950205,0.013473509589208212,-74.353083,41.401833,Discharge Monitoring Reports
"GOSHEN, TOWN OF - Woodridge Lake Sewer Dist",0.08,0.0012356784387848889,0.0003794910401622186,-73.2231,41.8024,Clean Watershed Needs Survey
GOWANDA (V) STP,1.3850602739726,0.01796339845860418,0.014572778072048964,-78.942611,42.468694,Discharge Monitoring Reports
GR HAZLETON JT SEW AUTH WWTP,7.76858333333333,0.1007538520148898,0.13232014059000197,-76.022411,40.970838,Discharge Monitoring Reports
GRAND GORGE STP,,,,-74.472667,42.360722,Discharge Monitoring Reports
GRAND ISLAND WASTEWATER TREATMENT PLANT,,,,-78.96687,43.05739,Discharge Monitoring Reports
GRANTSVILLE WWTP,0.6,0.009267588290886667,0.004997191930006617,-79.1445,39.697,Clean Watershed Needs Survey
GRANTSVILLE WWTP,0.248833333333333,0.0032272186275539368,0.0016206802602791144,-79.143629,39.696138,Discharge Monitoring Reports
GRANVILLE (V) WWTP,0.870452054794521,0.011289239459981846,0.008043842434215756,-73.25946,43.40831,Discharge Monitoring Reports
GRANVILLE TWP - STRODES MILLS STP,0.273666666666667,0.003549292020390877,0.0018304264079521315,-77.67272,40.54692,Discharge Monitoring Reports
GRANVILLE TWP - STRODES MILLS STP,0.03425,0.00044420189414757876,0.00012818732833742844,-77.67272,40.54692,Discharge Monitoring Reports
GRASSFLAT SEW SYS,0.0215833333333333,0.00027992284813679495,7.100324629362202e-05,-78.09961,41.00246,Discharge Monitoring Reports
GRATZ BORO STP,0.04475,0.0005803805770249385,0.00018047669859924247,-76.7119,40.6065,Discharge Monitoring Reports
GREAT BARRINGTON WASTEWATER TREATMENT FACILITY,1.04166666666667,0.013509789967992096,0.010121237096599135,-73.358982,42.189428,Discharge Monitoring Reports
GREATER CUM. REG. AIR.,,,,-78.762528,39.618928,Discharge Monitoring Reports
GREATER GREENSBURG WASTEWATER TREATMENT PLANT,5.5,0.07133169103099804,0.08506435085959785,-79.557818,40.268681,Discharge Monitoring Reports
GREATER HAZLETON STP,7.9,0.12202324583000779,0.13519059457966012,-76.0231,40.9708,Clean Watershed Needs Survey
GREATER NEW HAVEN WPCA,29.975,0.38875771611893933,0.7445073268797874,-72.902505,41.282563,Discharge Monitoring Reports
GREEN LANE - MARLBORO STP,0.22575,0.002927841681863238,0.0014308848463202388,-75.473234,40.338989,Discharge Monitoring Reports
GREEN STREET STP,0.478375,0.0062042359449006705,0.0037398859131716595,-75.122386,40.300287,Discharge Monitoring Reports
GREEN TWP MUNI AUTH WWTP WPCF,0.0592235916666667,0.0007680943531841198,0.00025829873534153854,-78.95973,40.695016,Discharge Monitoring Reports
GREENBRIER STATE PARK,0.18,0.002780276487266,0.001070957454784811,-77.6082,39.5417,Clean Watershed Needs Survey
GREENBRIER STATE PARK WWTP,0.0112083333333333,0.00014536534005559404,3.070429773811288e-05,-77.617192,39.545859,Discharge Monitoring Reports
GREENCASTLE STP,0.395108333333333,0.005124317374019253,0.0029282220090494134,-77.744398,39.789493,Discharge Monitoring Reports
GREENE (V) WWTP,,,,-75.771278,42.324222,Discharge Monitoring Reports
GREENFIELD TWP MUNICIPAL AUTHORITY STP,0.545833333333333,0.007079129943227831,0.004427466759117121,-78.443611,40.311389,Discharge Monitoring Reports
GREENFIELD TWP SEW AUTH,0.053894,0.0006989727557135651,0.00022894263089010466,-75.552392,41.637497,Discharge Monitoring Reports
GREENFIELD WATER POLLUTION CONTROL FACILITY,2.97500833333333,0.03858406822690501,0.038754055778274,-72.598121,42.571367,Discharge Monitoring Reports
GREENFIELDS SEWER SYSTEM-PART COUNTY SD#8,0.0868758904109589,0.0011267280314249757,0.0004217108161363735,-73.87861,41.76751,Discharge Monitoring Reports
GREENPORT POWER PLANT,0.315333333333333,0.00408968361911055,0.002194293549492363,-72.38575,41.108361,Discharge Monitoring Reports
GREENRIDGE FORESTRY CAMP,0.0025,3.242349592318093e-05,4.503625964532372e-06,-78.459968,39.673756,Discharge Monitoring Reports
GREENSBORO MONONGAHELA TWP JT SEW AUTH STP,0.0655,0.0008494955931873402,0.0002938259726416828,-79.915043,39.804472,Discharge Monitoring Reports
GREENWICH (V) WWTP,0.02675,0.0003469314063780359,9.34376591634027e-05,-73.50308,43.09183,Discharge Monitoring Reports
GREENWICH TWP STP,0.504666666666667,0.006545223043692794,0.004004846837476818,-75.284519,39.830446,Discharge Monitoring Reports
GREENWICH WPCF,8.77916666666667,0.11386050985023707,0.15473017241239354,-73.624833,41.013329,Discharge Monitoring Reports
GREENWOOD TWP MUNI AUTH SEW SYS STP,0.005,6.484699184636186e-05,1.0931761718882706e-05,-76.423889,41.129722,Discharge Monitoring Reports
GREGG TOWNSHIP STP,0.0272958333333333,0.0003540105363212633,9.588381120199404e-05,-77.5561,40.85554,Discharge Monitoring Reports
GREYSTONE PARK PSYCH HOSPITAL,0.111566666666667,0.001446952544731825,0.0005807631012246402,-74.494989,40.826933,Discharge Monitoring Reports
GROTON (V) STP,0.281666666666667,0.003653047207345055,0.0018991606273496592,-76.371667,42.595972,Discharge Monitoring Reports
GROTON CITY WPCF,2.1,0.032436559018103335,0.02481925445835181,-72.0832,41.3542,Clean Watershed Needs Survey
GROTON WATER POLLUTION CONTROL FACILITY,1.74166666666667,0.022588368826482755,0.01953595830141201,-72.08316,41.35403,Discharge Monitoring Reports
GROTON WPCF,6.5,0.10039887315127222,0.1053335015728252,-72.02,41.3366,Clean Watershed Needs Survey
GROTON WPCF,2.90833333333333,0.03771933359063377,0.03764636633404319,-72.02011,41.33687,Discharge Monitoring Reports
GROVE TWP SFTF,0.0005,6.484699184636185e-06,5.745438188953581e-07,-78.0876,41.3201,Discharge Monitoring Reports
GROVELAND STATION WWTF,0.0100725,0.00013063426507449596,2.678130445542299e-05,-77.769028,42.6625,Discharge Monitoring Reports
GTR POTTSVILLE AREA - MAIN STP,6.764,0.10447661199926236,0.11083759327615429,-76.1888,40.6779,Clean Watershed Needs Survey
Gardiner (T) SD#1 STP,0.057,0.0008804208876342334,0.0002459570897542643,-74.159278,41.680361,Clean Watershed Needs Survey
Geneseo (V) WWTP,1.5,0.023168970727216666,0.016137540493300077,-77.81702,42.79522,Clean Watershed Needs Survey
Geneva (C) Marsh Creek WWTP,6.0,0.09267588290886666,0.09508084439475163,-76.973391,42.878856999999996,Clean Watershed Needs Survey
George's Creek WWTP,0.6,0.009267588290886667,0.004997191930006617,-79.0332,39.5097,Clean Watershed Needs Survey
Germantown (T) STP & Sewers,0.1,0.0015445980484811112,0.000504876317171055,-73.88518,42.13612,Clean Watershed Needs Survey
Glens Falls (C) WWTP,9.2,0.1421030204602622,0.16428213584583926,-73.623694,43.304944,Clean Watershed Needs Survey
Gloucester County UA - CS/STP,22.88,0.35340403349247823,0.5269812573047405,-75.22527001,39.83731478,Clean Watershed Needs Survey
Gloversville-Johnstown (C) WWTP,3.0,0.04633794145443333,0.03917104768266314,-74.2403,42.9925,Clean Watershed Needs Survey
Gorham (T) STP,0.061,0.0009422048095734778,0.0002682520652441633,-77.133636,42.803651,Clean Watershed Needs Survey
Goshen (V) Sewers & STP,1.32,0.020388694239950666,0.013702831200145009,-74.353083,41.401833,Clean Watershed Needs Survey
Gowanda (V) WWTP,2.0,0.030891960969622222,0.023317384900542904,-78.942611,42.468694,Clean Watershed Needs Survey
Grand Island (T) STP SD #2,3.5,0.05406093169683889,0.04771058052253468,-78.96687,43.05739,Clean Watershed Needs Survey
Granville (V) STP,0.65,0.010039887315127222,0.0055360438516269235,-73.270409,43.4111243,Clean Watershed Needs Survey
Great Barrington Sewerage Collection System and WWTF,1.2,0.018535176581773335,0.0121298064876105,-73.358982,42.189428,Clean Watershed Needs Survey
Great Neck (V) STP,1.5,0.023168970727216666,0.016137540493300077,-73.712139,40.797722,Clean Watershed Needs Survey
Great Valley (T) FairView Subd.SD#4,0.004,6.178392193924444e-05,8.216875072986983e-06,-78.641,42.192528,Clean Watershed Needs Survey
Greater Atlantic Beach W.Recl. Dist,1.5,0.023168970727216666,0.016137540493300077,-73.7412,40.5913,Clean Watershed Needs Survey
Greene (V) STP,0.4,0.006178392193924445,0.0029746829494535767,-75.771278,42.324222,Clean Watershed Needs Survey
Greenport (T) STP,0.73,0.011275565753912111,0.006422317571328168,-73.76125,42.257944,Clean Watershed Needs Survey
Greenport (V) STP,0.65,0.010039887315127222,0.0055360438516269235,-72.3631,41.1024,Clean Watershed Needs Survey
Greenwich (V) WWTP and Sewers,0.05,0.0007722990242405556,0.00020799704104064963,-73.493419,43.089674,Clean Watershed Needs Survey
Greenwich Township (GCUA) - CS/Gibbstown STP,1.0,0.015445980484811111,0.009606208291357922,-75.2843437,39.83071282,Clean Watershed Needs Survey
Greenwich Township (Warren) - STP,0.0,0.0,0.0,-75.271744,39.821874,Clean Watershed Needs Survey
Groton (V) WWTP,0.32,0.0049427137551395555,0.002235924895361027,-76.3697,42.5964,Clean Watershed Needs Survey
Guilderland (T) NE Ind. Park STP,0.36,0.005560552974532,0.002599561286609706,-73.9003,42.6896,Clean Watershed Needs Survey
Guilderland (T) Nott Road WWTP,2.4,0.03707035316354667,0.029442976673237968,-73.911333,42.687861,Clean Watershed Needs Survey
HACKETTSTOWN MUA,2.18858333333333,0.02838460911434998,0.026166487487577852,-74.83095,40.81843,Discharge Monitoring Reports
HADLEY WASTEWATER TREATMENT PLANT,0.413,0.005356361526509488,0.00309892573745931,-72.586487,42.32859,Discharge Monitoring Reports
HAGERSTOWN WPCF,3.78416666666667,0.04907836499572157,0.05272153805591491,-77.71028,39.61985,Discharge Monitoring Reports
HALIFAX BORO STP,0.14,0.002162437267873556,0.0007764909275404379,-76.93539,40.4657,Clean Watershed Needs Survey
HALIFAX STP,0.134008333333333,0.0017380074598022375,0.0007342318780995385,-76.93539,40.4657,Discharge Monitoring Reports
HALLSTEAD GREAT BEND JT SEW AUTH,0.321333333333333,0.004167500009326185,0.002247850861006131,-75.748785,41.971938,Discharge Monitoring Reports
HAMBURG BORO STP,0.89825,0.011649762085198906,0.008373941987536748,-75.991944,40.551944,Discharge Monitoring Reports
HAMILTON (V) WPCP,,,,-75.54905,42.81726,Discharge Monitoring Reports
HAMILTON TWP DEPT WATER POLLUTION CONTROL,7.82891666666667,0.101536339049836,0.1336362942428519,-74.710695,40.183063,Discharge Monitoring Reports
HAMILTON TWP LUDLOW STP,0.0348006666666667,0.00045134370951625845,0.00013082997421476594,-78.9517,41.7342,Discharge Monitoring Reports
HAMLET OF TROUPSBURG WWTF,0.0055833333333333,7.241247422843697e-05,1.2589311169146491e-05,-77.54459,42.03759,Discharge Monitoring Reports
HAMMONTON WWTP,0.0,0.0,0.0,-74.76719,39.633173,Discharge Monitoring Reports
HAMPDEN TWP ROTH LANE STP,4.29,0.055638719004178466,0.061900903464480114,-76.977113,40.27425,Discharge Monitoring Reports
HAMPSHIRE ESTATES STP,0.0135833333333333,0.00017616766118261592,3.926286121351609e-05,-79.885594,40.653074,Discharge Monitoring Reports
HAMPSTEAD WWTP,0.0835833333333333,0.001084025547031682,0.00040137239209926597,-76.837256,39.597289,Discharge Monitoring Reports
HANCOCK (V) WWTP,0.19452602739726,0.002522885542507056,0.0011827516293955185,-75.277639,41.935278,Discharge Monitoring Reports
HANCOCK WWTP,0.2325,0.0030153851208558264,0.0014858481871376369,-78.153597,39.705858,Discharge Monitoring Reports
HANCOCKS BRIDGE STP,0.0174727272727273,0.00022661076059765032,5.418589842526849e-05,-75.463615,39.507057,Discharge Monitoring Reports
HANOVER BORO STP,2.7575,0.03576311600326856,0.03516681363477637,-77.019551,39.803671,Discharge Monitoring Reports
HANOVER TWP SEWER AUTH STP,2.26166666666667,0.02933245597850439,0.027289542216672104,-74.389945,40.822285,Discharge Monitoring Reports
HANOVER WATER POLLUTION CONTROL FACILITY,0.30025,0.0038940618603740297,0.00206091942678023,-79.109944,42.566417,Discharge Monitoring Reports
HARBOR VIEW WWTP,0.133658333333333,0.0017334681703729917,0.0007317793948470786,-75.87158,39.5137,Discharge Monitoring Reports
HARDWICK WATER POLLUTION CONTROL FACILITY,0.173916666666667,0.0022555945330559575,0.0010248719408463686,-72.214159,42.300309,Discharge Monitoring Reports
HARDWICK WWTP,0.0144481666666667,0.0001873840292056425,4.2489062482444e-05,-72.139237,42.350037,Discharge Monitoring Reports
HARFORD TWP WWTP,0.0203583333333333,0.0002640353351344363,6.58889532530012e-05,-75.68545,41.78276,Discharge Monitoring Reports
HARLEYSVILLE STP,0.512666666666667,0.006648978230646974,0.0040862466444894245,-75.391287,40.285381,Discharge Monitoring Reports
HARRISBURG ADVANCED WASTEWATER TREATMENT FACILITY,24.5583333333333,0.3185068082853802,0.576934595951902,-76.856111,40.239078,Discharge Monitoring Reports
HARRISON BROOK STP,1.94958333333333,0.02528492290409388,0.02256804683877688,-74.5744,40.6561,Discharge Monitoring Reports
HARRISON TOWNSHIP TREATMENT PL,0.335916666666667,0.004356637068878081,0.002379185373801461,-75.2316,39.738391,Discharge Monitoring Reports
HARRISON TWP WWTP,0.036925,0.0004788950347853823,0.00014113318107337233,-77.623878,41.918403,Discharge Monitoring Reports
HARTFORD WATER POLLUTION CONTROL FACILITY,63.0833333333333,0.8181528804615983,1.9288718901191018,-72.655907,41.731374,Discharge Monitoring Reports
HARTFORD WPCF,30.0,0.46337941454433335,0.7453018298398156,-72.6564,41.7314,Clean Watershed Needs Survey
HARTLETON BORO STP,0.01,0.0001544598048481111,2.6534933233701082e-05,-77.1514,40.8984,Clean Watershed Needs Survey
HARTLETON BOROUGH,0.009008,0.00011682834051040553,2.3215125867217945e-05,-77.1514,40.8984,Discharge Monitoring Reports
HARTLEY TWP MUNI AUTH WWTP,0.201916666666667,0.002618737687395584,0.0012405440794362999,-77.18916,40.87173,Discharge Monitoring Reports
HARVEY AVENUE STP,1.05933333333333,0.013738916005849153,0.010341366512010234,-75.136267,40.313342,Discharge Monitoring Reports
HASTINGS MUN AUTH,0.20725,0.0026879078120316986,0.0012826189980706109,-78.703333,40.671959,Discharge Monitoring Reports
HATFIELD TWP MUNI AUTH/COLMAR,6.83583333333333,0.088656645685951,0.1123457510857437,-75.255135,40.278507,Discharge Monitoring Reports
HATFIELD TWP STP,6.24,0.09638291822522134,0.09997350585795846,-75.2551,40.2785,Clean Watershed Needs Survey
HATFIELD WASTEWATER TREATMENT FACILITY,0.184666666666667,0.0023950155655256353,0.001106607649794864,-72.592828,42.394226,Discharge Monitoring Reports
HAVERSTRAW JOINT REGIONAL STP,0.0152575,0.0001978805956191732,4.55575729088561e-05,-73.963556,41.2135,Discharge Monitoring Reports
HAVRE DE GRACE WASTEWATER TREATMENT FACILITY,1.1073825726758,0.014362085732222163,0.010945232592653327,-76.084921,39.523355,Discharge Monitoring Reports
HAWLEY AREA AUTH,0.119166666666667,0.0015455199723382954,0.0006318513623804282,-75.16729,41.47716,Discharge Monitoring Reports
HAZEL HURST WWTP,0.0169,0.00021918283244070302,5.192407025135853e-05,-78.600825,41.710561,Discharge Monitoring Reports
HEIDELBERG HGTS STP,0.04204575,0.0005453080814848337,0.00016664315365268165,-75.65494,40.69129,Discharge Monitoring Reports
HELEN A  FORT MIDDLE SCHOOL,0.0022101666666666,2.8664531962485948e-05,3.846776991405542e-06,-74.65899,39.99751,Discharge Monitoring Reports
HEMPFIELD TWP MA - DARRAGH STP,1.12,0.017299498142988447,0.011105034528392734,-79.595,40.3098,Clean Watershed Needs Survey
HERKIMER (V) WWTP,0.0,0.0,0.0,-74.979,43.019,Discharge Monitoring Reports
HERKIMER COUNTY WWTP,0.0083333333333333,0.00010807831974393599,2.1014357970225218e-05,-75.01303,43.01003,Discharge Monitoring Reports
HERNDON BOROUGH JACKSON TWP JT MUNI AUTH WWTP,0.0249166666666667,0.0003231541760343703,8.532457764182265e-05,-76.852801,40.697566,Discharge Monitoring Reports
HERRICK TWP WWTP,0.00245,3.177502600471731e-05,4.388713646645993e-06,-76.251599,41.819097,Discharge Monitoring Reports
HIDDEN VALLEY ESTATES SD,0.0403274109589041,0.0005230222579273875,0.0001579803569031067,-74.556861,41.439167,Discharge Monitoring Reports
HIGH POINT REGIONAL HS,0.00507825,6.586184726875742e-05,1.115111516278608e-05,-74.645741,41.19932,Discharge Monitoring Reports
HIGHLAND FALLS (V) WWTP,0.893216438356164,0.01158447981902371,0.008313954216993144,-73.96515,41.37052,Discharge Monitoring Reports
HIGHLAND PARK STP,0.169333333333333,0.002196151457196784,0.0009904454264763765,-75.299613,40.345842,Discharge Monitoring Reports
HIGHLAND SEWER EXTENSION #1,0.295904887714663,0.0038377083681862744,0.0020228398358199855,-73.96555,41.7192,Discharge Monitoring Reports
HIGHLANDS SEWER IMPROVEMENT AREA,0.0927150684931507,0.001202458658122045,0.00045830881148889235,-73.985083,41.327083,Discharge Monitoring Reports
HIGHSPIRE BORO - STP,1.00983333333333,0.013096930786570172,0.00972722424329549,-76.79025,40.20714,Discharge Monitoring Reports
HIGHTSTOWN BORO AWWTP,0.682083333333333,0.008846210471041192,0.005888017611900162,-74.53305,40.27493,Discharge Monitoring Reports
HILLSDALE STP,0.0310833333333333,0.0004031321326448824,0.00011322479395234477,-78.868997,40.761615,Discharge Monitoring Reports
HINCKLEY WASTEWATER TREATMENT FACILITY,0.0041313333333333,5.358090779625349e-05,8.56360284097405e-06,-75.116944,43.311944,Discharge Monitoring Reports
HINSDALE WASTEWATER TREATMENT PLANT,0.199025,0.0025812345104444336,0.0012178605436645126,-72.49205,42.780338,Discharge Monitoring Reports
HOBART (V) WWTP,0.0858493150684932,0.0011134139668524659,0.0004153460571121515,-74.684444,42.372806,Discharge Monitoring Reports
HOCKANUM RIVER WATER POLLUTION CONTROL FACILITY,6.13083333333333,0.07951321983561398,0.09774138127404533,-72.561071,41.777345,Discharge Monitoring Reports
HOLIDAY PARK STP,1.60083333333333,0.020761845222810143,0.0175382267286263,-79.713367,40.449187,Discharge Monitoring Reports
HOLLAND (T) STP,0.116,0.0015044502108355951,0.000610450457446216,-78.55035,42.65035,Discharge Monitoring Reports
HOLLEY (V) STP,0.0,0.0,0.0,-78.018528,43.225278,Discharge Monitoring Reports
HOLLIDAYSBURG REGIONAL STP,2.97558333333333,0.038591525630967335,0.038763638826785414,-78.360291,40.430073,Discharge Monitoring Reports
HOLMDEL TWP BD OF ED HOLMDEL VILLAGE SCHOOL STP,0.0028083333333333,3.6422393753706145e-05,5.226144449776974e-06,-74.158925,40.348615,Discharge Monitoring Reports
HOLYOKE WATER POLLUTION CONTROL FACILITY,4.29546345104222,0.055709576677216044,0.062001777436592846,-72.61363,42.19162,Discharge Monitoring Reports
HOMER CITY STP,0.400416666666667,0.005193163263696149,0.0029786478086279065,-79.171426,40.515347,Discharge Monitoring Reports
HONEOYE FALLS (V) WWTP,,,,-77.59045,42.9525,Discharge Monitoring Reports
HONEOYE LAKE CO CONSOLIDATED SD,0.489333333333333,0.006346358935363942,0.0038498395030556946,-77.515111,42.791,Discharge Monitoring Reports
HONEY BROOK TOWNSHIP STP,0.370833333333333,0.0048094852286051665,0.0027000607033172896,-75.8659,40.09417,Discharge Monitoring Reports
HONEYWOOD WWTP,0.02075,0.0002691150161624017,6.751503483825299e-05,-77.918301,39.602826,Discharge Monitoring Reports
HOOSIC WASTWATER TREAMENT PLANT,4.22908333333333,0.05484866648685025,0.06077861177630566,-73.211578,42.729594,Discharge Monitoring Reports
HOOSICK FALLS WWTP,0.65758904109589,0.008528534237240417,0.005618871234757294,-73.358083,42.912417,Discharge Monitoring Reports
HOPEWELL HAMLET SEWER DISTRICT,0.0770833333333333,0.0009997244576314115,0.00036188116201722807,-73.808889,41.570556,Discharge Monitoring Reports
HOPEWELL STP,0.0054,7.003475119407081e-05,1.2062891082427883e-05,-78.2658,40.1373,Discharge Monitoring Reports
HOPEWELL TWP SHY BEAVER STP,0.0008766666666666,1.1369839237061246e-05,1.178461332265099e-06,-78.211375,40.297796,Discharge Monitoring Reports
HORNELL CITY WATER POLLUTION CONTROL PLANT,2.16083333333333,0.02802470830960267,0.02574277794195899,-77.65184,42.31227,Discharge Monitoring Reports
HOUGHTON SD WWTF,0.139734794520548,0.0018122762161854047,0.0007746095714533915,-78.14325,42.430528,Discharge Monitoring Reports
HUDSON (C) STP,2.34008219178082,0.03034945816204548,0.028505856777016614,-73.792889,42.258833,Discharge Monitoring Reports
HUDSON CNTY MEADOWVIEW HOSPITAL STP,0.154166666666667,0.0019994489152628282,0.0008784030167868293,-74.057192,40.784859,Discharge Monitoring Reports
HUME (T) STP,,,,-78.11164,42.46692,Discharge Monitoring Reports
HUNTER (V) WWTF,0.157333333333333,0.0020405186767655154,0.0009015523793389495,-74.2408,42.2164,Discharge Monitoring Reports
HUNTER HILL WWTP,0.0045833333333333,5.9443075859164606e-05,9.780132058018185e-06,-77.68556,39.68007,Discharge Monitoring Reports
HUNTERSTOWN STP,0.117433333333333,0.0015230396818315477,0.0006201172301070003,-77.164676,39.886964,Discharge Monitoring Reports
HUNTINGDON STP,2.68808333333333,0.03486282359980153,0.03403822102433929,-78.001644,40.475294,Discharge Monitoring Reports
HUNTINGTON SEWER DISTRICT STP,2.07375,0.02689528986827858,0.024423037886711966,-73.42209,40.88122,Discharge Monitoring Reports
HUNTINGTON WASTEWATER TREATMENT PLAN,0.0482783333333333,0.0006261409376045208,0.00019887861565053537,-72.87644,42.232485,Discharge Monitoring Reports
HUNTS POINT WATER POLLUTION CONTROL PLANT,137.666666666667,1.7854538421698338,5.234786583422855,-73.885083,40.803694,Discharge Monitoring Reports
HUSTON TWP MUNI AUTH SEW SYS STP,0.0372166666666667,0.0004826777759764206,0.0001425609850149541,-78.53434,41.2428,Discharge Monitoring Reports
HYNDMAN STP,0.26075,0.0033817706247877707,0.001720634613010172,-78.716948,39.812247,Discharge Monitoring Reports
Hackettstown Town MUA - CS/STP,1.49,0.023014510922368555,0.01600002995992487,-74.83512797,40.81822763,Clean Watershed Needs Survey
Hadley (T) STP,0.05,0.0007722990242405556,0.00020799704104064963,-73.849583,43.320806,Clean Watershed Needs Survey
Hadley Sewerage Collection System and WWTF,0.49,0.007568530437557444,0.0038565510761165095,-72.586487,42.32859,Clean Watershed Needs Survey
Hamden (T) Delancy Hamlet WWTF,0.026,0.0004015954926050889,9.009925635308445e-05,-74.996109,42.193934,Clean Watershed Needs Survey
Hamilton (V) WWTP,0.7,0.010812186339367778,0.006086610955485467,-75.54905,42.81726,Clean Watershed Needs Survey
Hamilton Township (Mercer) WPCF- CS/STP,16.0,0.24713568775697778,0.33347506744548183,-74.71091827,40.18407669,Clean Watershed Needs Survey
Hammonton Town - CS/STP,1.3,0.020079774630254444,0.013437774967965178,-74.76817641,39.63313945,Clean Watershed Needs Survey
Hampstead WWTP & Coll. Sys.,0.82,0.012665703997545111,0.0074522649353085555,-76.833505,39.597839,Clean Watershed Needs Survey
Hampton Township - Hampton Commons CS/STP,0.05,0.0007722990242405556,0.00020799704104064963,-74.7371,41.0716,Clean Watershed Needs Survey
Hancock (V) WWTP,0.35,0.005406093169683889,0.0025075390261921292,-75.277639,41.935278,Clean Watershed Needs Survey
Hancock STP,0.38,0.005869472584228222,0.002785742691874285,-78.1536,39.7059,Clean Watershed Needs Survey
Hanover (T) WWTP,0.37,0.005715012779380111,0.002692300515305659,-79.110667,42.56975,Clean Watershed Needs Survey
Hanover Township SA -  CS/STP,4.61,0.07120597003497922,0.06786862663007841,-74.39076155,40.82277708,Clean Watershed Needs Survey
Harbor View WWTP,0.065,0.0010039887315127223,0.0002909594864834817,-75.869522,39.509074,Clean Watershed Needs Survey
Harford Twp STP,0.05,0.0007722990242405556,0.00020799704104064963,-75.68545,41.78276,Clean Watershed Needs Survey
Harrison Township (Gloucester) - CS/Mullica Hill STP,0.8,0.01235678438784889,0.007220520853362259,-75.23131833,39.73854188,Clean Watershed Needs Survey
Harrison Township (Gloucester) Richwood WRF - CS/STP,0.0,0.0,0.0,-75.1494793,39.70694412,Clean Watershed Needs Survey
Hastings (T) F. Brewerton SD STP,0.25,0.003861495121202778,0.0016304080624826712,-76.1513,43.319,Clean Watershed Needs Survey
Haverstraw Joint Regional STP,7.65,0.11816175070880501,0.12974160868802634,-73.963556,41.2135,Clean Watershed Needs Survey
Havre de Grace WWTP,3.3,0.050971735599876666,0.04425085057017274,-76.098611,39.531389,Clean Watershed Needs Survey
Heritage Village,0.78,0.012047864778152667,0.00699038981775692,-73.2234,41.4846,Clean Watershed Needs Survey
Herkimer (Co) WWTP,4.5,0.06950691218165,0.06580373327035247,-75.01303,43.01003,Clean Watershed Needs Survey
Herkimer (V) WWTP,1.1,0.016990578533292222,0.010851966255550849,-74.9797,43.02,Clean Watershed Needs Survey
Highland Falls (V) Sewers & STP,1.15,0.017762877557532777,0.011487005080003356,-73.96515,41.37052,Clean Watershed Needs Survey
Highlands (T) Fort Montgomery STP,0.12,0.0018535176581773334,0.0006375098105015879,-73.9851,41.3269,Clean Watershed Needs Survey
Hightstown Borough - CS/STP,1.0,0.015445980484811111,0.009606208291357922,-74.53292277,40.27577846,Clean Watershed Needs Survey
"Hillsdale, (T) WWTP & Collection",0.035,0.000540609316968389,0.0001317894668019548,-73.521694,42.179944,Clean Watershed Needs Survey
Hinsdale WWTF,0.3,0.004633794145443334,0.0020587242847468178,-72.49281,42.78068,Clean Watershed Needs Survey
Hobart (V) WWTP,0.2,0.0030891960969622223,0.0012254986626968037,-74.684444,42.372806,Clean Watershed Needs Survey
Holley (V) WWTP,0.45,0.006950691218165,0.0034584661816598698,-78.018528,43.225278,Clean Watershed Needs Survey
Holyoke Sewerage Collection System and WPCF,14.5,0.22396671702976112,0.294013922495025,-72.612574,42.191041,Clean Watershed Needs Survey
Honeoye Falls (V) WWTP,0.46,0.007105151023013112,0.0035570952779061986,-77.59045,42.9525,Clean Watershed Needs Survey
Hoosac Water Pollution Control Facility,4.7,0.07259610827861222,0.069568368646092,-73.211578,42.729594,Clean Watershed Needs Survey
Hoosick Falls (V) STP,1.5,0.023168970727216666,0.016137540493300077,-73.358083,42.912417,Clean Watershed Needs Survey
Hornell (C) WPCP,3.4,0.052516333648357776,0.045973607834152115,-77.65184,42.31227,Clean Watershed Needs Survey
Hudson (C) WWTP & Collection System,2.4,0.03707035316354667,0.029442976673237968,-73.792889,42.258833,Clean Watershed Needs Survey
Hume (T) Fillmore WWTP,0.05,0.0007722990242405556,0.00020799704104064963,-78.0969,42.4764,Clean Watershed Needs Survey
Hunter (V) Sewers & WWTP,0.326,0.005035389638048423,0.002289700402885941,-74.2408,42.2164,Clean Watershed Needs Survey
Huntington Sewerage Collection System and WWTF,0.2,0.0030891960969622223,0.0012254986626968037,-72.87644,42.232485,Clean Watershed Needs Survey
"Huntington, (T) STP & Collection",2.4,0.03707035316354667,0.029442976673237968,-73.42209,40.88122,Clean Watershed Needs Survey
Hyde Park (T) Route 9 Expanded SD,0.0,0.0,0.0,-73.936297,41.791489,Clean Watershed Needs Survey
Hyde Park (T) SD#1 WWTP,0.082,0.0012665703997545112,0.0003916708821009459,-73.87861,41.76751,Clean Watershed Needs Survey
I 70 IND PRK STP,0.01875,0.00024317621942385694,5.9304386517555545e-05,-79.761155,40.187293,Discharge Monitoring Reports
I-70 WWTP,0.0126583333333333,0.00016417096769103898,3.587526770219513e-05,-77.598024,39.51447,Discharge Monitoring Reports
INDIANA BORO STP,3.75,0.05792242681804167,0.052113310199105166,-79.1546,40.6241,Clean Watershed Needs Survey
INDIANA BORO WWTP,4.96333333333333,0.0643714472394885,0.074593602462219,-79.161479,40.582188,Discharge Monitoring Reports
INDIANA CO MSA MARGARET STP,0.0012165,1.5777273116219837e-05,1.7920108227174895e-06,-79.371411,40.773627,Discharge Monitoring Reports
INGLESIDE STP,0.932622222222222,0.01209554912803606,0.008786067745318711,-78.89223,40.26002,Discharge Monitoring Reports
INTERLAKEN (V) STP,0.0460630136986301,0.000597409574746784,0.00018727900929429105,-76.717611,42.621694,Discharge Monitoring Reports
IRON BRIDGE STP,0.0790833333333333,0.001025663254369956,0.00037393685268858874,-79.553085,40.112523,Discharge Monitoring Reports
ISELIN STP,0.0168333333333333,0.00021831820588275115,5.166216373051948e-05,-79.391667,40.373333,Discharge Monitoring Reports
ITHACA AREA WWTF,6.36141666666667,0.08250374694292878,0.10246894572025664,-76.512889,42.464583,Discharge Monitoring Reports
IVY HILLS SD#6,0.0302301369863014,0.00039206668933301775,0.00010926403337438498,-73.7879,41.35867,Discharge Monitoring Reports
Interlaken (V) STP,0.09,0.001390138243633,0.00044120901317736927,-76.717611,42.621694,Clean Watershed Needs Survey
Islip (T) SD #1,0.03,0.00046337941454433336,0.00010820097830781676,-73.273577,40.7560993,Clean Watershed Needs Survey
Ithaca (C) Ithaca Area STP,13.1,0.20234234435102558,0.2581974952611134,-76.5129,42.4646,Clean Watershed Needs Survey
JACKSON TWP SEW SYS,0.0509666666666667,0.0006610070035539156,0.00021315555849886754,-76.932435,41.986942,Discharge Monitoring Reports
JACKSONVILLE STP,0.03025,0.0003923243006704892,0.00010935589143054616,-79.283075,40.538907,Discharge Monitoring Reports
JAMAICA WATER POLLUTION CONTROL PLANT,84.5833333333333,1.0969949454009542,2.807091486663509,-73.806744,40.663003,Discharge Monitoring Reports
JAMESTOWN  WWTP,,,,-79.24343,42.094904,Discharge Monitoring Reports
JASPER (T) WWTP,,,,-77.500278,42.122778,Discharge Monitoring Reports
JAY TWP WEEDVILLE STP,0.1157275,0.0015009160497799683,0.0006086164061687912,-78.49139,41.27302,Discharge Monitoring Reports
JEANNETTE STP,2.83325,0.03674554792974095,0.03640745920833058,-79.64076,40.32877,Discharge Monitoring Reports
JEFFERSON TWP HIGH-MIDDLE SCHOOL,0.0073809166666666,9.572604858040107e-05,1.7992133793789365e-05,-74.549981,41.01927,Discharge Monitoring Reports
JEFFERSONVILLE (V) WWTP,0.0206666849166667,0.000268034469656483,6.716841190558694e-05,-74.941972,41.765472,Discharge Monitoring Reports
JENNER AREA BOSWELL STP,0.8,0.01235678438784889,0.007220520853362259,-79.02693,40.1657,Clean Watershed Needs Survey
JENNER AREA JT SEW AUTH BOSWELL PLT,0.531583333333333,0.006894316016465699,0.004280130870746831,-79.02693,40.1657,Discharge Monitoring Reports
JEROME WWTP,0.0689916666666667,0.0008947804091600501,0.0003140123548095936,-78.9472,40.19596,Discharge Monitoring Reports
JIM THORPE BORO WWTP,0.383333333333333,0.0049716027082210715,0.0028170439641122314,-75.73352,40.87417,Discharge Monitoring Reports
JOHNSON CITY WATER WORKS,0.0,0.0,0.0,-75.95533,42.11521,Discharge Monitoring Reports
JOHNSONBURG BORO STP,1.01,0.015600440289659222,0.009729278208732987,-78.673972,41.479667,Clean Watershed Needs Survey
JOHNSONBURG STP,0.68025,0.00882243324069753,0.005867777866226942,-78.673972,41.479667,Discharge Monitoring Reports
JOHNSTOWN CITY STP,12.0,0.18535176581773333,0.2307920646917031,-78.953343,40.364463,Clean Watershed Needs Survey
JOHNSTOWN WASTEWATER TREATMENT PLANT,8.54416666666667,0.11081270123345804,0.1494512262486827,-78.953343,40.364463,Discharge Monitoring Reports
JORDAN STP,0.0688876712328767,0.0008934316509506423,0.0003134069191049047,-76.477639,43.072778,Discharge Monitoring Reports
JUNIUS (T) FL OUTLET CTR WWTP,0.00736870781893,9.556770717047531e-05,1.7954067394768437e-05,-76.944028,42.958639,Discharge Monitoring Reports
Jacksonville Village WWTF,0.05,0.0007722990242405556,0.00020799704104064963,-72.81453,42.7853,Clean Watershed Needs Survey
Jamestown (C) WWTP,8.5,0.13129083412089446,0.14846357082901668,-79.24343,42.094904,Clean Watershed Needs Survey
Jasper (T) WWTP & Collection System,0.035,0.000540609316968389,0.0001317894668019548,-77.3002,42.0721,Clean Watershed Needs Survey
Jefferson Township - CS/STP  (White Rock),0.13,0.0020079774630254446,0.000706253094980582,-74.51749,41.03263,Clean Watershed Needs Survey
Jeffersonville (V) - Jefferson. STP,0.12,0.0018535176581773334,0.0006375098105015879,-74.941972,41.765472,Clean Watershed Needs Survey
John J. DiFonzo Water Reclamation Facility,15.0,0.23168970727216667,0.30704663700108026,-78.758,39.625,Clean Watershed Needs Survey
Joint Meeting of Essex & Union - CSO/STP,64.0,0.9885427510279111,1.9648031873554215,-74.20184723,40.64039588,Clean Watershed Needs Survey
Jordan (V) Sewers & STP,0.16,0.0024713568775697778,0.0009211479057486677,-76.4721,43.0722,Clean Watershed Needs Survey
Junius (T) Sewers,0.025,0.0003861495121202778,8.568983652090762e-05,-76.944028,42.958639,Clean Watershed Needs Survey
KARNS CITY STP,0.0252166666666667,0.00032704499554515203,8.664110016166725e-05,-79.720653,41.000578,Discharge Monitoring Reports
KARTHAUS-BURNSIDE WWTP,0.023225,0.0003012142771263508,7.798474820425577e-05,-78.109,41.119444,Discharge Monitoring Reports
KBM REGIONAL AUTHORITY,0.32125,0.004166419226128749,0.002247105082471572,-75.9974,40.9045,Discharge Monitoring Reports
KEATS GLEN STP,0.0072666666666666,9.42442948167117e-05,1.7636600592973123e-05,-75.741879,40.025747,Discharge Monitoring Reports
KEENE WASTEWATER TREATMENT FACILITY,2.57291666666667,0.033369181220940416,0.032183785243882705,-72.27547,42.89049,Discharge Monitoring Reports
KELLY TWP MUN AUTH,1.0,0.015445980484811111,0.009606208291357922,-76.8733,40.9429,Clean Watershed Needs Survey
KELLY TWP MUNI AUTH,1.31816666666667,0.017095828617095906,0.013678487383729593,-76.87974,40.98375,Discharge Monitoring Reports
KENNETT SQUARE BORO,0.95,0.014673681460570557,0.008996059411705757,-75.7088,39.8466,Clean Watershed Needs Survey
KENNETT SQUARE BORO WWTP,0.78325,0.010158281272732585,0.0070276751259465775,-75.72463,39.836127,Discharge Monitoring Reports
"KENT, TOWN OF",0.142,0.002193329228843178,0.0007907108196757524,-73.487,41.7149,Clean Watershed Needs Survey
KERHONKSON WWTF,0.0496383561643836,0.0006437796154917178,0.00020607428757590942,-74.39438,41.71721,Discharge Monitoring Reports
KINGS PLAZA STP,0.396166666666667,0.005138043320626741,0.00293826048513677,-75.13203,40.27143,Discharge Monitoring Reports
KINGSTON (C) WWTP,2.5031775,0.03246470618649929,0.031071989500443136,-73.97896,41.92027,Discharge Monitoring Reports
KINGWOOD TWP SCHOOL,0.0013014166666666,1.6878591194409687e-05,1.9535814367880056e-06,-75.01173,40.506376,Discharge Monitoring Reports
KINZUA ROAD STP KANE,0.585416666666667,0.007592501962011538,0.004842331300037973,-78.80611,41.677784,Discharge Monitoring Reports
KINZUA WARREN CNTY WWTP,0.14625,0.001896774511506084,0.0008211135392199129,-79.109765,41.823948,Discharge Monitoring Reports
KIRYAS JOEL (V) WWTP,,,,-74.16203,41.33415,Discharge Monitoring Reports
KISKI VALLEY WPCA,7.0,0.10812186339367778,0.1158090618202728,-79.5839,40.6095,Clean Watershed Needs Survey
KISKI VLY WPCA STP,3.95583333333333,0.05130477838244658,0.0558005615157065,-79.621728,40.630963,Discharge Monitoring Reports
KISSING BRIDGE SD#2,0.0023636363636363,3.06549416000975e-05,4.191773145638617e-06,-78.652111,42.599611,Discharge Monitoring Reports
KITTANNING BORO STP,0.668,0.008663558110673944,0.005732931962610789,-79.5157,40.81203,Discharge Monitoring Reports
KITTATINNY REG HS/MARION MCKEOWN SCHOOL,0.00330025,4.280225696819114e-05,6.4248458754833165e-06,-74.764355,41.107724,Discharge Monitoring Reports
KNOX BORO STP,0.206416666666667,0.0026770999800573097,0.0012760246358420762,-79.5237,41.2259,Discharge Monitoring Reports
KNOXVILLE BORO STP,0.0445833333333333,0.0005782190106300595,0.00017961719876934273,-77.4317,41.95446,Discharge Monitoring Reports
KRATZER RUN SEW AUTH WWTP,0.0571666666666667,0.0007414172734434043,0.0002468775512007942,-78.58555,40.967234,Discharge Monitoring Reports
KREAMER MUNI AUTH SEW STP,0.0823333333333333,0.0010678137990700913,0.0003937089920725033,-76.965776,40.80612,Discharge Monitoring Reports
KULPMONT-MARION HGHTS JOINT MUNI AUTH,0.2843805,0.0036882439929528613,0.001922602230664392,-76.471941,40.794824,Discharge Monitoring Reports
KUTZTOWN BORO STP,1.36,0.021006533459343113,0.014236304606485468,-75.7766,40.5214,Clean Watershed Needs Survey
KUTZTOWN BOROUGH WWTP,1.20079166666667,0.015573545483502562,0.012140045313148488,-75.782285,40.529445,Discharge Monitoring Reports
Keene WWTF,5.5,0.08495289266646111,0.08506435085959785,-72.274,42.8909,Clean Watershed Needs Survey
Kent (T) Lake Carmel WWTP,0.0,0.0,0.0,-73.661067,41.4603832,Clean Watershed Needs Survey
Kingston (C) Sewers & WWTP,4.8,0.07414070632709334,0.07146765913094197,-73.9773,41.9201,Clean Watershed Needs Survey
Kirkland (T) Clark Mills STP,0.5,0.007722990242405556,0.003957529462697384,-75.37875,43.094639,Clean Watershed Needs Survey
Kiryas Joel (V) Sewers & WWTP,0.97,0.014982601070266777,0.009239068617209632,-74.16203,41.33415,Clean Watershed Needs Survey
LACEYVILLE BORO JNT MUNIC AUTH,0.01947,0.00025251418624973305,6.223335988331458e-05,-76.163056,41.644167,Discharge Monitoring Reports
LAKE HUNTINGTON SD,,,,-74.96344,41.64092,Discharge Monitoring Reports
LAKE MEADE STP,0.146583333333333,0.0019010976442958374,0.0008235086157524683,-77.03347,39.99557,Discharge Monitoring Reports
LAKE WINOLA MUN AUTH,0.044894,0.0005822481703901139,0.00018122002703832322,-75.899444,41.508333,Discharge Monitoring Reports
LAKEWOOD STP,0.0029833333333333,3.869203846832881e-05,5.6463629610599645e-06,-78.858619,40.039745,Discharge Monitoring Reports
LAMBERTVILLE CITY SEWER AUTH,0.724166666666667,0.009392005985748079,0.006356734025522452,-74.947,40.36691,Discharge Monitoring Reports
LANCASTER AREA SEWER AUTH STP,15.0,0.23168970727216667,0.30704663700108026,-76.4623,39.9829,Clean Watershed Needs Survey
LANCASTER CITY STP,27.13,0.4190494505529255,0.6553304704315949,-76.30532,40.016877,Clean Watershed Needs Survey
LANDISBURG STP,0.0223566666666667,0.00028995251620903304,7.427417740150981e-05,-77.313611,40.343056,Discharge Monitoring Reports
LANSDALE BORO STP,0.967166666666667,0.012543569789481264,0.009204556475076583,-75.287224,40.256954,Discharge Monitoring Reports
LASA- SUSQUEHANNA WATER POL CNTRL FAC,11.7654166666667,0.1525903757304771,0.22503582621918175,-76.45862,39.9845,Discharge Monitoring Reports
LATROBE MUN AUTH STP,4.36333333333333,0.05658980821792506,0.0632578658224179,-79.3876,40.31736,Discharge Monitoring Reports
LAUREL LAKE STP,0.011849,0.0001536744012775083,3.2967342043090335e-05,-75.915278,41.946667,Discharge Monitoring Reports
LAVALE SANITARY COMMISSION CSO,,,,-78.82125,39.64556,Discharge Monitoring Reports
LAVANSVILLE STP,0.071725,0.0009302300980360608,0.00033001575420055077,-79.119722,40.008333,Discharge Monitoring Reports
LAWRENCE TWP MUNIC AUTH SEWER SYSTEM,0.0511,0.0006627362566698181,0.00021386923744625214,-77.11049,41.95589,Discharge Monitoring Reports
LAWRENCEVILLE BORO SEW SYS,0.185333333333333,0.0024036618311051414,0.0011117212621360598,-77.12276,41.99678,Discharge Monitoring Reports
LE ROY R SUMMERSON WWTF,0.0,0.0,0.0,-76.15883,42.59852,Discharge Monitoring Reports
LEACOCK TWP STP,0.24212575,0.00314022530720885,0.0015650000449986875,-76.112812,40.04305,Discharge Monitoring Reports
LEBANON CITY STP,8.0,0.12356784387848889,0.13738380060713165,-76.4638,40.3363,Clean Watershed Needs Survey
LEBANON CITY STP,6.40941666666667,0.08312627806465386,0.10345916522804159,-76.462464,40.337591,Discharge Monitoring Reports
LEE WASTEWATER TREATMENT FACILITY,0.673333333333333,0.00873272823531006,0.005791556218648168,-73.241279,42.286286,Discharge Monitoring Reports
LEESPORT BOROUGH AUTHORITY WWTP,0.341666666666667,0.004431211109501398,0.002431412081918557,-75.965848,40.444604,Discharge Monitoring Reports
LEHIGH CO A - ALLENTOWN,28.0,0.43248745357471113,0.6823359105439352,-75.4575,40.6052,Clean Watershed Needs Survey
LEHIGH CO A - HEIDELBERG HGHTS STP,0.1,0.0015445980484811112,0.000504876317171055,-75.6551,40.6913,Clean Watershed Needs Survey
LEHIGH CO A - LYNN TWP,0.08,0.0012356784387848889,0.0003794910401622186,-75.7666,40.6794,Clean Watershed Needs Survey
LEHIGH TWP MUN AUTH-DANIELSVIL,0.181466666666667,0.002353513490743964,0.0010821343024708426,-75.55156,40.77655,Discharge Monitoring Reports
LEHIGH TWP MUN AUTH-DANIELSVIL,0.0191333333333333,0.0002481478221320776,6.085995711050111e-05,-75.55156,40.77655,Discharge Monitoring Reports
LEMOYNE STP,0.3845,0.004986733672985227,0.0028280174201492157,-76.8861,40.244783,Discharge Monitoring Reports
LENHARTSVILLE STP,0.0198083333333333,0.00025690216603133645,6.362026183264438e-05,-75.887964,40.574452,Discharge Monitoring Reports
LENOX CENTER WASTEWATER TREATMENT FACILITY,0.654666666666667,0.008490632799083648,0.005586944423145816,-73.24545,42.34831,Discharge Monitoring Reports
LERAYSVILLE BORO WWTP,0.0155083333333333,0.00020113375304346525,4.651796784483166e-05,-76.180744,41.829719,Discharge Monitoring Reports
LEROY - V WWTP,0.605128767123288,0.00784815604552857,0.0050519061340319115,-77.985472,42.990417,Discharge Monitoring Reports
LESTER D. WILSON ELEM SCHOOL,0.0006594166666666,8.552237441336824e-06,8.186347353423042e-07,-75.023492,40.569006,Discharge Monitoring Reports
LEWIS TOWNSHIP WWTP - UPGRADE AND EXPANSION,0.0277325,0.00035967384027584605,9.78506094353663e-05,-77.14065,40.88208,Discharge Monitoring Reports
LEWISBERRY STP,0.0523083333333333,0.0006784076130326884,0.00022036056314702002,-76.861332,40.132238,Discharge Monitoring Reports
LEWISBURG AREA STP,2.42,0.03737927277324289,0.029757244442937824,-76.8865,40.9488,Clean Watershed Needs Survey
LEWISBURG JT AUTH EAST BUFFALO,1.03833333333333,0.013466558640094436,0.010079819546685687,-76.8865,40.9488,Discharge Monitoring Reports
LEWISTON WATER POLL CONT CENTER,0.0,0.0,0.0,-79.04443,43.17405,Discharge Monitoring Reports
LEWISTON WATER POLL CONT CENTER,,,,-79.04443,43.17405,Discharge Monitoring Reports
LEWISTOWN BORO STP,2.428,0.03750284061712138,0.029883155193862095,-77.5702,40.5861,Clean Watershed Needs Survey
LEWISTOWN STP,1.6025,0.020783460886758975,0.017561590696128435,-77.56536,40.58755,Discharge Monitoring Reports
LIBERTY (V) WWTF,,,,-74.730361,41.782167,Discharge Monitoring Reports
LIBERTY AREA MUNI AUTH,0.0324166666666667,0.00042042466380391307,0.00011947531317688123,-77.110833,41.5525,Discharge Monitoring Reports
LIBERTY LOOMIS SEWER DISTRICT STP,0.03625,0.0004701406908861234,0.00013784093527035386,-74.74687,41.80125,Discharge Monitoring Reports
LILY DALE SD WWTF,0.0249166666666667,0.0003231541760343703,8.532457764182265e-05,-79.327139,42.35225,Discharge Monitoring Reports
LIMA (V) STP,0.200095890410959,0.0025951233147939942,0.0012262504279545955,-77.60518,42.91545,Discharge Monitoring Reports
LIMESTONE WWTP,0.104164383561644,0.0013509493863006472,0.0005319299215318183,-78.63057,42.0233,Discharge Monitoring Reports
LINCOLN ROAD STP,0.1036775,0.0013446347994302364,0.0005287510610810346,-79.883504,40.474021,Discharge Monitoring Reports
LITCHFIELD WPCF,0.75,0.011584485363608333,0.00664828307076811,-73.2443,41.7147,Clean Watershed Needs Survey
LITCHFIELD WPCF,0.548333333333333,0.007111553439151012,0.004453426948950486,-73.244315,41.714659,Discharge Monitoring Reports
LITITZ STP,2.944825,0.03819260855279251,0.03825174337703136,-76.28419,40.15321,Discharge Monitoring Reports
LITTLE FALLS WASTE WATER TREATMENT PLANT,,,,-74.8291,43.03466,Discharge Monitoring Reports
LITTLE VALLEY (V) STP,0.089253698630137,0.0011575667734652266,0.00043653374085202503,-78.781056,42.241167,Discharge Monitoring Reports
LITTLESTOWN BORO STP,1.0,0.015445980484811111,0.009606208291357922,-77.091341,39.756133,Clean Watershed Needs Survey
LITTLESTOWN STP,0.682083333333333,0.008846210471041192,0.005888017611900162,-77.091341,39.756133,Discharge Monitoring Reports
LIVERPOOL STP,0.109833333333333,0.0014244722542250778,0.0005692446330239068,-76.993,40.563623,Discharge Monitoring Reports
LIVINGSTON MANOR STP,,,,-74.831222,41.9085,Discharge Monitoring Reports
LIVINGSTON WATER POLLUTION CONTROL  FACILITY,4.48,0.05810290469434023,0.06542980080705785,-74.341872,40.807989,Discharge Monitoring Reports
LLOYD HIGHLAND SEWER DISTRICT STP,0.958428143712575,0.012430236404130615,0.009098292741121748,-73.95125,41.7183,Discharge Monitoring Reports
LOCH SHELDRAKE WWTP,0.0,0.0,0.0,-74.652602,41.767817,Discharge Monitoring Reports
LOCKPORT (C) WWTP,,,,-78.70412,43.18433,Discharge Monitoring Reports
LOG COLLEGE STP,4.03960416666667,0.05239123569167259,0.0573167907250061,-75.108308,40.230843,Discharge Monitoring Reports
LOGAN TOWNSHIP MUA,1.36508333333333,0.01770430955725418,0.01430441738239078,-75.377619,39.787893,Discharge Monitoring Reports
LOGAN TWP STP,0.6,0.009267588290886667,0.004997191930006617,-78.3498,40.5754,Clean Watershed Needs Survey
LOGAN TWP STP,0.564416666666667,0.007320144596256819,0.00462122398083513,-78.352005,40.574478,Discharge Monitoring Reports
LOGANTON BOROUGH AUTHORITY,0.0301666666666667,0.0003912435174730503,0.00010897062298231353,-77.306918,41.028127,Discharge Monitoring Reports
LONG BEACH (C) WPCP,4.78916666666667,0.062112610356840306,0.07126136419846925,-73.665306,40.593083,Discharge Monitoring Reports
LONG BRANCH CITY SEWER AUTH,3.92975,0.0509664932416481,0.05533027989720891,-73.98603,40.31294,Discharge Monitoring Reports
LONG HILL TOWNSHIP STP,1.22366666666667,0.015870220471199667,0.012436704474079888,-74.49081,40.66922,Discharge Monitoring Reports
LONG POND SCHOOL WWTF,0.002,2.593879673854474e-05,3.385157203170845e-06,-74.709441,41.031681,Discharge Monitoring Reports
LOUNSBERRY HOLLOW MIDDLE SCH STP,0.0076609166666666,9.935748012379732e-05,1.8869943266489767e-05,-74.497288,41.223077,Discharge Monitoring Reports
LOWER ALLEN TWP STP,4.95,0.076457603399815,0.07433733178381766,-76.8583,40.2259,Clean Watershed Needs Survey
LOWER ALLEN TWP STP,7.8545,0.10186813949144982,0.13419524437611344,-76.858889,40.226111,Discharge Monitoring Reports
LOWER BUCKS WWTP,7.875,0.10213401215801991,0.13464350004384262,-74.828734,40.133475,Discharge Monitoring Reports
LOWER FREDERICK TWP STP,0.14125,0.0018319275196597223,0.0007853717595510674,-75.459063,40.270843,Discharge Monitoring Reports
LOWER LACKAWANNA VALLEY SANITARY AUTHORITY,4.02150833333333,0.052156543620348536,0.056988510548738804,-75.780179,41.348611,Discharge Monitoring Reports
LOWER LACKAWANNA VLY STP,5.4,0.08340829461798001,0.0830906978614849,-75.7827,41.3498,Clean Watershed Needs Survey
LOWER MAHANOY TWP MUN AUTH,0.0374416666666667,0.00048559589060950673,0.00014366457295350373,-76.906608,40.649178,Discharge Monitoring Reports
LOYSVILLE STP,0.134766666666667,0.001747842586898944,0.0007395517283522553,-77.340895,40.36078,Discharge Monitoring Reports
LRBSA - THROOP PLANT,7.25833333333333,0.09413621649696859,0.12130489686264581,-75.63191,41.4494,Discharge Monitoring Reports
LRBSA ARCHBALD STP,6.0,0.09267588290886666,0.09508084439475163,-75.5424,41.5134,Clean Watershed Needs Survey
LRBSA ARCHBALD STP,3.5975,0.04665741063345735,0.049417534944478675,-75.54685,41.52574,Discharge Monitoring Reports
LRBSA CLINTON TWP STP,0.7,0.010812186339367778,0.006086610955485467,-75.6333,41.4482,Clean Watershed Needs Survey
LRBSA THROOP STP,5.0,0.07722990242405554,0.07529933776825676,-75.6319,41.4494,Clean Watershed Needs Survey
LRBSA/ CLINTON TWP PLANT,0.5075,0.0065819696724057275,0.004033635010062154,-75.461275,41.645927,Discharge Monitoring Reports
LUDLOW WASTEWATER TREATMENT FACILITY,0.40725,0.005281787485886173,0.0030438353477853504,-72.679281,43.392349,Discharge Monitoring Reports
LUZERNE TWP SEW AUTH WWTF,0.323425,0.004194627667581916,0.0022665875746933337,-79.968525,40.00978,Discharge Monitoring Reports
LYKENS BORO AUTH - STP,0.294416666666667,0.003818407036553278,0.002009833158472814,-76.713269,40.569178,Discharge Monitoring Reports
LYNDONVILLE (V) WWTP,0.0492821917808219,0.0006391603777163599,0.0002041844877568903,-78.38475,43.32575,Discharge Monitoring Reports
LYNN TWP WWTP,0.0772316666666667,0.0010016482517228543,0.0003627723227814921,-75.76658,40.67936,Discharge Monitoring Reports
LYONS (T) WWTP,0.528282191780822,0.006851502196597826,0.0042461552395875925,-76.980556,43.06425,Discharge Monitoring Reports
LYONS BORO MUN AUTH WTP,0.240014333333333,0.0031128415033353242,0.0015475614287484573,-75.746111,40.4875,Discharge Monitoring Reports
La Grange (T) Noxon Knolls SD STP,0.033,0.0005097173559987666,0.0001222327613352256,-73.846,41.6514,Clean Watershed Needs Survey
La Grange (T) Titusville SD STP,0.43,0.006641771608468777,0.003263049310626773,-73.79661639,41.66206997,Clean Watershed Needs Survey
Lake George (V) STP,1.75,0.027030465848419446,0.0196556250263897,-73.717722,43.409639,Clean Watershed Needs Survey
Lake Pleasant (T) Lake Pleasant Lake SD,0.0,0.0,0.0,-74.38979523,43.472637244,Clean Watershed Needs Survey
Lambertville City SA - CS/STP,1.5,0.023168970727216666,0.016137540493300077,-74.94442506,40.35943934,Clean Watershed Needs Survey
Le Roy (V) WWTP,1.0,0.015445980484811111,0.009606208291357922,-77.985472,42.990417,Clean Watershed Needs Survey
Lenox Sewerage Collection System and WWTF,1.18,0.018226256972077113,0.011871769811969878,-73.24545,42.34831,Clean Watershed Needs Survey
Lewis Twp STP,0.034,0.0005251633364835778,0.00012699148065413638,-77.14065,40.88208,Clean Watershed Needs Survey
"Lewisboro, (T) Wild Oaks WWTP",0.06,0.0009267588290886667,0.00026263888740455526,-73.662556,41.303472,Clean Watershed Needs Survey
Lewiston (T) Master SD WWTP & Sewers,2.75,0.042476446333230555,0.03504449045259027,-79.04443,43.17405,Clean Watershed Needs Survey
Liberty (T) Loomis WWTP,0.08,0.0012356784387848889,0.0003794910401622186,-74.7469,41.8014,Clean Watershed Needs Survey
Liberty (T) Swan Lake S.D.,0.43,0.006641771608468777,0.003263049310626773,-74.7845,41.7476,Clean Watershed Needs Survey
Liberty (V) STP,2.0,0.030891960969622222,0.023317384900542904,-74.7318,41.7846,Clean Watershed Needs Survey
Lima (V) WWTP,0.2,0.0030891960969622223,0.0012254986626968037,-77.60518,42.91545,Clean Watershed Needs Survey
Linden Roselle SA - CS-CSO/STP,11.4,0.17608417752684666,0.2161330529949719,-74.21994,40.60946,Clean Watershed Needs Survey
Little Falls (C) WWTP & Collection System,1.9,0.029347362921141113,0.02183635556597354,-74.84378,43.0387,Clean Watershed Needs Survey
Little Valley (V) WWTP,0.185,0.0028575063896900555,0.001109163812463131,-78.7887,42.2486,Clean Watershed Needs Survey
Livingston (Co) Groveland Station WWTP,0.065,0.0010039887315127223,0.0002909594864834817,-77.7705,42.663333,Clean Watershed Needs Survey
Livingston Township CS - STP,4.6,0.0710515102301311,0.06768033474660984,-74.3422,40.808,Clean Watershed Needs Survey
Logan Township MUA - CS/STP,2.0,0.030891960969622222,0.023317384900542904,-75.37740644,39.78754131,Clean Watershed Needs Survey
Long Branch City SA - CS/STP,5.4,0.08340829461798001,0.0830906978614849,-73.9854,40.31223,Clean Watershed Needs Survey
Long Hill Township - CS/STP,0.55,0.008495289266646111,0.0044707521304922036,-74.49029937,40.66499598,Clean Watershed Needs Survey
Lower Alloways Creek Township - Hancocks Bridge TP,0.05,0.0007722990242405556,0.00020799704104064963,-75.45925794,39.50639963,Clean Watershed Needs Survey
Lower Alloways Creek Township CS - STP,0.05,0.0007722990242405556,0.00020799704104064963,-75.45929013,39.50639135,Clean Watershed Needs Survey
Ludlow WWTF,1.05,0.016218279509051668,0.010224942847582788,-72.679281,43.392349,Clean Watershed Needs Survey
Lumberland (T) Mohican Lake SD,0.0,0.0,0.0,-74.8203454,41.51499559,Clean Watershed Needs Survey
Lyndonville (V) WWTP,0.15,0.002316897072721667,0.0008481454664881528,-78.385952,43.326676,Clean Watershed Needs Survey
Lyons (T) WWTP,0.75,0.011584485363608333,0.00664828307076811,-76.979722,43.058333,Clean Watershed Needs Survey
Lyons (V) WWTP,0.75,0.011584485363608333,0.00664828307076811,-76.980556,43.06425,Clean Watershed Needs Survey
MACEDON - V STP,0.215854794520548,0.002799506820054418,0.0013511403079544213,-77.288861,43.070778,Discharge Monitoring Reports
MACOBY CREEK STP,0.162833333333333,0.0021118503677965135,0.0009420683356937657,-75.48052,40.39189,Discharge Monitoring Reports
MADISON TWP MUNI AUTH JERSEYTOWN SEW SYS STP,0.0237964166666667,0.00030862520751119294,8.044785523322487e-05,-76.5811,41.0893,Discharge Monitoring Reports
MADISON TWP SFTF,0.001,1.296939836927237e-05,1.3946042976668711e-06,-76.529927,41.087783,Discharge Monitoring Reports
MAHAFFEY BORO STP,0.1032,0.0013384419117089086,0.0005256375138284286,-78.731696,40.882008,Discharge Monitoring Reports
MAHANOY CITY MUNICIPAL AUTHORI,0.727715833333333,0.009438036542127014,0.006396619421940847,-76.156327,40.808421,Discharge Monitoring Reports
MAHANOY CITY STP,1.38,0.02131545306903933,0.014504697849201362,-76.128,40.8133,Clean Watershed Needs Survey
MAHOPAC (V) STP,,,,-73.72375,41.379111,Discharge Monitoring Reports
MAIDENCREEK TWP STP,0.796291666666667,0.010327423843131848,0.007177728039764182,-75.920833,40.429444,Discharge Monitoring Reports
MAINLAND STP,0.824,0.010686784256280432,0.0074988047922153,-75.359538,40.256288,Discharge Monitoring Reports
MALDEN-ON-HUDSON SD STP,,,,-73.930944,42.099278,Discharge Monitoring Reports
MAMARONECK (V) SANITARY SD,15.553698630137,0.2017221136498527,0.32162120785014287,-73.733694,40.946833,Discharge Monitoring Reports
MANCHESTER TOWN WATER & SEWER DEPT,0.299916666666667,0.0038897387275842765,0.00205799268427218,-73.05658,43.16013,Discharge Monitoring Reports
MANCHESTER WPCF,6.65,0.1027157702239939,0.10845332195079942,-72.5611,41.7773,Clean Watershed Needs Survey
MANCHESTER WWTP,0.17535119047619,0.0022741994438118677,0.0010356994960311033,-76.88045,39.65748,Discharge Monitoring Reports
MANCHESTER-SHORTVILLE JNT STP,0.339446575342466,0.004402417860701669,0.002411217867443685,-77.22898,42.96967,Discharge Monitoring Reports
MANHEIM BORO STP,0.87,0.013438003021785666,0.00803849834851196,-76.4042,40.1528,Clean Watershed Needs Survey
MANHEIM STP,1.09560525,0.014209340942716248,0.01079652891318396,-76.404444,40.152667,Discharge Monitoring Reports
MANNS CHOICE HARRISON TWP STP,0.0241666666666667,0.00031342712725741605,8.20526979208728e-05,-78.593908,40.006748,Discharge Monitoring Reports
MANSFIELD BORO STP,1.0,0.015445980484811111,0.009606208291357922,-77.0772,41.8073,Clean Watershed Needs Survey
MAPLE SHADE TWP UTIL AUTH PARK AVENUE POTW,3.13583333333333,0.04066987171964324,0.04145430250739581,-75.018773,39.967727,Discharge Monitoring Reports
MAPLETON AREA STP,0.0313164166666667,0.0004061550832481212,0.00011431215597554415,-77.945532,40.397794,Discharge Monitoring Reports
MARATHON (V) STP,,,,-76.033861,42.433972,Discharge Monitoring Reports
MARCELLUS (V) WPCP,0.248,0.003216410795579548,0.0016137396235925139,-76.34132,42.98245,Discharge Monitoring Reports
MARIAVILLE LAKE SD#2,,,,-74.138,42.831472,Discharge Monitoring Reports
MARIENVILLE STP,0.405916666666667,0.005264494954727147,0.0030310916598072805,-79.118611,41.456944,Discharge Monitoring Reports
MARIETTA DONEGAL STP,0.630333333333333,0.008175044105431347,0.005322661186852189,-76.535556,40.056667,Discharge Monitoring Reports
MARION (T) STP,0.0770684931506849,0.0009995319893907715,0.0003617920311360347,-77.178111,43.1335,Discharge Monitoring Reports
MARION CENTER STP,0.0475833333333333,0.0006171272057378765,0.0001952231850153456,-79.0567,40.765897,Discharge Monitoring Reports
MARKLESBURG STP,0.006,7.781639021563422e-05,1.3803589324417128e-05,-78.17203,40.38235,Discharge Monitoring Reports
MARKLEYSBURG AREA STP,0.0455441666666667,0.0005906804408965361,0.00018458446374713215,-79.444204,39.75091,Discharge Monitoring Reports
MARLBORO PSYCHIATRIC HOSPITAL,0.126366666666667,0.0016388996405970562,0.0006810990959758772,-74.239766,40.343175,Discharge Monitoring Reports
MARLBORO WWTP,0.113972602739726,0.00147815608811433,0.0005968341174648105,-73.964806,41.603556,Discharge Monitoring Reports
MARLOWE GARDEN APTS-PHASE I,0.01,0.00012969398369272372,2.6534933233701082e-05,-77.8875,39.583926,Discharge Monitoring Reports
MARSH CREEK WWTP,0.0059320788530465,7.693549380309639e-05,1.360399334608471e-05,-76.972416,42.880901,Discharge Monitoring Reports
MARTINSBURG STP,0.512666666666667,0.006648978230646974,0.0040862466444894245,-78.338323,40.310296,Discharge Monitoring Reports
MARYSVILLE STP,0.330833333333333,0.004290709293834271,0.0023332213419528223,-76.927333,40.343056,Discharge Monitoring Reports
MASONTOWN WWTP,0.2,0.0030891960969622223,0.0012254986626968037,-79.8128,39.5231,Clean Watershed Needs Survey
MATSUNK STP,3.19991666666667,0.04150099399847419,0.04254120055979022,-75.329524,40.093532,Discharge Monitoring Reports
MATTABASSETT DISTRICT,19.2575,0.24975818909626268,0.4226946274054997,-72.650828,41.586897,Discharge Monitoring Reports
MAWC FURNACE RUN,0.5766,0.007478155099722448,0.004749226716876733,-79.2495,40.2481,Discharge Monitoring Reports
MAYBROOK (V) STP,0.348106849315068,0.0045147364038393865,0.002490199736535048,-74.206639,41.498444,Discharge Monitoring Reports
MAYFIELD (V) WWTP,0.0724328767123288,0.0009394108331145838,0.00033418842162549674,-74.262583,43.094472,Discharge Monitoring Reports
MCALISTERVILLE STP,0.0711666666666667,0.0009229888506132175,0.0003267326894815837,-77.27792,40.62326,Discharge Monitoring Reports
MCCANDLESS TWP - A&B STP,0.4,0.006178392193924445,0.0029746829494535767,-79.984,40.3937,Clean Watershed Needs Survey
MCCANDLESS TWP - PINE CREEK STP,6.0,0.09267588290886666,0.09508084439475163,-79.982336,40.593621,Clean Watershed Needs Survey
MCCANDLESS TWP SAN AUTH - PINE CREEK STP,3.8797,0.05031737485326602,0.054430323482436205,-79.98313,40.59673,Discharge Monitoring Reports
MCCLURE MUNI AUTH SEW SYS STP,0.2285,0.002963507527378737,0.0014532226757761593,-77.318288,40.710567,Discharge Monitoring Reports
MCCONNELLSBURG STP,0.304,0.003942697104258801,0.00209390766769814,-78.00022,39.93067,Discharge Monitoring Reports
MCVEYTOWN STP,0.0368333333333333,0.0004777061732681986,0.00014068509185385646,-77.738497,40.495737,Discharge Monitoring Reports
MEADOWBROOK RD STP,4.04575,0.052470943452483695,0.057428377114816624,-79.7256,40.41249,Discharge Monitoring Reports
MEADOWBROOK-LIMESTONE WWTP,,,,-76.00825,43.054472,Discharge Monitoring Reports
MEADOWVIEW WWTP,0.181520833333333,0.0023542159998222907,0.0010825475684579007,-75.79708,39.65404,Discharge Monitoring Reports
MECHANICSBURG STP,2.09,0.03228209921325522,0.024668150695768172,-77.0281,40.2088,Clean Watershed Needs Survey
MECHANICSBURG STP,1.20233333333333,0.015593539972655104,0.012159989490290847,-77.025962,40.211224,Discharge Monitoring Reports
MEDFORD LAKES BOROUGH STP,0.401,0.005200728746078221,0.002984200547932099,-74.80771,39.86476,Discharge Monitoring Reports
MEDFORD TWP STP,1.16270833333333,0.015079627562272687,0.011649657604452447,-74.80697,39.91938,Discharge Monitoring Reports
MEDINA (V) WWTP,1.78216438356164,0.023113599849939635,0.020118994975280986,-78.385,43.209722,Discharge Monitoring Reports
MENDHAM BORO,0.385416666666667,0.0049986222881570645,0.00283664595064205,-74.60123,40.77577,Discharge Monitoring Reports
MERCER COUNTY CORRECTION CTR WTP,0.0799166666666667,0.001036471086344351,0.00037898537594069224,-74.918681,40.329894,Discharge Monitoring Reports
MERCERSBURG STP,0.241526900083333,0.0031324585840761896,0.001560049689838994,-77.899639,39.833444,Discharge Monitoring Reports
MERIDEN WATER POLLUTION CONTROL FACILITY,12.1833333333333,0.1580105034656346,0.2353126914740734,-72.82825,41.51139,Discharge Monitoring Reports
MERIDEN WPCF,7.6,0.11738945168456445,0.12865771748667623,-72.8279,41.5134,Clean Watershed Needs Survey
MESHOPPEN BORO - WWTP,0.0109833333333333,0.00014244722542250778,2.9917957759572285e-05,-76.04808,41.61048,Discharge Monitoring Reports
METAL TWP MUNI AUTH - FANNETTSBURG STP,0.0166,0.00021529201292992136,5.074777708116658e-05,-77.816389,40.060833,Discharge Monitoring Reports
METROPOLITAN SYRACUSE WWTP,33.4761859106183,0.4341659909586316,0.8575291348896223,-76.17581,43.06279,Discharge Monitoring Reports
MEXICO - V STP,0.304317808219178,0.003946818885658349,0.002096708632242677,-76.238583,43.466611,Discharge Monitoring Reports
MEYERSDALE STP,0.474416666666667,0.006152898743022305,0.0037003406810474926,-79.0255,39.8145,Discharge Monitoring Reports
MID-CAMERON AUTH - EMPORIUM STP,0.455,0.007027921120589056,0.003507705031513243,-78.2378,41.5117,Clean Watershed Needs Survey
MID-CAMERON AUTHORITY,0.797333333333333,0.010340933633099833,0.00718974288178022,-78.227759,41.507784,Discharge Monitoring Reports
MID-CENTRE COUNTY AUTHORITY WWTP,0.661583333333333,0.008580337804471108,0.005662572829159831,-77.76307,40.95718,Discharge Monitoring Reports
MIDDLE SMITHFIELD TWP STP,1.0,0.015445980484811111,0.009606208291357922,-75.1791,41.0197,Clean Watershed Needs Survey
MIDDLE SMITHFIELD TWP WWTP,0.382416666666667,0.004959714093049247,0.0028084285045286857,-75.17905,41.01966,Discharge Monitoring Reports
MIDDLEBURG BORO WWTP,0.358333333333333,0.0046473677489892624,0.0025841740653380772,-77.04218,40.79341,Discharge Monitoring Reports
MIDDLEBURGH (V) WWTP,0.0558333333333333,0.0007241247422843735,0.00023953499346765115,-74.337833,42.594389,Discharge Monitoring Reports
MIDDLEPORT STP,0.383547945205479,0.004974386095085708,0.0028190618652433955,-78.47946,43.22408,Discharge Monitoring Reports
MIDDLESEX COUNTY UTILITIES AUTHORITY,56.39,0.731344374043269,1.6710220064655266,-74.3042,40.4911,Discharge Monitoring Reports
MIDDLETOWN CITY OF SEWAGE TREATMENT PLT,0.125,0.0016211747961590464,0.0006716893646059418,-74.42593,41.42846,Discharge Monitoring Reports
MIDDLETOWN TWP SLF BELFORD SECTION,7.53333333333333,0.09770280104851847,0.12721562689404894,-74.081111,40.430278,Discharge Monitoring Reports
MIDDLETOWN WPCF,3.8475,0.04989976022577545,0.05385304017434971,-72.639241,41.558597,Discharge Monitoring Reports
MIDPOINT PK SD WWTP-ROYAL RDG.,0.0757452054794521,0.0009823697444254066,0.00035386365335029856,-73.863528,41.61575,Discharge Monitoring Reports
MIFFLINBURG WWTF,0.4,0.006178392193924445,0.0029746829494535767,-77.0423,40.924,Clean Watershed Needs Survey
MIFFLINBURG WWTP,0.912083333333333,0.011829172095973837,0.008539284495238763,-77.04232,40.92396,Discharge Monitoring Reports
MILFORD - HOUSATONIC WPCF,6.0,0.09267588290886666,0.09508084439475163,-73.1023,41.2237,Clean Watershed Needs Survey
MILFORD - HOUSATONIC WPCF,6.94166666666667,0.09002924034669908,0.11457581615120917,-73.108164,41.223153,Discharge Monitoring Reports
MILFORD BEAVER BROOK WPCF,2.10833333333333,0.027343814895215868,0.024945327946483804,-73.099537,41.188325,Discharge Monitoring Reports
MILFORD BORO SEWER AUTH,0.222333333333333,0.0028835295707682193,0.0014032375790228593,-75.09259,40.56505,Discharge Monitoring Reports
MILFORD-TRUMBAUERSVILLE WWTP,0.661166666666667,0.00857493388848392,0.005658010622713663,-75.409338,40.418619,Discharge Monitoring Reports
MILL CREEK STP,0.111716666666667,0.001448897954487216,0.0005817622553575513,-77.931112,40.430354,Discharge Monitoring Reports
MILLBROOK SEWAGE TREATMENT PLANT,,,,-73.697413,41.788292,Discharge Monitoring Reports
MILLERSBURG BORO STP,0.7,0.010812186339367778,0.006086610955485467,-76.968,40.5331,Clean Watershed Needs Survey
MILLERSBURG STP,0.46675,0.006053466688857879,0.0036240101628743984,-76.968,40.5331,Discharge Monitoring Reports
MILLERSTOWN STP,0.0735,0.0009532507801415192,0.000340500248618475,-77.148056,40.536389,Discharge Monitoring Reports
MILLERSVILLE STP,0.681083333333333,0.00883324107267192,0.005876975863992878,-76.348333,39.985,Discharge Monitoring Reports
MILLHEIM BORO COUNCIL,0.0883166666666667,0.0011454140326462386,0.00043067907407839023,-77.4681,40.88548,Discharge Monitoring Reports
MILLVILLE BORO WWTP,0.220333333333333,0.0028575907740296743,0.0013871086868689306,-76.529672,41.137585,Discharge Monitoring Reports
MILTON REGIONAL STP,2.58,0.039850629650812666,0.03229718473158871,-76.8522,41.0203,Clean Watershed Needs Survey
MILTON WASTEWATER TREATMENT PLANT,1.810842,0.02348553128180992,0.020534109617277432,-76.86178,41.00634,Discharge Monitoring Reports
MILTON WWTF,0.0305013698630137,0.0003955844165619433,0.00011051982438828166,-73.95573,41.65363,Discharge Monitoring Reports
MINERSVILLE BOROUGH MUNICIPAL AUTHORITY,0.497,0.006445790989528369,0.003927176164410086,-76.255198,40.685841,Discharge Monitoring Reports
MINERSVILLE STP,0.8,0.01235678438784889,0.007220520853362259,-76.2683,40.7251,Clean Watershed Needs Survey
MINETTO SD WPCP,0.154090410958904,0.001998459924610919,0.0008778471882679729,-76.478778,43.404667,Discharge Monitoring Reports
MINOA (V) STP,,,,-75.994167,43.0775,Discharge Monitoring Reports
MOHAWK VIEW WATER TREATMENT PLANT,,,,-73.778972,42.790944,Discharge Monitoring Reports
MOLITOR WATER POLLUTION CONTROL FACILITY,2.53858333333333,0.03292389854359531,0.031635369845486525,-74.370502,40.749748,Discharge Monitoring Reports
MON VALLEY SEWAGE AUTHORITY,4.00825,0.051984591013635985,0.05674825014259349,-79.86493,40.16476,Discharge Monitoring Reports
MONMOUTH CNTY BAYSHORE OUTFALL AUTH BELFORD PUMP STATION,16.0425,0.208061573339052,0.3346087421760455,-74.083738,40.428465,Discharge Monitoring Reports
MONONGAHELA STP,1.28183333333333,0.016624607143012258,0.013198000481638536,-79.938653,40.208356,Discharge Monitoring Reports
MONROE TWP STP,0.0034833333333333,4.517673765296499e-05,6.884328130211794e-06,-79.39291,41.176234,Discharge Monitoring Reports
MONROE VALLEY/CAMP STRAUSS STP,0.0287366666666667,0.0003726972778049908,0.00010240623245420203,-76.51089,40.46583,Discharge Monitoring Reports
MONROE WASTEWATER TREATMENT FACILITY,0.01146,0.00014862930531186135,3.158907041427476e-05,-72.941875,42.721141,Discharge Monitoring Reports
MONT ALTO STP,0.247441666666667,0.0032091695481567084,0.0016090930393805982,-77.569521,39.834599,Discharge Monitoring Reports
MONTAGUE WASTEWATER TREATMENT FACILITY,0.784083333333333,0.010169089104706973,0.0070372424325726695,-72.57232,42.5808,Discharge Monitoring Reports
MONTGOMERY (V) STP,0.354655342465753,0.004599666420229071,0.0025502884254463725,-74.24128,41.52539,Discharge Monitoring Reports
MONTGOMERY CO SD#1 STP,0.717912328767123,0.009310890985992854,0.006286580959287647,-74.61,42.922333,Discharge Monitoring Reports
MONTGOMERY RUN BACKWASH TRMT FAC,0.0203333333333333,0.00026371110017520447,6.57854554771808e-05,-78.503746,41.025057,Discharge Monitoring Reports
MONTGOMERY TWP MUA CHERRY VALLEY STP,0.199666666666667,0.002589556541064721,0.0012228861670404477,-74.710661,40.394828,Discharge Monitoring Reports
MONTGOMERY TWP MUA PIKE BROOK STP,0.618666666666667,0.008023734457789845,0.005196950796879028,-74.647463,40.449966,Discharge Monitoring Reports
MONTGOMERY-T STP DIST # 1,0.0460834203666667,0.0005976742369539402,0.00018738516195156344,-74.253028,41.497639,Discharge Monitoring Reports
MONTICELLO (V) STP,0.03503,0.0004543180248756111,0.00013193400446858037,-74.666417,41.642333,Discharge Monitoring Reports
MONTOUR FALLS (V) STP,0.257013698630137,0.0033333130438943596,0.0016891550830387886,-76.84959,42.34553,Discharge Monitoring Reports
MONTOUR TOWNSHIP STP,0.0651222222222222,0.0008445960426922815,0.00029165961616096144,-76.47568,40.98202,Discharge Monitoring Reports
MONTOURSVILLE REGIONAL SEWER SYSTEM WWTP,0.673166666666667,0.008730566668915187,0.005789722240998605,-76.87166,41.24276,Discharge Monitoring Reports
MONTOURSVILLE STP,0.61,0.009422048095734778,0.005103993048755538,-76.8744,41.2853,Clean Watershed Needs Survey
MONTROSE BORO - WWTP,0.515916666666667,0.006691128775347109,0.0041194171293593785,-75.8821,41.82306,Discharge Monitoring Reports
MONTVILLE WATER POLLUTION CONTROL FACILITY,1.603,0.02078994558594361,0.01756860121055628,-72.10547,41.43932,Discharge Monitoring Reports
MOORESBURG WASTEWATER TREATMENT PLANT,0.0037666666666666,4.8851400524258396e-05,7.608720306911044e-06,-76.703293,40.982587,Discharge Monitoring Reports
MOORESTOWN TWP UTIL AUTH WWTP,2.305,0.029894463241172814,0.027960260837044136,-74.987425,39.96261,Discharge Monitoring Reports
MORAVIA (V) STP,,,,-76.43325,42.709278,Discharge Monitoring Reports
MORGAN CO SEWER,1.246,0.019245691684074643,0.012727837750647845,-78.22403,39.607275,Clean Watershed Needs Survey
MORGANTOWN - CHEAT LAKE WWTP,0.75,0.011584485363608333,0.00664828307076811,-79.8673,39.6809,Clean Watershed Needs Survey
MORGANTOWN - STAR CITY WWTP,11.0,0.16990578533292222,0.20647878435995165,-79.992268,39.65673,Clean Watershed Needs Survey
MORGANTOWN UTILITY BOARD - MONONGALIA COUNTY HOUSEHOLD HAZ WASTE DAY,,,,-79.955386,39.605882,Discharge Monitoring Reports
MORGANTOWN WWTP,3.97041666666667,0.05149391544199856,0.05606387670661074,-79.992268,39.65673,Discharge Monitoring Reports
MORRISTOWN  SEWER UTILITY,2.61225,0.03387931089013175,0.032814583272968226,-74.457216,40.806156,Discharge Monitoring Reports
MORRISVILLE (V) WWTF,0.0561666666666667,0.0007284478750741319,0.0002413660881621437,-75.648333,42.893333,Discharge Monitoring Reports
MORRISVILLE WATER FILTRATION PLANT,0.04,0.0005187759347708949,0.00015634128750078937,-74.78451,40.22115,Discharge Monitoring Reports
MOSCOW SEW AUTH STP,0.213416666666667,0.002767885768642216,0.0013316462277758673,-75.517392,41.342777,Discharge Monitoring Reports
MOSHANNON VALLEY JT. AUTH.,1.1265,0.014610027262985326,0.011187555023738105,-78.224149,40.9089,Discharge Monitoring Reports
MOSHANNON VALLEY STP,1.77,0.027339385458115668,0.019943474080210664,-78.224149,40.9089,Clean Watershed Needs Survey
MOUNT JOY BORO STP,1.3,0.020079774630254444,0.013437774967965178,-76.5023,40.1097,Clean Watershed Needs Survey
MOUNT LAUREL TWP MUA CHURCH STREET BOOSTER STATION,4.10183333333333,0.05319831054436034,0.05844883200289855,-74.92752,39.92029,Discharge Monitoring Reports
MOUNT MORRIS (V) STP,0.40925,0.005307726282624718,0.003062972736120535,-77.87309,42.72404,Discharge Monitoring Reports
MOUNT UNION BORO,1.2,0.018535176581773335,0.0121298064876105,-77.8731,40.3842,Clean Watershed Needs Survey
MOUNT UNION BOROUGH,0.685083333333333,0.008885118666149008,0.005921169976915431,-77.878185,40.386554,Discharge Monitoring Reports
MOUNTAIN DALE WWTP,0.0655755102040816,0.0008504749151050197,0.00029425940325332277,-74.531694,41.688194,Discharge Monitoring Reports
MOUNTAINTOP AREA JOINT SANITARY AUTHORITY,3.21583333333333,0.04170742358918503,0.0428121071822731,-75.958924,41.113231,Discharge Monitoring Reports
MOUNTAINTOP CLARENCE STP,0.118333333333333,0.001534712140363893,0.0006262039579769024,-77.93187,41.05053,Discharge Monitoring Reports
MOUNTAINTOP MOSHANNON,0.0225,0.00029181146330862833,7.488394072940934e-05,-78.028889,41.031111,Discharge Monitoring Reports
MT CARMEL MUNI SEW COLL SYS & STP,0.914102333333333,0.011855357311281399,0.008563475428330287,-76.41226,40.79481,Discharge Monitoring Reports
MT GRETNA AUTH STP,0.0948333333333333,0.001229931278685996,0.00047174758261709493,-76.483389,40.239461,Discharge Monitoring Reports
MT HOLLY SEWERAGE AUTH POLLUTION CONTROL,3.52916666666667,0.045771168411557116,0.04821983262358096,-74.797534,39.995507,Discharge Monitoring Reports
MT HOLLY SPRINGS STP,0.545891666666667,0.007079886491466047,0.004428072119055207,-77.188666,40.122778,Discharge Monitoring Reports
MT JOY BORO AUTH,0.8885,0.0115233104510985,0.008257831410453319,-76.493611,40.099167,Discharge Monitoring Reports
MT PLEASANT BORO STP,1.24,0.01915301580116578,0.012649478472815336,-79.5368,40.1412,Clean Watershed Needs Survey
MT PLEASANT BORO STP,1.07175,0.013899952702267663,0.010496696011006942,-79.533918,40.139467,Discharge Monitoring Reports
MT PLEASANT TWP STP,0.120916666666667,0.0015682164194845219,0.000643746792921998,-79.52,40.22,Discharge Monitoring Reports
MT POCONO MUN AUTH,0.21,0.002723573657547198,0.0013044328631867143,-75.3577,41.1232,Discharge Monitoring Reports
MTN SHADOWS PHASE I STP,0.0,0.0,0.0,-79.510306,40.188078,Discharge Monitoring Reports
MUDDY RUN REGIONAL AUTH,0.106714285714286,0.0013840200831209267,0.0005486457425215949,-78.442544,40.833311,Discharge Monitoring Reports
MUSCONETCONG SEWER AUTH WATER POLLUTION CONTROL FACILITY,2.35983333333333,0.03060561858508787,0.02881403434424497,-74.718488,40.90709,Discharge Monitoring Reports
MYERSTOWN BORO,1.33,0.02054315404479878,0.01383578171371743,-76.2956,40.3731,Clean Watershed Needs Survey
MYERSTOWN STP,2.01265,0.026102859627916034,0.02350623554184325,-76.28923,40.37354,Discharge Monitoring Reports
MYERSTOWN WATER AUTH,0.0,0.0,0.0,-76.342899,40.387573,Discharge Monitoring Reports
Macedon (T) Sewers (Formerly Village),0.72,0.011121105949064,0.006309978844302222,-77.3747,43.0643,Clean Watershed Needs Survey
Madison (Co) S.D. STP at Cazenovia,0.85,0.013129083412089444,0.0078028435987225996,-75.8425,42.941944,Clean Watershed Needs Survey
Madison-Chatham Jt Mtg -Molitor WPCF,3.3,0.050971735599876666,0.04425085057017274,-74.37076768,40.75004852,Clean Watershed Needs Survey
Manchester WWTF,0.6,0.009267588290886667,0.004997191930006617,-73.05658,43.16013,Clean Watershed Needs Survey
Manchester WWTP & Coll. Sys.,0.5,0.007722990242405556,0.003957529462697384,-76.8806,39.6574,Clean Watershed Needs Survey
Manchester-Shortsville (V) Jt. STP,0.88,0.013592462826633778,0.008156896693431165,-77.2286,42.9696,Clean Watershed Needs Survey
Mansfield Township (Burlington) - CS/STP,0.0,0.0,0.0,-74.71814774,40.08322266,Clean Watershed Needs Survey
Mansfield Township (Warren) - CS/STP,0.0,0.0,0.0,-74.835,40.81829,Clean Watershed Needs Survey
Maple Shade Township - STP/CS,3.37,0.052052954233813446,0.04545527427252908,-75.01463761,39.95842729,Clean Watershed Needs Survey
Marathon (V) WWTP & Collection System,0.185,0.0028575063896900555,0.001109163812463131,-76.0311,42.431,Clean Watershed Needs Survey
Marcellus (V) STP,0.33,0.0050971735599876665,0.002325704980564959,-76.34132,42.98245,Clean Watershed Needs Survey
Margaretville (V) STP (NYCDEP),0.4,0.006178392193924445,0.0029746829494535767,-74.654361,42.139222,Clean Watershed Needs Survey
Marion (T) Sewers,0.125,0.001930747560601389,0.0006716893646059418,-77.1785099,43.1345008,Clean Watershed Needs Survey
Marlborough (T) Marlboro STP,0.175,0.0027030465848419446,0.001033046470993818,-73.9671,41.605,Clean Watershed Needs Survey
Marlborough (T) Milton STP,0.055,0.0008495289266646111,0.00023497063588119282,-73.95573,41.65363,Clean Watershed Needs Survey
Maryland Correctional Inst. (MCI),1.6,0.02471356877569778,0.017526547292516032,-77.7089,39.5558,Clean Watershed Needs Survey
Mayfield (V) WWTP and Collection System,0.125,0.001930747560601389,0.0006716893646059418,-74.262583,43.094472,Clean Watershed Needs Survey
Meadow View WWTP,1.0,0.015445980484811111,0.009606208291357922,-75.7971,39.654,Clean Watershed Needs Survey
Medford Lakes Borough - CS/STP,0.55,0.008495289266646111,0.0044707521304922036,-74.8100399,39.86471562,Clean Watershed Needs Survey
Medford Township - CS/STP,2.363,0.03649885188560866,0.028863511144352778,-74.8064542,39.92082982,Clean Watershed Needs Survey
Medina (V) WWTP & PS,4.5,0.06950691218165,0.06580373327035247,-78.390278,43.231666,Clean Watershed Needs Survey
Mendham Borough - CS/STP,0.4,0.006178392193924445,0.0029746829494535767,-74.62227036,40.77859798,Clean Watershed Needs Survey
Mexico (V) STP,0.18,0.002780276487266,0.001070957454784811,-76.2393,43.467,Clean Watershed Needs Survey
Middleburgh (V) STP,0.09,0.001390138243633,0.00044120901317736927,-74.337833,42.594389,Clean Watershed Needs Survey
Middleport (V) STP,0.3,0.004633794145443334,0.0020587242847468178,-78.47946,43.22408,Clean Watershed Needs Survey
Middlesex County UA - CS/STP,127.0,1.9616395215710112,4.721598501007574,-74.3061276,40.48992273,Clean Watershed Needs Survey
Middletown Township SA - CS/STP,10.8,0.16681658923596002,0.2016880880496799,-74.08162781,40.42844632,Clean Watershed Needs Survey
Milford Borough - CS/STP,0.4,0.006178392193924445,0.0029746829494535767,-75.092026,40.56442249,Clean Watershed Needs Survey
Millbrook (V) WWTP,0.25,0.003861495121202778,0.0016304080624826712,-73.699615,41.786577,Clean Watershed Needs Survey
Minetto (T) WWTP & Sewers,0.15,0.002316897072721667,0.0008481454664881528,-76.478778,43.404667,Clean Watershed Needs Survey
Monroe (Co) Frank E Van Lare STP,85.0,1.3129083412089444,2.8247947795481694,-77.577778,43.235667,Clean Watershed Needs Survey
Monroe (Co) NW Quadrant WWTP,16.5,0.25485867799938333,0.34686523991091606,-77.7484,43.3255,Clean Watershed Needs Survey
Monroe Sewerage Collection System and WWTF,0.015,0.00023168970727216668,4.4576230970454535e-05,-72.9419,42.7211,Clean Watershed Needs Survey
Montague Sewerage Collection System and WPCF,1.58,0.024404649166001557,0.017246752083817193,-72.57232,42.5808,Clean Watershed Needs Survey
Montgomery (Co) SD#1 STP,0.75,0.011584485363608333,0.00664828307076811,-74.6097,42.9232,Clean Watershed Needs Survey
Montgomery (T) SD #1 STP,0.13,0.0020079774630254446,0.000706253094980582,-74.253,41.4976,Clean Watershed Needs Survey
Montgomery Township - Cherry Valley CS/STP,0.251,0.003876941101687589,0.0016387562809290256,-74.65730995,40.41814831,Clean Watershed Needs Survey
Montgomery Township - Oxbridge CS/STP,0.16,0.0024713568775697778,0.0009211479057486677,-74.65776277,40.41827044,Clean Watershed Needs Survey
Montgomery Township - Riverside Farms STP,0.15,0.002316897072721667,0.0008481454664881528,-74.6071,40.4497,Clean Watershed Needs Survey
Montgomery Township - Skillman Village STP,0.015,0.00023168970727216668,4.4576230970454535e-05,-74.657762,40.418352125,Clean Watershed Needs Survey
Montgomery Township - Stage II CS/STP,0.63,0.009730967705431,0.005319060375641376,-74.63105403,40.39761124,Clean Watershed Needs Survey
Montgomery Township Pike Brook CS/STP,0.45,0.006950691218165,0.0034584661816598698,-74.6499,40.4476,Clean Watershed Needs Survey
Monticello (V) WWTP,3.1,0.04788253950291445,0.04084923571745123,-74.68491,41.654537,Clean Watershed Needs Survey
Moorestown Township - CS/STP,2.84,0.04386658457686356,0.036518465811016844,-74.92758739,39.97425754,Clean Watershed Needs Survey
"Moravia, (V) WWTP",0.6,0.009267588290886667,0.004997191930006617,-76.432314,42.709182,Clean Watershed Needs Survey
Morris Township - Butterworth CS/STP,2.2,0.033981157066584444,0.026341243749214323,-74.4957,40.8132,Clean Watershed Needs Survey
Morris Township - Woodland STP/CS,1.1,0.016990578533292222,0.010851966255550849,-74.4635,40.7756,Clean Watershed Needs Survey
Morristown Town - CS/STP,3.15,0.048654838527155006,0.041694049482093154,-74.45771126,40.80641136,Clean Watershed Needs Survey
Morrisville (V) STP,0.18,0.002780276487266,0.001070957454784811,-75.648333,42.893333,Clean Watershed Needs Survey
Mount Holly MUA WPCF - Rancocas Creek STP/CS,5.0,0.07722990242405554,0.07529933776825676,-74.80063229,39.99588526,Clean Watershed Needs Survey
Mount Hope (T) Hidden Valley STP,0.06,0.0009267588290886667,0.00026263888740455526,-74.556861,41.439167,Clean Watershed Needs Survey
Mount Laurel Township MUA - CS/STP,4.0,0.061783921939244445,0.05659886004025106,-74.92725325,39.92053645,Clean Watershed Needs Survey
Mount Morris (V) WWTP,0.86,0.013283543216937555,0.007920479591701661,-77.87309,42.72404,Clean Watershed Needs Survey
Mount Olive Township - Clover Hill STP/CS,0.5,0.007722990242405556,0.003957529462697384,-74.711,40.8154,Clean Watershed Needs Survey
Musconetcong SA CS/STP,4.79,0.07398624652224522,0.07127722841520023,-74.718488,40.90709,Clean Watershed Needs Survey
N HUNTINGDON TWP - YOUGHIOGHENY STP,1.0,0.015445980484811111,0.009606208291357922,-79.7842,40.2965,Clean Watershed Needs Survey
NANTY GLO STP,0.525,0.006808934143867996,0.004212433391654641,-78.842227,40.475018,Discharge Monitoring Reports
NAPANOCH SEWER IMP AREA,0.342884931506849,0.0044470112715329965,0.0024425091661294212,-74.36346,41.74329,Discharge Monitoring Reports
NARROWSBURG SD STP,0.0577753424657534,0.000749311432359495,0.0002502454861852069,-75.068583,41.602083,Discharge Monitoring Reports
NATIONAL GRID - PORT JEFFERSON POWER STATION,0.671666666666667,0.00871111257136128,0.005773222152986849,-73.078431,40.94969,Discharge Monitoring Reports
NAUGATUCK WATER POLLUTION CONTROL FACILITY,4.95,0.06419852192789824,0.07433733178381766,-73.053986,41.472975,Discharge Monitoring Reports
NAUGATUCK WPCF,3.7,0.05715012779380112,0.05122601051653988,-73.054,41.473,Clean Watershed Needs Survey
NAZARETH BORO MUNI AUTH WWTP,1.37066666666667,0.017776722031482707,0.014379311467095444,-75.2857,40.73633,Discharge Monitoring Reports
NAZARETH BORO STP,1.25,0.019307475606013886,0.012780135894764918,-75.2857,40.73633,Clean Watershed Needs Survey
NCSD #2 - South Shore WRF (Formerly Bay Park STP),62.0,0.9576507900582889,1.8865954288644178,-73.6631,40.6323,Clean Watershed Needs Survey
NCSD #3 - Cedar Creek STP,72.0,1.1121105949064,2.2843460942062634,-73.506472,40.652306,Clean Watershed Needs Survey
NELSON TWP AUTH SEW PLT,0.0233333333333333,0.00030261929528302157,7.845043482507057e-05,-77.23995,41.98022,Discharge Monitoring Reports
NEPTUNE TWP MUA SEWER AUTH STP,5.24454166666667,0.06801855013924771,0.08004276374612135,-74.062998,40.201151,Discharge Monitoring Reports
NESCOPECK BORO,0.102780833333333,0.0013330055722257845,0.0005229076446819787,-76.224528,41.045529,Discharge Monitoring Reports
NESQUEHONING REGIONAL STP,0.353666666666667,0.004586843889932666,0.00254119635939501,-75.788515,40.872227,Discharge Monitoring Reports
NEW ALBANY BORO SEWERAGE STP SYSTEM,0.0158333333333333,0.00020534880751347877,4.7768794795060896e-05,-76.441608,41.605631,Discharge Monitoring Reports
NEW BALTIMORE (T) SD STP,0.0331506849315069,0.0004299444390909477,0.0001229472827748977,-73.7896,42.4463,Discharge Monitoring Reports
NEW BERLIN MUN AUTH,0.1565,0.002029710844791126,0.0008954477081488318,-76.98149,40.87697,Discharge Monitoring Reports
NEW CANAAN WASTEWATER TREATMENT PLANT,0.96425,0.012505742377570885,0.00916905876195878,-73.48368,41.14066,Discharge Monitoring Reports
NEW CENTERVILLE BORO STP,0.0211666666666667,0.00027451893214959895,6.925434458726898e-05,-79.210575,39.931136,Discharge Monitoring Reports
NEW EAGLE BORO STP,0.35175,0.004561985876391556,0.0025235905290079707,-79.947542,40.209467,Discharge Monitoring Reports
NEW ENGLAND STP,0.564333333333333,0.0073190638130593705,0.004620351085585637,-79.921985,40.332244,Discharge Monitoring Reports
NEW FREEDOM BORO AUTH WWTP,1.27608333333333,0.01655003310238894,0.01312230550393734,-76.703272,39.763909,Discharge Monitoring Reports
NEW GERMANY STATE PARK,0.006,9.267588290886667e-05,1.3803589324417128e-05,-79.1236,39.6315,Clean Watershed Needs Survey
NEW GERMANY STATE PARK WWTP,0.0036666666666666,4.755446068733116e-05,7.351250913129401e-06,-79.123629,39.631417,Discharge Monitoring Reports
NEW HANOVER TWP AUTH STP,0.873833333333333,0.011333092608349169,0.008083839686564547,-75.55278,40.2812,Discharge Monitoring Reports
NEW HANOVER TWP STP,0.3,0.004633794145443334,0.0020587242847468178,-75.5528,40.2812,Clean Watershed Needs Survey
NEW HARTFORD WPCF,0.0425,0.0005511994306940758,0.00016894994684816002,-72.95786,41.868318,Discharge Monitoring Reports
"NEW HARTFORD, TOWN OF",0.3,0.004633794145443334,0.0020587242847468178,-72.9579,41.8684,Clean Watershed Needs Survey
NEW HAVEN EAST SHORE WPCF,21.0,0.32436559018103334,0.4722323465260958,-72.9025,41.2826,Clean Watershed Needs Survey
NEW HOLLAND BORO STP,0.75,0.011584485363608333,0.00664828307076811,-76.0845,40.091,Clean Watershed Needs Survey
NEW HOLLAND WWTP,0.834666666666667,0.010825124505552676,0.007623219253361887,-76.08497,40.0917,Discharge Monitoring Reports
NEW KENSINGTON CITY MUNICIPAL SANITARY AUTHORITY STP,5.875,0.07619521541947517,0.09255402114005984,-79.757668,40.551368,Discharge Monitoring Reports
NEW LONDON WPCF,4.8,0.07414070632709334,0.07146765913094197,-72.0955,41.3426,Clean Watershed Needs Survey
NEW MILFORD WATER POLLUTION CONTROL FACILITY,0.614333333333333,0.007967533731522989,0.005150426127435675,-73.40915,41.56931,Discharge Monitoring Reports
NEW MILFORD WPCF,1.8,0.02780276487266,0.020376951803742147,-73.4092,41.5693,Clean Watershed Needs Survey
NEW MORGAN BORO WWTF,0.0112804166666667,0.00014630021752137998,3.095715620652045e-05,-75.877244,40.159541,Discharge Monitoring Reports
NEW OXFORD MUNICIPAL AUTHORITY WWTP,1.38175,0.0179204661967421,0.014528234230513271,-77.069673,39.87002,Discharge Monitoring Reports
NEW PALTZ WWTP,0.0005,6.484699184636185e-06,5.745438188953581e-07,-74.08807,41.750847,Discharge Monitoring Reports
NEW PROVIDENCE BORO DPW COMPLEX WWTP,0.0633333333333333,0.0008213952300539163,0.00028144916796457906,-74.403346,40.71574,Discharge Monitoring Reports
NEW ROCHELLE STP,0.0005126916666666,6.6493024656053354e-06,5.93267654708757e-07,-73.769361,40.913,Discharge Monitoring Reports
NEW STANTON STP,4.40841666666667,0.057174511927739854,0.06409526418244106,-79.628365,40.202244,Discharge Monitoring Reports
NEW WINDSOR STP,4.93232876712329,0.063969336669044,0.07399798248370223,-74.026615,41.46067,Discharge Monitoring Reports
NEW WINDSOR WWTP,0.115,0.001776287755753278,0.000603725907685632,-77.113,39.5445,Clean Watershed Needs Survey
NEW WINDSOR WWTP,0.0821666666666667,0.0010656522326752136,0.00039268964835397245,-77.11,39.54263,Discharge Monitoring Reports
NEW YORK (C) - ROCKAWAY WPCP,20.3333333333333,0.26371110017520444,0.4531384199180242,-73.830016,40.584075,Discharge Monitoring Reports
NEWARK - V WASTE HAULING,,,,-77.08844,43.05406,Discharge Monitoring Reports
NEWBERRY TWP GOLDSBORO STP,0.476066666666667,0.006174298250331604,0.0037168136401359107,-76.750062,40.14114,Discharge Monitoring Reports
NEWBURG HOPEWELL STP,0.075,0.0009727048776954277,0.0003494157705595204,-77.552187,40.130296,Discharge Monitoring Reports
NEWBURGH (C) WWTP,7.82630136986301,0.10150242022373546,0.1335791833941753,-74.00799,41.49419,Discharge Monitoring Reports
NEWELL STP,0.0305833333333333,0.0003966474334602462,0.00011089992555649424,-79.89793,40.07731,Discharge Monitoring Reports
NEWFANE (T) WWTP,,,,-78.68594,43.34167,Discharge Monitoring Reports
NEWPORT STP,0.31885,0.004135292670042495,0.0022256498922006086,-77.126667,40.475556,Discharge Monitoring Reports
NEWPORT WASTEWATER TREATMENT FACILITY,0.556666666666667,0.007219631758894957,0.004540199269400826,-72.181957,43.376645,Discharge Monitoring Reports
NEWTON TOWN DPW,1.07458333333333,0.013936699330980558,0.010532211040996825,-74.747892,41.058823,Discharge Monitoring Reports
NEWTOWN /WPCF,0.486166666666667,0.006305289173861255,0.0038179944519980075,-73.28424,41.41472,Discharge Monitoring Reports
NEWTOWN CREEK WATER POLLUTION CONTROL PLANT,213.083333333333,2.7635626358524497,9.154220397627713,-73.948378,40.73353,Discharge Monitoring Reports
NEWTOWN WPCF,0.782,0.012078756739122289,0.007013329497827441,-73.2899,41.4138,Clean Watershed Needs Survey
NEWVILLE BORO STP,0.28625,0.0037124902832042163,0.0019387870640062126,-77.393874,40.176199,Discharge Monitoring Reports
NIAGARA COUNTY SEWER DISTRICT #1 WWTP,8.82808333333333,0.11449492958713388,0.1558340251659351,-78.922768,43.070086,Discharge Monitoring Reports
NICHOLS (T) STP,,,,-76.33155,42.06326,Discharge Monitoring Reports
NICHOLSON BORO AUTH WWTP,0.0346745,0.00044970740375533476,0.00013022346236979366,-75.7924,41.616942,Discharge Monitoring Reports
NISKAYUNA (T) SD#6 WWTP,,,,-73.854944,42.804111,Discharge Monitoring Reports
NJDHS SENATOR GARRETT HAGEDORN PSYCIATRIC HOSPITAL,0.015986,0.00020732880233118812,4.835885249556958e-05,-74.917946,40.6866,Discharge Monitoring Reports
NJDOC MOUNTAINVIEW YOUTH CORRECTIONAL FACILITY,0.0837325,0.0010859601489550989,0.000402289040832438,-74.871,40.648712,Discharge Monitoring Reports
NLCA KRAMER MILL STP,0.0045225,5.865410412503428e-05,9.614367558691777e-06,-76.079917,40.203902,Discharge Monitoring Reports
NO LAN CO GEHMAN SCH STP,0.0019775,2.5646985275236115e-05,3.336511817823886e-06,-76.067878,40.22017,Discharge Monitoring Reports
NO PRINCETON DEVELOPMENTAL CTR,0.116833333333333,0.0015152580428099843,0.0006160666393789128,-74.691304,40.416806,Discharge Monitoring Reports
NOB HILL SD WWTP,0.0095671232876712,0.00012407983316575059,2.5074386678276012e-05,-74.024556,41.548722,Discharge Monitoring Reports
"NORFOLK, TOWN OF",0.18,0.002780276487266,0.001070957454784811,-73.2172,42.0004,Clean Watershed Needs Survey
NORRISTOWN BOROUGH STP,1.86555833333333,0.024195169206115773,0.021331229286849315,-75.341849,40.110664,Discharge Monitoring Reports
NORTH BERGEN TWP MUA WOODCLIFF STP,3.39125,0.04398247221979493,0.04582229470155365,-73.998567,40.791687,Discharge Monitoring Reports
NORTH BROOKFIELD WASTE WATER TREATMENT PLANT,0.40475,0.005249363989962993,0.0030199505204273882,-72.074475,42.248876,Discharge Monitoring Reports
NORTH CASTLE (T) SD#2,0.370441095890411,0.004804398144952567,0.0026964074922027266,-73.710806,41.120361,Discharge Monitoring Reports
NORTH CHAUTAUQUA LAKE SD WWTF,0.0,0.0,0.0,-79.495361,42.238833,Discharge Monitoring Reports
NORTH CODORUS TWP STP,0.157675,0.0020449498878750212,0.0009040579094387163,-76.80563,39.897,Discharge Monitoring Reports
NORTH COVENTRY MUN AUTH,1.5,0.023168970727216666,0.016137540493300077,-75.6276,40.2299,Clean Watershed Needs Survey
NORTH COVENTRY STP,0.991333333333333,0.012856996916738672,0.009499825332417616,-75.627558,40.229851,Discharge Monitoring Reports
NORTH EAST BORO WTP,0.168833333333333,0.0021896667580121477,0.0009867054062364117,-79.82005,42.196168,Discharge Monitoring Reports
NORTH HAVEN WATER POLLUTION CONTROL FACILITY,3.60083333333333,0.046700641961354886,0.049476123171820395,-72.871671,41.364329,Discharge Monitoring Reports
NORTH HUDSON SEWERAGE AUTH WWTP,13.225,0.1715202934336271,0.2613536844971811,-74.032199,40.756984,Discharge Monitoring Reports
NORTH MIDDLETON AUTH STP,1.10984166666667,0.01439397870181724,0.010976337735695478,-77.176389,40.238889,Discharge Monitoring Reports
NORTH RIVER WATER POLLUTION CONTROL PLANT,113.416666666667,1.470945931714979,4.085430191841548,-73.959028,40.826389,Discharge Monitoring Reports
NORTH TONAWANDA WASTWATER TREATMENT FACILITY,,,,-78.88825,43.04218,Discharge Monitoring Reports
NORTH WARREN REGIONAL SCHOOL,0.00751525,9.746827109467418e-05,1.8412133719217837e-05,-74.99037,40.981037,Discharge Monitoring Reports
NORTHAMPTON BORO STP,1.5,0.023168970727216666,0.016137540493300077,-75.491,40.6835,Clean Watershed Needs Survey
NORTHAMPTON BORO/ SEW,1.19858333333333,0.015544904728770332,0.012111489088724975,-75.48813,40.68209,Discharge Monitoring Reports
NORTHAMPTON SACANDAGA PARK SEWER DIST,0.0317707479452055,0.0004120474865911117,0.00011643816105474955,-74.18286,43.21231,Discharge Monitoring Reports
NORTHAMPTON WASTEWATER TREATMENT PLANT,3.90166666666667,0.050602269304111075,0.054824912459150915,-72.623333,42.313056,Discharge Monitoring Reports
NORTHBROOK WWTP,0.01015,0.00013163939344811455,2.7045215124732667e-05,-77.8494,39.5991,Discharge Monitoring Reports
NORTHEAST BORO STP,1.63783333333333,0.02124171296247322,0.018058496516839873,-79.846626,42.214498,Discharge Monitoring Reports
NORTHEAST RIVER ADVANCED WWTP,1.169,0.0151612266936794,0.011730368272386592,-75.9881,39.57239,Discharge Monitoring Reports
NORTHEAST WPCP,189.583333333333,2.4587817741745495,7.883051249919992,-75.08503,39.99141,Discharge Monitoring Reports
NORTHEASTERN SCHUYLKILL JOINT MUN. AUTH.,0.1155,0.001497965511650959,0.0006070861494251104,-76.019444,40.820278,Discharge Monitoring Reports
NORTHEASTERN YORK CO. SEW AUTH,0.944333333333333,0.012247435193382871,0.008927464958979945,-76.705813,40.069135,Discharge Monitoring Reports
NORTHEASTERN YORK MT WOLF STP,1.7,0.026258166824178888,0.018940033569106923,-76.7084,40.0634,Clean Watershed Needs Survey
NORTHERN GARRETT HIGH SCHOOL,0.0028333333333333,3.674662871293795e-05,5.285738987695027e-06,-79.30259,39.66438,Discharge Monitoring Reports
NORTHERN LANCASTER CNTY AUTH FIVEPOINTVILLE STP,0.381083333333333,0.004942421561890208,0.002795907225247786,-76.060313,40.178472,Discharge Monitoring Reports
NORTHERN LEBANON CNTY JONESTOWN STP,0.357666666666667,0.004638721483409756,0.002578024767741097,-76.48837,40.41245,Discharge Monitoring Reports
NORTHFIELD WWTF,0.0916666666666667,0.001188861517183301,0.00045168904901848986,-72.458138,42.701976,Discharge Monitoring Reports
NORTHPORT (V) STP,0.284166666666667,0.0036854707032682363,0.0019207529000747332,-73.355417,40.889667,Discharge Monitoring Reports
NORTHUMBERLAND BORO STP,0.75,0.011584485363608333,0.00664828307076811,-76.7947,40.887,Clean Watershed Needs Survey
NORTHUMBERLAND SEWER AUTHORITY,0.655416666666667,0.008500359847860604,0.005595134349626494,-76.79472,40.88699,Discharge Monitoring Reports
NORTHWEST BERGEN CNTY UTIL AUTH,11.2616666666667,0.1460570413019561,0.21278340312925015,-74.119143,41.006541,Discharge Monitoring Reports
NORTHWESTERN LANC CO STP,0.36685,0.0047578237917675695,0.0026630111690760763,-76.387759,40.165006,Discharge Monitoring Reports
NORWALK WPCF,13.0,0.16860217880054082,0.25567859082392597,-73.411125,41.104383,Discharge Monitoring Reports
NORWICH (C) STP,,,,-75.517778,42.511944,Discharge Monitoring Reports
NORWICH WATER POLLUTION CONTROL FACILITY,4.51666666666667,0.05857844930121359,0.06611569860380848,-72.079223,41.521651,Discharge Monitoring Reports
NORWICH WPCF,7.5,0.11584485363608334,0.12649591550571637,-72.084583,41.526191,Clean Watershed Needs Survey
NOTT ROAD STP,0.0,0.0,0.0,-73.911333,42.687861,Discharge Monitoring Reports
NOXON KNOLLS STP,0.0153287671232877,0.00019880488733172341,4.582999637964151e-05,-73.846028,41.651389,Discharge Monitoring Reports
NUMINE WWTP,0.0933333333333333,0.0012104771811320874,0.00046222245511328173,-79.28281,40.79264,Discharge Monitoring Reports
NUNDA (V) STP,,,,-77.925556,42.581944,Discharge Monitoring Reports
NW QUADRANT PURE WATERS DIST WWTP,,,,-77.74843,43.32459,Discharge Monitoring Reports
NYCDEP - BOWERY BAY WRRF,107.166666666667,1.3898871919070268,3.7996484452150376,-73.89459,40.778405,Discharge Monitoring Reports
NYCDEP - GRAHAMSVILLE (H) WWTP,0.0715616438356164,0.0009281114668640936,0.00032905445954875935,-74.539806,41.845056,Discharge Monitoring Reports
NYCDEP - OAKWOOD BEACH WPCP,33.1333333333333,0.42971939930189074,0.8463091520048874,-74.113167,40.548889,Discharge Monitoring Reports
NYCDEP - RED HOOK WPCP,30.25,0.39232430067048923,0.7532570154318307,-73.984417,40.705,Discharge Monitoring Reports
NYCDEP MARGARETTEVILLE WWTP,0.171980821917808,0.0022304877913269412,0.0010103000306594923,-74.654361,42.139222,Discharge Monitoring Reports
NYS Thruway Authority WWTP,0.075,0.0011584485363608334,0.0003494157705595204,-74.0799,42.8903,Clean Watershed Needs Survey
NYSDOC - Georgetown Corr. Fac.STP,0.04,0.0006178392193924444,0.00015634128750078937,-75.7806,42.731,Clean Watershed Needs Survey
NYSDOC - Green Haven Corr.Fac.STP,0.5,0.007722990242405556,0.003957529462697384,-73.7294,41.5872,Clean Watershed Needs Survey
NYSDOC - Woodbourne Corr. Fac.,0.1,0.0015445980484811112,0.000504876317171055,-74.625,41.6583,Clean Watershed Needs Survey
Naples (V) STP & San Sewers,0.05,0.0007722990242405556,0.00020799704104064963,-77.3966,42.618802,Clean Watershed Needs Survey
Nassau Co Glen Cove (C) STP,8.0,0.12356784387848889,0.13738380060713165,-73.641667,40.858722,Clean Watershed Needs Survey
Neptune Township (TNSA) - CS/STP,8.5,0.13129083412089446,0.14846357082901668,-74.06200622,40.20063757,Clean Watershed Needs Survey
Neversink (T) Grahamsville STP (NYCDEP),0.18,0.002780276487266,0.001070957454784811,-74.5398,41.8451,Clean Watershed Needs Survey
New Baltimore (T) Hamlet STP,0.06,0.0009267588290886667,0.00026263888740455526,-73.7896,42.4463,Clean Watershed Needs Survey
New Paltz (T) SD #6 STP,0.015,0.00023168970727216668,4.4576230970454535e-05,-74.053889,41.742111,Clean Watershed Needs Survey
New Paltz (V) STP and Sewers,1.2,0.018535176581773335,0.0121298064876105,-74.0845255,41.7465578,Clean Watershed Needs Survey
New Providence Borough - CS/STP,1.5,0.023168970727216666,0.016137540493300077,-74.4033,40.7157,Clean Watershed Needs Survey
New York (C) - 26th. Ward WPCP,83.93,1.2963811420901967,2.779381773496276,-73.8809,40.655,Clean Watershed Needs Survey
New York (C) - Bowery Bay WPCP,132.0,2.0388694239950667,4.960715353250989,-73.8946,40.7784,Clean Watershed Needs Survey
New York (C) - Coney Island WPCP,109.63,1.693342840549842,3.911743539310297,-73.9322,40.5905,Clean Watershed Needs Survey
New York (C) - Hunts Point WPCP,191.0,2.950182272598922,7.958492570120227,-73.8796,40.8014,Clean Watershed Needs Survey
New York (C) - Jamaica WPCP,97.89,1.5120070296581596,3.3840511776709166,-73.8071,40.6618,Clean Watershed Needs Survey
New York (C) - Newtown Creek WPCP,288.0,4.4484423796256,13.459148599327113,-73.9464,40.7314,Clean Watershed Needs Survey
New York (C) - North River WPCP,169.27,2.614541116663977,6.819047264474381,-73.9569,40.8256,Clean Watershed Needs Survey
New York (C) - Oakwood Beach WPCP,40.0,0.6178392193924443,1.076898282031828,-74.1123,40.5484,Clean Watershed Needs Survey
New York (C) - Owls Head WPCP,118.65,1.8326655845228386,4.328143966264167,-74.0356,40.6398,Clean Watershed Needs Survey
New York (C) - Port Richmond WPCP,53.4,0.8248153578889132,1.5585160337729387,-74.1254,40.6372,Clean Watershed Needs Survey
New York (C) - Red Hook WPCP,53.73,0.829912531448901,1.570848594821929,-73.9844,40.7057,Clean Watershed Needs Survey
New York (C) - Rockaway WPCP,45.0,0.6950691218164999,1.2520380668396383,-73.8283,40.5836,Clean Watershed Needs Survey
New York (C) - Tallman Island WPCP,78.0,1.2047864778152666,2.5306692892625833,-73.8403,40.7938,Clean Watershed Needs Survey
New York (C) - Wards Island WPCP,271.7,4.196672897723179,12.492402185680987,-73.922889,40.787528,Clean Watershed Needs Survey
Newark (V) WWTP,2.6,0.04015954926050889,0.03261784063300091,-77.087222,43.053333,Clean Watershed Needs Survey
Newburgh (C) Sewers & WWTP,3.5,0.05406093169683889,0.04771058052253468,-74.00799,41.49419,Clean Watershed Needs Survey
Newburgh (T) Nob Hill STP,0.012,0.00018535176581773333,3.3505790789069086e-05,-74.0686,41.5292,Clean Watershed Needs Survey
Newbury WWTF,0.05,0.0007722990242405556,0.00020799704104064963,-72.0389,43.3665,Clean Watershed Needs Survey
Newfane (T) WWTP & San Sewers,1.6,0.02471356877569778,0.017526547292516032,-78.685369,43.342658,Clean Watershed Needs Survey
Newport - Guild Street WWTF,0.0,0.0,0.0,-72.1455,43.3759,Clean Watershed Needs Survey
Newport WWTF,1.0,0.015445980484811111,0.009606208291357922,-72.182,43.3766,Clean Watershed Needs Survey
Newton Town CS -  STP,1.32,0.020388694239950666,0.013702831200145009,-74.7463,41.0602,Clean Watershed Needs Survey
Niagara Falls (C) WWTP and San Sewers,21.0,0.32436559018103334,0.4722323465260958,-79.047,43.0827,Clean Watershed Needs Survey
Nichols (T) WWTP & SD,0.05,0.0007722990242405556,0.00020799704104064963,-76.3316,42.0633,Clean Watershed Needs Survey
Niskayuna (T) SD No. 6 STP,1.5,0.023168970727216666,0.016137540493300077,-73.854944,42.804111,Clean Watershed Needs Survey
North Bergen MUA - Central STP/CS/CSO,7.0,0.10812186339367778,0.1158090618202728,-73.9985804,40.79215095,Clean Watershed Needs Survey
North Bergen MUA - Woodcliff STP/CS/CSO,2.91,0.04494780321080034,0.037673969413477795,-73.99857504,40.79217532,Clean Watershed Needs Survey
North Branch FD1 IDR WWTF ,0.475,0.007336840730285278,0.0037061626283942384,-72.842553,42.928635,Clean Watershed Needs Survey
North Branch WWTP,1.25,0.019307475606013886,0.012780135894764918,-78.8165,39.6008,Clean Watershed Needs Survey
North Brookfield Sewerage Collection System and WWTP,0.51,0.007877450047253667,0.004059073661531907,-72.074475,42.248876,Clean Watershed Needs Survey
North Castle (T) SD / STP,0.5,0.007722990242405556,0.003957529462697384,-73.7129,41.1249,Clean Watershed Needs Survey
North Harford High School WWTP,0.02,0.0003089196096962222,6.440889399379803e-05,-76.402673,39.676107,Clean Watershed Needs Survey
North Hempstead (T) Belgrave WWTP,2.0,0.030891960969622222,0.023317384900542904,-73.7425,40.7789,Clean Watershed Needs Survey
North Hempstead (T) Great Neck WPCP,5.3,0.08186369656949889,0.08112722961696145,-73.7128,40.7952,Clean Watershed Needs Survey
North Hempstead (T) Port Washington WPCD,3.7,0.05715012779380112,0.05122601051653988,-73.69721,40.83944,Clean Watershed Needs Survey
North Hudson SA (Adam St WWTP) - CS/CSO/STP,18.8,0.2903844331144489,0.40989017110643494,-74.0322,40.75701,Clean Watershed Needs Survey
North Hudson SA (River Rd WWTP) - CS/CSO/STP,8.0,0.12356784387848889,0.13738380060713165,-74.03183,40.75709,Clean Watershed Needs Survey
"North Salem, (T) Peach Lake WWTP & Collection",0.17,0.002625816682417889,0.0009954369201081673,-73.51961,41.21159,Clean Watershed Needs Survey
North Tonawanda (C) WWTP,10.0,0.1544598048481111,0.18277592867500017,-78.88825,43.04218,Clean Watershed Needs Survey
Northampton (T) Sacandaga Park WWTP,0.075,0.0011584485363608334,0.0003494157705595204,-74.18286,43.21231,Clean Watershed Needs Survey
Northampton Sewerage Collection System and WWTF,7.1,0.10966646144215889,0.1179298752244841,-72.623333,42.313056,Clean Watershed Needs Survey
Northfield Sewerage Collection System and WWTF,0.275,0.0042476446333230555,0.0018418436015755944,-72.458138,42.701976,Clean Watershed Needs Survey
Northport (V) WWTP & Sewers,0.45,0.006950691218165,0.0034584661816598698,-73.355417,40.889667,Clean Watershed Needs Survey
Northwest Bergen County UA - CS/STP,11.5,0.17762877557532777,0.21856157575522123,-74.1229,41.0073,Clean Watershed Needs Survey
Norwich (C) STP,2.1,0.032436559018103335,0.02481925445835181,-75.517778,42.511944,Clean Watershed Needs Survey
Nunda (V) WWTP,0.15,0.002316897072721667,0.0008481454664881528,-77.9339,42.5821,Clean Watershed Needs Survey
OAK ORCHARD WWTP,,,,-76.21478,43.20402,Discharge Monitoring Reports
OAKFIELD (V) STP,0.150986301369863,0.0019582014907687678,0.0008552868431669615,-78.2415,43.07025,Discharge Monitoring Reports
OAKLAND BORO DPW OAKWOOD KNOLLS WWTP,0.0299125,0.0003879471287208598,0.00010779739236234454,-74.240306,41.023567,Discharge Monitoring Reports
OAKMONT BORO - WWTP,1.36666666666667,0.017724844438005614,0.014325647326269977,-79.8436,40.5202,Discharge Monitoring Reports
OAKMONT BORO STP,1.01,0.015600440289659222,0.009729278208732987,-79.8436,40.5202,Clean Watershed Needs Survey
OAKRIDGE STP,0.04625,0.0005998346745788471,0.0001882521768844838,-73.518449,41.213403,Discharge Monitoring Reports
OAKS WWTP (LOWER PERKIOMEN VALLEY),8.86016666666667,0.11491103111814811,0.1565589462157651,-75.457966,40.120939,Discharge Monitoring Reports
OCEAN BEACH (V) STP,0.155375,0.002015120271625695,0.0008872208028612301,-73.160889,40.647528,Discharge Monitoring Reports
OCEAN CNTY UTIL AUTH CWPCF,21.5666666666667,0.27970669149730787,0.4885960906390736,-74.180197,39.907944,Discharge Monitoring Reports
OCEAN CNTY UTIL AUTH NWPCF,23.7791666666667,0.308401485389323,0.5536209984154181,-74.077952,40.045038,Discharge Monitoring Reports
OCEAN CNTY UTIL AUTH SWPCF,6.89166666666667,0.08938077042823546,0.11352104942806983,-74.26639,39.68087,Discharge Monitoring Reports
OCEAN TWP SEWERAGE AUTH,4.95133333333333,0.06421581445905722,0.07436295018307786,-74.00203,40.25977,Discharge Monitoring Reports
OCSD# 1 HARRIMAN WWTP,4.91291666666667,0.06371757340503777,0.07362559378627039,-74.142278,41.311611,Discharge Monitoring Reports
OHIOPYLE BORO MUN WATER WORKS,0.0165833333333333,0.00021507585629043305,5.06826004508984e-05,-79.491695,39.869193,Discharge Monitoring Reports
OHIOVILLE WWTP,0.0083369863013698,0.00010812569654163158,2.1026143930616752e-05,-74.053889,41.742111,Discharge Monitoring Reports
OIL CITY STP,1.96011758333333,0.02542154578886539,0.022724173896407317,-79.730722,41.409977,Discharge Monitoring Reports
OLD DEERFIELD WASTEWATER TREATMENT PLANT,0.102166666666667,0.001325040200060665,0.0005189134330423441,-72.61107,42.551231,Discharge Monitoring Reports
OLDE MILFORD ESTATES STP,0.159555555555556,0.002069339562030575,0.000917875603906609,-74.37782,41.10951,Discharge Monitoring Reports
OLDTOWN WWTP,0.04,0.0006178392193924444,0.00015634128750078937,-78.6072,39.5415,Clean Watershed Needs Survey
OLDTOWN WWTP,0.00825,0.00010699753654649706,2.0745883655235737e-05,-78.607201,39.541524,Discharge Monitoring Reports
OLEY TWP STP,0.326,0.004228023868382794,0.002289700402885941,-75.729751,40.375246,Discharge Monitoring Reports
ONEIDA (C) STP,1.45625,0.01888668637525289,0.015537840964603462,-75.643472,43.0995,Discharge Monitoring Reports
ONEIDA COUNTY WATER POLLUTION CONTROL PLANT,,,,-75.213218,43.107057,Discharge Monitoring Reports
ONEONTA WWTP,,,,-75.10404,42.4383,Discharge Monitoring Reports
ONTARIO (T) STP,0.783333333333333,0.01015936205593002,0.007028631728697833,-77.27657,43.27589,Discharge Monitoring Reports
ORANGE TWP WWTP,0.0047888888888888,6.210900774618097e-05,1.0344771550383046e-05,-76.43159,41.078061,Discharge Monitoring Reports
ORANGE WASTEWATER TREATMENT PLANT,1.04833333333333,0.013596252623787159,0.010204183239755082,-72.33146,42.59606,Discharge Monitoring Reports
ORANGETOWN TOWN OF SEWER DEPT,8.49533333333333,0.1101793622797585,0.1483592983760529,-73.940028,41.036972,Discharge Monitoring Reports
ORBISONIA/ROCKHILL MUNI AUTH - ROCKHILL STP,0.126555555555556,0.001641349415844587,0.0006824018726279929,-77.8925,40.2448,Discharge Monitoring Reports
ORD SEW AUTH STP,0.127916666666667,0.0016590022080694284,0.0006918055559583972,-78.258333,40.855278,Discharge Monitoring Reports
ORISKANY FALLS  WWTP,0.0620821917808219,0.0008051686768430461,0.00027435562175281373,-75.45563,42.93739,Discharge Monitoring Reports
ORWIGSBURG BORO STP,0.9,0.01390138243633,0.008394819753785978,-76.1069,40.6429,Clean Watershed Needs Survey
ORWIGSBURG MUN SEW AUTH,0.596583333333333,0.007737326910468404,0.00496081496380449,-76.10686,40.642786,Discharge Monitoring Reports
OSSINING SANITARY SD WWTP,4.73090909090909,0.06135704464881218,0.07015422814536772,-73.873583,41.1525,Discharge Monitoring Reports
OSWEGO (C) WEST SIDE WWTF,0.597,0.007742730826455605,0.0049652480704013655,-76.531278,43.460583,Discharge Monitoring Reports
OUTCROP VILLAGE STP,0.006505,8.436593639211677e-05,1.530709433946716e-05,-79.828651,39.768361,Discharge Monitoring Reports
OVERFLOW RETENTION FACILITY,0.0436578346326165,0.0005662158492902192,0.0001748607935545233,-78.66169,42.91741,Discharge Monitoring Reports
OWEGO (T) SD#1,0.341,0.004422564843921878,0.00242534414014145,-76.231583,42.100278,Discharge Monitoring Reports
OWEGO (V) STP,0.0,0.0,0.0,-76.268,42.093778,Discharge Monitoring Reports
OWEGO WPCP #2,1.12833333333333,0.014633804493328949,0.011210854129105654,-76.142472,42.063417,Discharge Monitoring Reports
OWLS HEAD WATER POLLUTION CONTROL PLANT,,,,-74.037639,40.643639,Discharge Monitoring Reports
OXFORD (V) STP,,,,-75.60211,42.43824,Discharge Monitoring Reports
OXFORD TOWNSHIP WARREN CO-PEQUEST MUA - CS/STP/SEPTICS,0.33775,0.004380414299221743,0.0023958104572668563,-74.983824,40.820919,Discharge Monitoring Reports
OYSTER BAY WRRF,,,,-73.5279,40.87527,Discharge Monitoring Reports
Oakfield (V) WWTP,0.5,0.007722990242405556,0.003957529462697384,-78.2415,43.07025,Clean Watershed Needs Survey
Oakland Borough - CS/STP,0.035,0.000540609316968389,0.0001317894668019548,-74.2430988,41.0220483,Clean Watershed Needs Survey
Ocean Beach (V) STP,0.5,0.007722990242405556,0.003957529462697384,-73.1552,40.6504,Clean Watershed Needs Survey
Ocean County UA Central WPCF - CS/STP,26.26,0.4056114475311398,0.6285659186090554,-74.18002,39.90755,Clean Watershed Needs Survey
Ocean County UA Northern WPCF - CS/STP,26.1,0.40314009065357004,0.6236703750948346,-74.07839,40.04262,Clean Watershed Needs Survey
Ocean County UA Southern WPCF - CS/STP,20.0,0.3089196096962222,0.44365649278116026,-74.26244683,39.67975569,Clean Watershed Needs Survey
Ocean Township (Monmouth) SA - CS/STP,6.9,0.10657726534519668,0.11369669587074191,-74.00249261,40.25801172,Clean Watershed Needs Survey
"Olive, (T) Boiceville WWTP",0.075,0.0011584485363608334,0.0003494157705595204,-74.267028,42.003278,Clean Watershed Needs Survey
Oneida (Co) Oneida Co.WPCP,54.0,0.8340829461797999,1.5809546290547842,-75.212631,43.106249,Clean Watershed Needs Survey
Oneonta (C) Sewers & WWTP,3.45,0.05328863267259834,0.04684033596529476,-75.104,42.4383,Clean Watershed Needs Survey
Onondaga (Co) Baldwinsville-Seneca Knolls WWTP,6.0,0.09267588290886666,0.09508084439475163,-76.300028,43.140861,Clean Watershed Needs Survey
Onondaga (Co) Brewerton WWTP,2.2,0.033981157066584444,0.026341243749214323,-76.1553,43.2421,Clean Watershed Needs Survey
Onondaga (Co) Meadowbrook LimestonSTP,5.0,0.07722990242405554,0.07529933776825676,-76.00825,43.054472,Clean Watershed Needs Survey
Onondaga (Co) Metro Syracuse STP,80.0,1.2356784387848887,2.6139816022373554,-76.1758,43.0628,Clean Watershed Needs Survey
Onondaga (Co) Oak Orchard WWTP,9.0,0.1390138243633,0.15972701507397488,-76.21478,43.20402,Clean Watershed Needs Survey
Onondaga (Co) Wetzel Road WWTP,2.3,0.03552575511506555,0.027882689057023076,-76.167827,43.175341,Clean Watershed Needs Survey
Ontario (Co) Honeoye Lake SD WWTP,0.4,0.006178392193924445,0.0029746829494535767,-77.5151,42.791,Clean Watershed Needs Survey
Ontario (T) WWTP,1.0,0.015445980484811111,0.009606208291357922,-77.27657,43.27589,Clean Watershed Needs Survey
Orange Sewerage Collection System and WWTF,0.5,0.007722990242405556,0.003957529462697384,-72.33146,42.59606,Clean Watershed Needs Survey
"Orange, (Co) Home & Infirmary STP",0.126,0.0019461935410862,0.0006785717298068933,-74.3398,41.3906,Clean Watershed Needs Survey
"Orange, (Co) SD #1",6.0,0.09267588290886666,0.09508084439475163,-74.1423,41.3116,Clean Watershed Needs Survey
Orangetown (T) SD#2 STP,13.0,0.20079774630254443,0.25567859082392597,-73.940028,41.036972,Clean Watershed Needs Survey
Oriskany Falls (V) STP and Sewers,0.09,0.001390138243633,0.00044120901317736927,-75.4556,42.9374,Clean Watershed Needs Survey
Oswego (C) East Side STP,5.35,0.08263599559373944,0.08210768211587885,-76.4981,43.4694,Clean Watershed Needs Survey
Oswego (C) West Side STP,3.5,0.05406093169683889,0.04771058052253468,-76.5278,43.4561,Clean Watershed Needs Survey
Oswego (T) Sleepy Hollow STP,0.006,9.267588290886667e-05,1.3803589324417128e-05,-76.1746,43.3792,Clean Watershed Needs Survey
Otis Sewerage Collection System and WWTF,0.03,0.00046337941454433336,0.00010820097830781676,-73.0972,42.2052,Clean Watershed Needs Survey
Otto (T) WWTP & Sewers,0.027,0.0004170414730899,9.455632050937229e-05,-78.8309,42.3575,Clean Watershed Needs Survey
Owego (T) SD No. 1 WWTP,0.748,0.011553593402638711,0.006625609940921224,-76.22766,42.102425597,Clean Watershed Needs Survey
Owego (T) SD No. 2 WWTP,1.7,0.026258166824178888,0.018940033569106923,-76.144917,42.061417,Clean Watershed Needs Survey
Owego (V) STP,0.85,0.013129083412089444,0.0078028435987225996,-76.2694,42.0953,Clean Watershed Needs Survey
Oxford (V) STP,0.18,0.002780276487266,0.001070957454784811,-75.5998,42.4381,Clean Watershed Needs Survey
Oxford Township (Oxford WWTF) - CS/STP,0.49,0.007568530437557444,0.0038565510761165095,-74.98432831,40.82097465,Clean Watershed Needs Survey
Oyster Bay (T) Sewer District,1.62,0.025022488385394004,0.01780732130052726,-73.5279,40.8753,Clean Watershed Needs Survey
PAINTED POST (V) STP,,,,-77.086556,42.153861,Discharge Monitoring Reports
PALMER WATER POLLUTION CONTROL FACILITY,1.81666666666667,0.023561073704178183,0.020618648493824686,-72.362228,42.185311,Discharge Monitoring Reports
PALMYRA BORO MUNICIPAL BUILDING,0.608666666666667,0.00789404047409712,0.005089724446504847,-75.021454,40.003856,Discharge Monitoring Reports
PALMYRA VILLAGE,0.283145205479452,0.0036722229662124947,0.0019119241936912921,-77.23224,43.06361,Discharge Monitoring Reports
PAR TROY HILLS TWP MUA WWTP @ WHIPPANY RIVER,10.2358333333333,0.13275260014147666,0.18830866073396516,-74.347697,40.84708,Discharge Monitoring Reports
PARADISE TWP STP,0.1028425,0.0013338053517918938,0.0005233090608538426,-76.132647,40.009789,Discharge Monitoring Reports
PARISH (V) WWTP,0.0706575342465753,0.0009163857094343403,0.000323745196455171,-76.1316,43.4197,Discharge Monitoring Reports
PARK CREEK STP,0.98,0.012710010401886922,0.009361100977928088,-75.15951,40.21931,Discharge Monitoring Reports
PARK GUILDERLAND NE IND WWTP,0.184916666666667,0.0023982579151179536,0.0011085246510740892,-73.900278,42.689627,Discharge Monitoring Reports
PARKER CITY STP,0.131583333333333,0.0017065566687567515,0.000717276622486467,-79.680309,41.094457,Discharge Monitoring Reports
PARKWOOD SD,0.00184875,2.3977175235192294e-05,3.0611608098115262e-06,-75.916028,42.034278,Discharge Monitoring Reports
PASSAIC VALLEY SEWER COMM,259.333333333333,3.3633973104312966,11.769627148308153,-74.136198,40.714786,Discharge Monitoring Reports
PATCHOGUE (V) WWTP,0.3275,0.004247477965936702,0.0023031877394264887,-73.020944,40.76475,Discharge Monitoring Reports
PATTERSON HAMLET WWTP,,,,-73.61516,41.50845,Discharge Monitoring Reports
PATTON BORO STP,0.54,0.008340829461798,0.004367022268840409,-78.6472,40.6287,Clean Watershed Needs Survey
PATTON BOROUGH STP,0.511333333333333,0.006631685699487934,0.004072655204352385,-78.644164,40.638348,Discharge Monitoring Reports
PAVILION (HAMLET) SANITARY SDS,,,,-78.0285,42.875056,Discharge Monitoring Reports
PAW PAW TOWN OF,0.102691666666667,0.0013318491342045329,0.000522327337574221,-78.4575,39.5381,Discharge Monitoring Reports
PAWC POCONO DISTRICT,0.0342333333333333,0.00044398573750809044,0.0001281075290727123,-75.3869,41.1601,Discharge Monitoring Reports
PAWLING JOINT SEWER COMM WWTP,0.240083333333333,0.003113736391822804,0.001548130638579331,-73.594194,41.573667,Discharge Monitoring Reports
PCSPSD - BRUCETON MILLS WWTP,0.07,0.001081218633936778,0.00031989580384417314,-79.5286,39.6592,Clean Watershed Needs Survey
PCSPSD - Hazelton WWTP,0.75,0.011584485363608333,0.00664828307076811,-79.532561,39.656324,Clean Watershed Needs Survey
PCSPSD - VALLEY POINT WWTP,0.1,0.0015445980484811112,0.000504876317171055,-79.52992,39.65911,Clean Watershed Needs Survey
PEACH LAKE SEWER DISTRICT WWTP,0.04895,0.0006348520501758826,0.0002024253210798335,-73.51961,41.21159,Discharge Monitoring Reports
PEEKSKILL WASTEWATER TREATMENT PLANT,,,,-73.929583,41.300056,Discharge Monitoring Reports
PEMBERTON TWP MUA,1.86316666666667,0.02416415072834935,0.021296248864966078,-74.7077,39.9764,Discharge Monitoring Reports
PEN ARGYL MUNICIPAL AUTHORITY WWTP,0.711833333333333,0.009232050072527044,0.006218558076667086,-75.24636,40.8664,Discharge Monitoring Reports
PENN HILL MUN - PLUM CREEK STP,2.19,0.03382669726173634,0.026188158760415522,-79.8211,40.5143,Clean Watershed Needs Survey
PENN RUN STP,0.0102366666666667,0.0001327634079734519,2.7341008370287097e-05,-79.004732,40.627238,Discharge Monitoring Reports
PENN TWP COVE STP,0.05025,0.0006517122680559366,0.00020932849193935012,-76.989722,40.354167,Discharge Monitoring Reports
PENN TWP KINKORA STP,0.009875,0.00012807280889656466,2.6111327428289385e-05,-77.024722,40.370556,Discharge Monitoring Reports
PENN TWP STP,2.66075,0.03450832671104146,0.03359604716486555,-76.96882,39.79385,Discharge Monitoring Reports
PENN YAN (V) STP,0.651254083333333,0.008446373646365302,0.005549712471870485,-77.04133,42.66035,Discharge Monitoring Reports
PENNLAND FARMS-TREATMENT BUILDING,0.0312541666666667,0.000405347738199634,0.00011402153015740003,-75.20713,40.39351,Discharge Monitoring Reports
PENNRIDGE WASTEWATER TREATMENT AUTHORITY WWTP,3.68066666666667,0.04773603226450188,0.05088381588116908,-75.312947,40.354176,Discharge Monitoring Reports
PENNS CREEK MUNI AUTH,0.0388,0.000503212656727768,0.00015036607984257082,-77.0436,40.8634,Discharge Monitoring Reports
PENNS GROVE SEWERAGE AUTHORITY,0.347666666666667,0.004509027499717032,0.002486171889787798,-75.474308,39.728781,Discharge Monitoring Reports
PENNSVILLE SEWERAGE AUTHORITY,1.474325,0.01912110825077749,0.015785001007854477,-75.541673,39.639085,Discharge Monitoring Reports
PERKIOMEN CROSSING STP,0.0286354166666667,0.000371384126220102,0.00010194484455564363,-75.49462,40.301399,Discharge Monitoring Reports
PERRY (V) WWTP,1.12583333333333,0.014601380997405766,0.011179085246934442,-77.984778,42.720139,Discharge Monitoring Reports
PERRY TWP MUNI AUTH,0.0283333333333333,0.0003674662871293834,0.00010057098731439832,-77.006371,40.723418,Discharge Monitoring Reports
PERRY TWP MUNICIPAL AUTH STP,0.0750408333333333,0.0009732344614621727,0.00034965917261417945,-79.754759,40.121135,Discharge Monitoring Reports
PERRYOPOLIS STP,0.373857142857143,0.004848702218912258,0.0027282599658163707,-79.742258,40.088913,Discharge Monitoring Reports
PERRYVILLE WASTEWATER TREATMENT PLANT,0.74175,0.009620051240407781,0.006554865677819766,-76.06467,39.56224,Discharge Monitoring Reports
PERRYVILLE WWTP,1.65,0.025485867799938333,0.018230298528757235,-76.063843,39.558887,Clean Watershed Needs Survey
PETERS TWP FORT LOUDON STP,0.0401666666666667,0.0005209375011657739,0.00015717517992155683,-77.891972,39.895592,Discharge Monitoring Reports
PETERS TWP JUNCTION STP,0.0493333333333333,0.0006398236528841032,0.00020445560972905612,-77.885278,39.858333,Discharge Monitoring Reports
PETERS TWP UPTON STP,0.01675,0.00021723742268531221,5.1335187947378535e-05,-77.8,39.82,Discharge Monitoring Reports
PETERSBURG STP,0.0308333333333333,0.0003998897830525643,0.00011206104320572908,-78.045957,40.576647,Discharge Monitoring Reports
PETROLIA STP,0.023765,0.00030821775224575793,8.031199948107045e-05,-79.716793,41.02544,Discharge Monitoring Reports
PHELPS (V) STP,0.112153945205479,0.0014545691940554021,0.0005846771176377697,-77.057526,42.961418,Discharge Monitoring Reports
PHILADELPHIA SOUTHWEST POTW,92.375,1.1980481743615352,3.142081900539003,-75.21825,39.88613,Discharge Monitoring Reports
PHILADELPHIA WATER DEPT (NE),177.0,2.7339385458115664,7.219960358689759,-75.085,39.9914,Clean Watershed Needs Survey
PHILADELPHIA WATER DEPT (SE),92.0,1.4210302046026222,3.12577231652878,-75.1457,39.9017,Clean Watershed Needs Survey
PHILADELPHIA WATER DEPT (SW),183.5,2.8343374189628388,7.560896365275193,-75.2183,39.8861,Clean Watershed Needs Survey
PHILLIPSBURG TOWN STP,2.92541666666667,0.037940894146108926,0.03792950705248936,-75.177009,40.680599,Discharge Monitoring Reports
PHILMONT (V) WWTP,0.123317808219178,0.00159935778082005,0.0006601466144008183,-73.665833,42.253,Discharge Monitoring Reports
PHOENIX (V) STP,,,,-76.309417,43.232,Discharge Monitoring Reports
PHOENIXVILLE BORO STP,1.75525,0.022764536487665327,0.019731096890991454,-75.50342,40.12806,Discharge Monitoring Reports
PIACENTI WASTEWATER TREATMENT PLANT,7.31,0.09480630207938102,0.12241070016358724,-72.096447,41.34193,Discharge Monitoring Reports
PIGEON CREEK STP,0.904061666666667,0.011725135905388333,0.008443319747303774,-79.987329,40.13861,Discharge Monitoring Reports
PINE BROOK STP,8.06166666666667,0.10455496652028413,0.138740106537153,-74.35065,40.31708,Discharge Monitoring Reports
PINE CREEK MA STP,0.92,0.014210302046026224,0.00863422457718932,-77.3153,41.1709,Clean Watershed Needs Survey
PINE CREEK MUNI AUTH STP,1.04933333333333,0.013609222022156428,0.010216637898940274,-77.315517,41.175639,Discharge Monitoring Reports
PINE GROVE JOINT TREATMENT AUTHORITY WWTP,0.755166666666667,0.009794057335195522,0.006706933452508786,-76.407396,40.536173,Discharge Monitoring Reports
PINE GROVE STP,1.5,0.023168970727216666,0.016137540493300077,-76.4113,40.5544,Clean Watershed Needs Survey
PINE HILL WWTP,0.0718333333333333,0.0009316351161927315,0.0003306535959611844,-74.462361,42.121028,Discharge Monitoring Reports
PINE STREET STP KANE,0.6085,0.007891878907702238,0.0050879414847250825,-78.82057,41.65534,Discharge Monitoring Reports
PINE TOWNSHIP WTP,0.02875,0.00037287020311658066,0.0001024670252367785,-78.924452,40.618072,Discharge Monitoring Reports
PINE TWP STP,0.0136241666666667,0.00017669724494936208,3.941392757133892e-05,-79.462246,40.913903,Discharge Monitoring Reports
PINEBROOK ESTATES STP,0.0135666666666667,0.00017595150454312894,3.920123790408338e-05,-73.91646,41.75256,Discharge Monitoring Reports
PINEY FORK STP,4.63633333333333,0.060130453972736427,0.06836500749246495,-79.990877,40.286689,Discharge Monitoring Reports
PINTO/MD WATER SERVICES WWTP,0.288666666666667,0.0037438329959299617,0.001959752665802598,-78.841675,39.568361,Discharge Monitoring Reports
PITTSFIELD WASTEWATER TREATMENT FACILITY,11.5166666666667,0.14936423788612055,0.21896690481916684,-73.24276,42.407678,Discharge Monitoring Reports
PLAINVILLE WPCF,3.62,0.05591444935501622,0.04981329924475031,-72.8637,41.6834,Clean Watershed Needs Survey
PLAINVILLE WPCF,2.52916666666667,0.032801770042284746,0.031485315510350116,-72.86501,41.68032,Discharge Monitoring Reports
PLEASANT HILLS AUTH STP,2.89866666666667,0.03759396273973089,0.03748635566934097,-79.97498,40.306,Discharge Monitoring Reports
PLEASANT UNITY STP,0.602166666666667,0.0078097393846968495,0.005020290273988301,-79.475305,40.2428,Discharge Monitoring Reports
PLEASANTVILLE BORO - STP,0.202916666666667,0.002631707085764856,0.0012484097391876085,-79.583914,41.588619,Discharge Monitoring Reports
PLUM CREEK MUN AUTH,0.0050754166666666,6.582510064004361e-05,1.1143156076979279e-05,-76.186308,40.586676,Discharge Monitoring Reports
PLUM CREEK WASTEWATER TREATMENT PLANT,3.185,0.0413075338061325,0.04228765570357788,-79.823618,40.510655,Discharge Monitoring Reports
PLUMSTED MUA WWTP,0.0,0.0,0.0,-74.53684,40.085931,Discharge Monitoring Reports
PLUMVILLE STP,0.04,0.0005187759347708949,0.00015634128750078937,-79.207816,40.786175,Discharge Monitoring Reports
PLYMOUTH WPCF,1.08333333333333,0.01405018156671169,0.010642054796712397,-72.991771,41.668987,Discharge Monitoring Reports
POINT MARION WWTP,0.145416666666667,0.0018859666795316948,0.0008151325232514257,-79.903555,39.73249,Discharge Monitoring Reports
POLLOCK RUN WPCP,0.915583333333333,0.01187456499026629,0.008581229733376777,-79.788553,40.223319,Discharge Monitoring Reports
POMPTON LAKES BORO MUA,0.857583333333333,0.011122339884848493,0.007892015698214606,-74.283051,40.981747,Discharge Monitoring Reports
POQUONOCK WATER POLLUTION CONTROL FACILITY,2.29583333333333,0.029775577089454438,0.0278180818804328,-72.669883,41.890969,Discharge Monitoring Reports
PORT ALLEGANY STP,0.399166666666667,0.005176951515734559,0.0029667566928774235,-78.293593,41.815003,Discharge Monitoring Reports
PORT BYRON (V) WWTP,,,,-76.63029,43.03925,Discharge Monitoring Reports
PORT CHESTER  WASTEWATER TREATMENT PLANT,4.88082191780822,0.06330132382153077,0.07301081137546402,-73.658556,40.992028,Discharge Monitoring Reports
PORT DEPOSIT WWTP,0.15,0.002316897072721667,0.0008481454664881528,-76.108668,39.599158,Clean Watershed Needs Survey
PORT DEPOSIT WWTP,0.0495833333333333,0.0006430660024764213,0.00020578208958512735,-76.110833,39.600752,Discharge Monitoring Reports
PORT JERVIS STP,1.14706849315068,0.014876788244512147,0.011449556076338099,-74.68173,41.3619,Discharge Monitoring Reports
PORT MATILDA BORO AUTH,0.044,0.0005706535282479843,0.00017661603047211373,-78.043867,40.805012,Discharge Monitoring Reports
PORT PENN STP.,0.05,0.0007722990242405556,0.00020799704104064963,-75.57648,39.513336,Clean Watershed Needs Survey
PORT PENN WASTEWATER TREATMENT PLANT,0.04025,0.000522018284363213,0.00015759248901639112,-75.574183,39.512786,Discharge Monitoring Reports
PORT RICHMOND WATER POLLUTION CONTROL PLANT,30.9166666666667,0.40097056625000455,0.7745604482325902,-74.125778,40.640389,Discharge Monitoring Reports
PORT ROYAL STP,0.050375,0.0006533334428520957,0.00020999491224981908,-77.3825,40.5324,Discharge Monitoring Reports
PORTAGE AREA SEW AUTH WWTP,0.971333333333333,0.012597608949353226,0.009255319377729436,-78.683612,40.393351,Discharge Monitoring Reports
PORTAGE AREA STP,1.0,0.015445980484811111,0.009606208291357922,-78.612,40.389,Clean Watershed Needs Survey
PORTER HOLLOW ROAD SD,0.002578,3.3435108995984175e-05,4.684171482941696e-06,-75.775861,42.182389,Discharge Monitoring Reports
PORTER-TOWER JOINT MUNICIPAL AUTH,0.8435,0.010939687524481245,0.007726586992371565,-76.58,40.582778,Discharge Monitoring Reports
PORTLAND BOROUGH,0.027,0.000350173755970354,9.455632050937229e-05,-75.087381,40.91778,Discharge Monitoring Reports
PORTLAND WATER POLLUTION CONTROL FACILITY,0.434166666666667,0.005630880458659092,0.003303555851080205,-72.646186,41.567764,Discharge Monitoring Reports
"PORTLAND, TOWN OF",0.8,0.01235678438784889,0.007220520853362259,-72.6444,41.5695,Clean Watershed Needs Survey
PORTVILLE WASTEWATER TREATMENT PLANT,0.381780821917808,0.004951467569200284,0.0028024557883705864,-78.34039,42.03843,Discharge Monitoring Reports
POSSUM VALLEY STP,0.0875,0.0011348223573113324,0.0004255905890539119,-77.224677,39.975297,Discharge Monitoring Reports
POTTSGROVE STP,0.0141333333333333,0.00018330083028571573,4.1308172769999396e-05,-76.78,40.99321,Discharge Monitoring Reports
POTTSTOWN WASTEWATER TREATMENT PLANT,6.30483333333333,0.08176989515186738,0.10130433438307566,-75.62862,40.234773,Discharge Monitoring Reports
POTTSVILLE MAIN STP,5.08666666666667,0.06597100637169884,0.07697317910628951,-76.184704,40.674519,Discharge Monitoring Reports
POWNAL,0.0933333333333333,0.0012104771811320874,0.00046222245511328173,-73.26616,42.7965,Discharge Monitoring Reports
PRATTSVILLE (T) STP,0.0198333333333333,0.00025722640099056827,6.372300647931043e-05,-74.55295,42.30048,Discharge Monitoring Reports
PRBRSA-Two Bridges SA CS/STP,7.5,0.11584485363608334,0.12649591550571637,-74.274,40.9038,Clean Watershed Needs Survey
PRESTON COUNTY SEWER PSD,0.257125,0.0033347565556991585,0.0016900909953800464,-79.52992,39.65911,Discharge Monitoring Reports
PUNXSUTAWNEY BORO STP,1.62783333333333,0.021112018978780497,0.017917555975629534,-79.001564,40.941402,Discharge Monitoring Reports
PUTNEY,0.0524166666666667,0.0006798126311893606,0.0002209446074592277,-72.52021,42.97082,Discharge Monitoring Reports
Painted Post (V) WWTP & Collection System,0.4,0.006178392193924445,0.0029746829494535767,-77.09194,42.16145,Clean Watershed Needs Survey
Palmer Sewerage Collection System and WPCF,1.8,0.02780276487266,0.020376951803742147,-72.362228,42.185311,Clean Watershed Needs Survey
Palmyra (V) STP,0.6,0.009267588290886667,0.004997191930006617,-77.21872,43.062617,Clean Watershed Needs Survey
Palmyra Borough - CS/STP,1.05,0.016218279509051668,0.010224942847582788,-75.0382,40.0103,Clean Watershed Needs Survey
Parish (V) WWTP,0.14,0.002162437267873556,0.0007764909275404379,-76.128113,43.415992,Clean Watershed Needs Survey
Parsippany-Troy Hills Township CS/STP,16.0,0.24713568775697778,0.33347506744548183,-74.34754671,40.84672792,Clean Watershed Needs Survey
Passaic Valley Sewerage Commission - CS/CSO/STP,268.0,4.139522769929378,12.27517030581226,-74.13510644,40.71374659,Clean Watershed Needs Survey
Patchogue (V) WWTP,0.8,0.01235678438784889,0.007220520853362259,-73.0223,40.7649,Clean Watershed Needs Survey
Patterson (T) WWTP and Sewers,0.08,0.0012356784387848889,0.0003794910401622186,-73.61516,41.50845,Clean Watershed Needs Survey
Pavilion (T) WWTP,0.082,0.0012665703997545112,0.0003916708821009459,-78.027984,42.876366,Clean Watershed Needs Survey
Pawling (V) WWTP,0.2,0.0030891960969622223,0.0012254986626968037,-73.594194,41.573667,Clean Watershed Needs Survey
Pemberton Township MUA - CS/STP,2.4,0.03707035316354667,0.029442976673237968,-74.70693579,39.97588105,Clean Watershed Needs Survey
"Pembroke, (T) WWTP and Sewers",0.15,0.002316897072721667,0.0008481454664881528,-78.41365,42.95853,Clean Watershed Needs Survey
Penn Yan (V) STP,1.6,0.02471356877569778,0.017526547292516032,-77.03727,42.656198,Clean Watershed Needs Survey
Penns Grove Borough SA - CS/STP,0.75,0.011584485363608333,0.00664828307076811,-75.47420605,39.72841399,Clean Watershed Needs Survey
Pennsville Township SA - CS/STP,1.725,0.02664431633629917,0.019297104955767516,-75.54179581,39.63870028,Clean Watershed Needs Survey
Phelps (V) WWTP,0.204,0.0031509800189014666,0.001256943098183459,-77.049444,42.960833,Clean Watershed Needs Survey
Phillipsburg Town - CS/WWTP,3.5,0.05406093169683889,0.04771058052253468,-75.17502817,40.67949645,Clean Watershed Needs Survey
Philmont (V) STP,0.25,0.003861495121202778,0.0016304080624826712,-73.6658,42.253,Clean Watershed Needs Survey
Phoenix (V) STP and Sewers,0.45,0.006950691218165,0.0034584661816598698,-76.309417,43.232,Clean Watershed Needs Survey
Pine Plains (T) Sewer and STP,0.0,0.0,0.0,-73.65591,41.9856296,Clean Watershed Needs Survey
Pittsfield Sewerage Collection System and WPCF,5.9,0.09113128486038556,0.09305819506149275,-73.24276,42.407678,Clean Watershed Needs Survey
Pleasant Valley WWTP,0.02,0.0003089196096962222,6.440889399379803e-05,-77.046604,39.633952,Clean Watershed Needs Survey
Plumsted Township - CS/STP,0.6,0.009267588290886667,0.004997191930006617,-74.53684,40.085931,Clean Watershed Needs Survey
Pomfret (T) Lily Dale STP,0.05,0.0007722990242405556,0.00020799704104064963,-79.3271,42.3523,Clean Watershed Needs Survey
Pompton Lakes Borough CS/STP,1.2,0.018535176581773335,0.0121298064876105,-74.2826,40.9811,Clean Watershed Needs Survey
Port Byron (V) WWTP,0.285,0.0044021044381711665,0.0019279621486622783,-76.6284,43.0402,Clean Watershed Needs Survey
Port Jervis (C) STP (owner NYCDEP),1.5,0.023168970727216666,0.016137540493300077,-74.6804,41.3623,Clean Watershed Needs Survey
Portville (V) WWTP,0.68,0.010503266729671557,0.0058650190805030426,-78.3404,42.0384,Clean Watershed Needs Survey
Poughkeepsie (C) WWTP,8.5,0.13129083412089446,0.14846357082901668,-73.937575,41.713814,Clean Watershed Needs Survey
Poughkeepsie (T) Arlington STP,3.5,0.05406093169683889,0.04771058052253468,-73.9487,41.6449,Clean Watershed Needs Survey
Poughkeepsie (T) Route 44 SD STP,0.06,0.0009267588290886667,0.00026263888740455526,-73.9171,41.6408,Clean Watershed Needs Survey
Poughkeepsie (T) Tri-Munical WWTP,2.48,0.03830603160233156,0.03070438922369784,-73.9366,41.6062,Clean Watershed Needs Survey
Poughkeepsie(T)C'try Club STP,0.06,0.0009267588290886667,0.00026263888740455526,-74.433,42.32,Clean Watershed Needs Survey
Pownal WWTF,0.26,0.004015954926050889,0.0017143054526182913,-73.26616,42.7965,Clean Watershed Needs Survey
Prattsville (T) hamlet WWTF & On-S.,0.086,0.0013283543216937555,0.00041627897763619776,-74.433,42.32,Clean Watershed Needs Survey
Putney WWTF,0.1,0.0015445980484811112,0.000504876317171055,-72.52021,42.97082,Clean Watershed Needs Survey
QUAKER LAKE WWTP,0.0085573333333333,0.00011098346497865301,2.1739724902486423e-05,-75.906846,41.978328,Discharge Monitoring Reports
QUAKERTOWN WWTP,2.85991666666667,0.03709139855292158,0.036846433070396443,-75.318502,40.442508,Discharge Monitoring Reports
QUARRYVILLE STP,0.402666666666667,0.005222344410027012,0.0030000779461798995,-76.184922,39.906406,Discharge Monitoring Reports
QUINCY TWP STP,0.161833333333333,0.0020988809694272408,0.0009346729475100345,-77.578611,39.785833,Discharge Monitoring Reports
RAHWAY VALLEY SEWERAGE AUTHORITY,15.265,0.19797786610694273,0.31400360503596797,-74.259033,40.600268,Discharge Monitoring Reports
RALPHO TWP MUNI AUTH BEAR GAP STP,0.9195,0.011925361800545944,0.008628221586263946,-76.5521,40.86452,Discharge Monitoring Reports
RALPHO TWP MUNI AUTH BEAR GAP STP,0.0023166666666666,3.0045772888813467e-05,4.08550159529402e-06,-76.5521,40.86452,Discharge Monitoring Reports
RAMAPO INDIAN HILLS RGNL SD INDIAN HILLS HIGH SCHOOL WTP,0.0033583333333333,4.355556285680595e-05,6.56986471794534e-06,-74.23368,41.02111,Discharge Monitoring Reports
RANDOLPH (T) SD,0.04011275,0.0005202382344370302,0.0001569053097478456,-78.97392,42.16251,Discharge Monitoring Reports
RARITAN TWP MUA STP,3.07,0.039816052993666175,0.040344167776834625,-74.805164,40.517687,Discharge Monitoring Reports
RARITAN TWP MUA-FLEMINGTON WW FACILITY,1.6475,0.02136708381337623,0.018194967764559918,-74.845915,40.519132,Discharge Monitoring Reports
RAWLINGS WWTP,0.103583333333333,0.0013434135144171253,0.0005281367279139738,-78.88667,39.53652,Discharge Monitoring Reports
READING STP,18.5833333333333,0.2410146530289778,0.4038563108120677,-75.919911,40.303622,Discharge Monitoring Reports
READING TWP STP,0.153,0.001984317950498673,0.0008699075917487368,-77.04691,39.92305,Discharge Monitoring Reports
READINGTON LEBANON SEWER AUTH,0.72944025,0.009460401188831631,0.006416017990735599,-74.762663,40.625213,Discharge Monitoring Reports
READSBORO WPC,0.03245,0.0004208569770828884,0.00011963251083481318,-72.93818,42.76199,Discharge Monitoring Reports
REDBANK VALLEY STP,0.314583333333333,0.0040799565703335955,0.0021876187709508714,-79.35188,40.99756,Discharge Monitoring Reports
REDDING - GEORGETOWN WPCF,0.245,0.003784265218778722,0.0015888073676123577,-73.4293,41.2582,Clean Watershed Needs Survey
REDDING WASTEWATER TREATMENT FACILITY,0.0449666666666667,0.0005831906133382815,0.00018159538567639414,-73.429303,41.258249,Discharge Monitoring Reports
REDSTONE TWP SEW AUTH WWTP,0.203333333333333,0.0026371110017520444,0.0012516902979260616,-79.871152,39.985858,Discharge Monitoring Reports
REEVE TRACT WWTP,0.0141600833333333,0.00018364776169209378,4.140822460630943e-05,-74.95541,40.2846,Discharge Monitoring Reports
REGIONAL WATER POLLUTION CONTROL FACILITY,0.202916666666667,0.002631707085764856,0.0012484097391876085,-78.341923,40.828862,Discharge Monitoring Reports
REMSEN (V) WPCP,0.0364164383561644,0.00047229929623114636,0.00013865114396340882,-75.183944,43.321472,Discharge Monitoring Reports
RENSSELAER COUNTY SD#1 WWTP,17.8265753424658,0.231199957176287,0.3829367169080424,-73.713028,42.683083,Discharge Monitoring Reports
"RESIN SOLUTIONS, LLC",8.965,0.11627065638052679,0.15893275477416008,-73.14947,41.17549,Discharge Monitoring Reports
REVLOC STP,0.289666666666667,0.003756802394299235,0.0019684424641244237,-78.76381,40.48727,Discharge Monitoring Reports
REYNOLDSVILLE STP,0.4,0.006178392193924445,0.0029746829494535767,-78.8964,41.0931,Clean Watershed Needs Survey
REYNOLDSVILLE STP,0.558,0.007236924290053983,0.004554116690684654,-78.8933,41.09304,Discharge Monitoring Reports
RHINEBECK (V) WWTF,0.132899978082192,0.0017236327590155146,0.0007264716849867014,-73.924333,41.933972,Discharge Monitoring Reports
RICHEYVILLE STP,0.1595,0.002068619039898943,0.0009174667450488935,-79.980599,40.060858,Discharge Monitoring Reports
RICHFIELD AREA JT AUTH - STP,0.0475833333333333,0.0006171272057378765,0.0001952231850153456,-77.102448,40.689178,Discharge Monitoring Reports
RICHFIELD SPRINGS (V) WWTP,0.0,0.0,0.0,-74.986048,42.845656,Discharge Monitoring Reports
RICHMOND TOWNSHIP-VIRGINVILLE WWTP,0.00445,5.771382274326205e-05,9.417625175223793e-06,-75.869444,40.524167,Discharge Monitoring Reports
RICHMONDVILLE (V) STP,0.0970833333333333,0.001259112425016859,0.00048611422082909644,-74.7615,42.5885,Discharge Monitoring Reports
RIDGEBURY TWP STP,0.003625,4.701406908861235e-05,7.244546614434556e-06,-76.712983,41.948609,Discharge Monitoring Reports
RIDGEFIELD RT7/35 WPCF,0.09,0.001390138243633,0.00044120901317736927,-73.4757,41.3206,Clean Watershed Needs Survey
RIDGEFIELD WATER POLLUTION CONTROL FACILITY,9.518,0.12344273367873444,0.17158174344001542,-73.490438,41.290159,Discharge Monitoring Reports
RIDGEFIELD WATER POLLUTION CONTROL FACILITY,0.0375,0.0004863524388477139,0.00014395099135675065,-73.500271,41.320714,Discharge Monitoring Reports
RIDGEFIELD WPCF,0.9,0.01390138243633,0.008394819753785978,-73.4937,41.29,Clean Watershed Needs Survey
RIDGEWOOD VILLAGE,3.09083333333333,0.040086248793025976,0.040694763892226184,-74.105698,40.962348,Discharge Monitoring Reports
RIDGWAY BORO STP,2.2,0.033981157066584444,0.026341243749214323,-78.7498,41.4195,Clean Watershed Needs Survey
RIDGWAY BORO STP,1.17508333333333,0.015240123867092429,0.011808521887703092,-78.73773,41.41636,Discharge Monitoring Reports
RIDLEY CREEK STP,0.200245833333333,0.002597067984286916,0.001227426157863723,-75.52313,39.98697,Discharge Monitoring Reports
RIMERSBURG BORO STP,0.0571995833333333,0.000741844182806392,0.00024705943107671663,-79.4895,41.04035,Discharge Monitoring Reports
RINGTOWN BORO MUN AUTH,0.112625,0.0014606784913393006,0.0005878206835881059,-76.23,40.858,Discharge Monitoring Reports
RINGWOOD ACRES TREATMENT PLANT,0.0373370833333333,0.0004842395076967195,0.0001431513778042491,-74.260286,41.078569,Discharge Monitoring Reports
RIPLEY (T) WPCF,0.0,0.0,0.0,-79.72162,42.28087,Discharge Monitoring Reports
RISING SUN STP,0.5,0.007722990242405556,0.003957529462697384,-76.0786,39.7079,Clean Watershed Needs Survey
RISING SUN TOWN OF WWTP,0.120458333333333,0.0015622721118985967,0.0006406266442822039,-76.078531,39.707797,Discharge Monitoring Reports
RIVER ROAD PLANT CHLORINATION AND DE-CHLORINATION,10.17,0.13189878141550002,0.18676056743891142,-74.62306,40.38401,Discharge Monitoring Reports
RIVER ROAD WWTP,9.22333333333333,0.11962108429258879,0.16481538254934017,-73.999611,40.787823,Discharge Monitoring Reports
RIVERHEAD SEWER DISTRICT WWTF,0.576333333333333,0.007474696593490638,0.004746416860765009,-72.639278,40.918139,Discharge Monitoring Reports
RIVERSIDE FARMS PUMP STATION,0.0,0.0,0.0,-74.607102,40.449744,Discharge Monitoring Reports
RIVERSIDE PACKAGE PLANT,0.0272727272727273,0.0003537108646165196,9.577998221492172e-05,-77.8689,39.563926,Discharge Monitoring Reports
RIVERSIDE SEWERAGE AUTHORITY,0.938333333333333,0.012169618803167238,0.008854960781701952,-74.96548,40.03901,Discharge Monitoring Reports
RIVERTON STP,0.210083333333333,0.002724654440744633,0.0013050951413034798,-75.010569,40.013748,Discharge Monitoring Reports
RIVERVIEW LANDING STP,0.00708,9.18233404544484e-05,1.705907576310531e-05,-73.875278,42.8375,Discharge Monitoring Reports
ROARING SPRING STP,0.283508333333333,0.003676932516008457,0.001915061767370928,-78.406711,40.337118,Discharge Monitoring Reports
ROBERT ERSKINE SCHOOL STP,0.00076025,9.859985110239318e-06,9.820884029378304e-07,-74.26474,41.0915,Discharge Monitoring Reports
ROBESON TWP STP,0.21125,0.0027397854055087882,0.0013143747318946851,-75.86136,40.28239,Discharge Monitoring Reports
ROBESONIA WERNERSVILLE STP,0.97515,0.01264710881979595,0.009301871616318323,-76.084444,40.349444,Discharge Monitoring Reports
ROBESONIA-WERNERSVILLE STP,1.37,0.021160993264191224,0.014370364401635609,-76.1371,40.3516,Clean Watershed Needs Survey
ROBIN MEADOWS SD,0.0571629166666667,0.0007413686381995196,0.00024685683256463285,-74.45627,41.39107,Discharge Monitoring Reports
ROBINDALE HEIGHTS STP,0.01375,0.00017832922757749512,3.9880253224576125e-05,-79.021122,40.423352,Discharge Monitoring Reports
ROCKAWAY VALLEY REG SA,9.7875,0.12693798653925334,0.17782170745854292,-74.392279,40.896288,Discharge Monitoring Reports
ROCKLAND COUNTY SEWER DISTRICT NO 1,,,,-73.94183,41.04398,Discharge Monitoring Reports
ROCKWOOD BORO STP,0.165566666666667,0.0021473000566725334,0.0009623470250894262,-79.154462,39.911692,Discharge Monitoring Reports
ROCKY HILL WATER POLLUTION CONTROL FACILITY,6.58416666666667,0.08539268042968422,0.10708161987657888,-72.646186,41.683596,Discharge Monitoring Reports
ROMBOUT STP,2.8375e-07,3.6800667872810346e-09,4.04067764265127e-11,-73.980556,41.527778,Discharge Monitoring Reports
ROME MUNICIPAL STP,,,,-75.411905,43.204972,Discharge Monitoring Reports
ROOSEVELT BORO MUA WWTP,0.20615,0.0026736414738254993,0.0012739160087929296,-74.429724,40.158114,Discharge Monitoring Reports
ROSCOE SEWER TREATMENT PLANT,0.0542383561643836,0.0007034388479903707,0.00023081579618738245,-74.9295,41.949111,Discharge Monitoring Reports
ROSE VALLEY BORO STP,0.0,0.0,0.0,-75.39048,39.89206,Discharge Monitoring Reports
ROSE VALLEY STP,0.13,0.0020079774630254446,0.000706253094980582,-75.39048,39.89206,Clean Watershed Needs Survey
ROSENDALE (T) STP,0.076956904109589,0.0009980847466631538,0.00036112197537845514,-74.072139,41.847083,Discharge Monitoring Reports
ROSSITER STP,0.03775,0.000489594788440032,0.00014517990718286485,-78.944173,40.908346,Discharge Monitoring Reports
ROSTRAVER TWP - POLLOCK RUN STP,0.4,0.006178392193924445,0.0029746829494535767,-79.8303,40.1334,Clean Watershed Needs Survey
ROTTERDAM WASTEWATER TREATMENT FACILITY,0.948666666666667,0.012303635919649726,0.008979909230058309,-73.98894,42.8039,Discharge Monitoring Reports
ROULETTE TOWNSHIP STP,0.0295833333333333,0.00038367803509097384,0.00010628209912568738,-78.159175,41.778121,Discharge Monitoring Reports
ROUSEVILLE MUN WATERWORKS,0.184083333333333,0.002387450083143551,0.0011021374670174397,-79.68947,41.463983,Discharge Monitoring Reports
ROXBURY TWP MUA AJAX WTP,1.762,0.022852079926657918,0.019828224830579923,-74.642298,40.841516,Discharge Monitoring Reports
ROYALSTON WASTEWATER TREATMENT PLANT,1.28775e-08,1.6701342750030496e-10,7.72913460605325e-13,-72.15324,42.62896,Discharge Monitoring Reports
RUNNYMEDE WWTP,0.0019166666666666,2.4858013541104512e-05,3.20576573329092e-06,-77.10387,39.62882,Discharge Monitoring Reports
RUSHVILLE (V)  STP,,,,-77.23087,42.76239,Discharge Monitoring Reports
RUSSELL WASTEWATER TREATMENT FACILITY,15.2425,0.19768605464363412,0.3134115991412197,-72.851635,42.189494,Discharge Monitoring Reports
Rahway Valley SA - CS/CSO/STP,34.4,0.5313417286775023,0.887920666143077,-74.259,40.6003,Clean Watershed Needs Survey
Randolph (V) WWTP,0.073,0.001127556575391211,0.0003375396352827548,-78.976111,42.163889,Clean Watershed Needs Survey
Raritan Township MUA -Flemington WWTF - STP,3.85,0.05946702486652278,0.053897812139788524,-74.84738843,40.518993156,Clean Watershed Needs Survey
Raritan Township MUA- South Main STP/CS,2.21,0.03413561687143256,0.026494523257041276,-74.80653663,40.51670785,Clean Watershed Needs Survey
Rawlings WWTP and Collection System,0.143,0.0022087752093279886,0.000797841825010461,-78.8736,39.5345,Clean Watershed Needs Survey
Readington-Lebanon SA - STP,0.8,0.01235678438784889,0.007220520853362259,-74.7629,40.6238,Clean Watershed Needs Survey
Readsboro WWTF,0.075,0.0011584485363608334,0.0003494157705595204,-72.93818,42.76199,Clean Watershed Needs Survey
Red Hook (V) STP,0.025,0.0003861495121202778,8.568983652090762e-05,-73.883722,41.991667,Clean Watershed Needs Survey
Remsen (V) STP & Collection System,0.049,0.0007568530437557445,0.0002026898902497706,-75.185916,43.325634,Clean Watershed Needs Survey
Rensselaer (Co) SD#1 WWTP,19.0,0.29347362921141107,0.4154771629341944,-73.713,42.6831,Clean Watershed Needs Survey
Rensselaerville (T) WWTP,0.023,0.00035525755115065554,7.701949302616768e-05,-74.13533,42.51466,Clean Watershed Needs Survey
Rhinebeck (V) WWTP & Collection System,0.26,0.004015954926050889,0.0017143054526182913,-73.923056,41.933611,Clean Watershed Needs Survey
Richfield Springs (V) Sewers & STP,0.6,0.009267588290886667,0.004997191930006617,-74.986048,42.845656,Clean Watershed Needs Survey
Richmondville (V) STP,0.2,0.0030891960969622223,0.0012254986626968037,-74.7615,42.5885,Clean Watershed Needs Survey
Ridgewood Village WPCF - CS/STP,5.0,0.07722990242405554,0.07529933776825676,-74.11033292,40.96372589,Clean Watershed Needs Survey
Ringwood Borough - CS/STP,0.36,0.005560552974532,0.002599561286609706,-74.260286,41.078569,Clean Watershed Needs Survey
Ripley (T) WWTP,0.28,0.004324874535747112,0.0018847954656082695,-79.72162,42.28087,Clean Watershed Needs Survey
Riverhead (T) STP & Sewers,1.3,0.020079774630254444,0.013437774967965178,-72.645,40.923,Clean Watershed Needs Survey
"Riverhead, (T) Community College WWTP",0.035,0.000540609316968389,0.0001317894668019548,-72.7071,40.8766,Clean Watershed Needs Survey
Riverside Township - CS/STP,1.0,0.015445980484811111,0.009606208291357922,-74.96546497,40.03958981,Clean Watershed Needs Survey
Riverton Borough - CS/STP,0.22,0.0033981157066584446,0.0013844245024098333,-75.0109,40.0146,Clean Watershed Needs Survey
Rockaway Valley RSA - CS/STP,9.8,0.1513706087511489,0.1781123074543908,-74.3926,40.89618,Clean Watershed Needs Survey
Rockland (T)  Livingston Manor STP,0.77,0.011893404973304557,0.006875938424010319,-74.831222,41.9085,Clean Watershed Needs Survey
Rockland (T) Roscoe STP,0.2,0.0030891960969622223,0.0012254986626968037,-74.927988,41.945547,Clean Watershed Needs Survey
Rockland County (Co) SD#1 & WWTP,22.4,0.3459899628597689,0.5128788093750524,-73.9419,41.0423,Clean Watershed Needs Survey
Rockland County SD#1-Sloats/W.Ramap,29.0,0.44793343405952224,0.7136672023968559,-73.94183,41.04398,Clean Watershed Needs Survey
Rome (C) STP,9.5,0.14673681460570553,0.17116671464111727,-75.411528,43.202028,Clean Watershed Needs Survey
Roosevelt Borough - CS/STP,0.23,0.003552575511506556,0.0014654386972433185,-74.48856208,40.21679843,Clean Watershed Needs Survey
Rosendale (T) STP,0.1,0.0015445980484811112,0.000504876317171055,-74.072139,41.847083,Clean Watershed Needs Survey
Rotterdam (T) WWTP & Collection System Improvements,1.3,0.020079774630254444,0.013437774967965178,-73.98931,42.80335,Clean Watershed Needs Survey
Roxbury (T) Grand Gorge STP (NYC),0.46,0.007105151023013112,0.0035570952779061986,-74.4727,42.3607,Clean Watershed Needs Survey
Roxbury Township - Ajax Terrace STP/CS,2.0,0.030891960969622222,0.023317384900542904,-74.64284101,40.84340749,Clean Watershed Needs Survey
Royalton (T) Gasport WWTP,0.48,0.007414070632709334,0.0037561468005359896,-78.558869,43.202417,Clean Watershed Needs Survey
Runnymede WWTP,0.02,0.0003089196096962222,6.440889399379803e-05,-77.103199,39.628804,Clean Watershed Needs Survey
Rushville (V) STP,0.045,0.0006950691218165,0.00018176762525833737,-77.23087,42.76239,Clean Watershed Needs Survey
S FORK REG WWTP,0.522725,0.0067794287625779,0.0041890941329276385,-78.798772,40.363947,Discharge Monitoring Reports
S LONDONDERRY CAMPBELL E STP,0.15975,0.0020718613894912612,0.0009193069230532528,-76.561598,40.288625,Discharge Monitoring Reports
S LONDONDERRY COLEBROOK STP,0.0271666666666667,0.00035233532236523315,9.530370562917901e-05,-76.507931,40.240431,Discharge Monitoring Reports
S WOODBURY TWP STP,0.0600166666666667,0.0007783800587958306,0.00026273222756071306,-78.370546,40.158909,Discharge Monitoring Reports
SACKETT LAKE SD STP,0.158027397260274,0.002049520268327755,0.0009066437191687746,-74.752111,41.607,Discharge Monitoring Reports
SAG HARBOR (V) WWTP,0.0725150684931507,0.000940476811062743,0.000334673652037658,-72.308333,41.001944,Discharge Monitoring Reports
SAGAMOR SD WWTF,0.0295833333333333,0.00038367803509097384,0.00010628209912568738,-73.75294,41.60777,Discharge Monitoring Reports
SAGINAW WWTP,0.113166666666667,0.001467703582122661,0.0005914400174079065,-76.67327,40.071127,Discharge Monitoring Reports
SALEM WASTEWATER TREATMENT FAC,0.812216666666667,0.010533961512162512,0.007361887982681565,-75.479337,39.573919,Discharge Monitoring Reports
SALISBURY BORO STP,0.095,0.0012320928450808752,0.0004728085428795114,-79.087794,39.757527,Discharge Monitoring Reports
SALISBURY TWP GAP STP,0.272825,0.003538376110096734,0.001823227296587472,-76.019971,39.995432,Discharge Monitoring Reports
SALISBURY TWP ROSEHILL STP,0.0073825,9.574658346115328e-05,1.799707181421213e-05,-75.97509,40.06756,Discharge Monitoring Reports
"SALISBURY, TOWN OF",0.55,0.008495289266646111,0.0044707521304922036,-73.423,41.9814,Clean Watershed Needs Survey
SANDY TWP STP,0.0354166666666667,0.0004593328589117302,0.00013380002244017586,-78.79396,41.14464,Discharge Monitoring Reports
SANFORD (T) - OQUAGA LAKE STP,0.0099625205479452,0.00012920789774836298,2.640776496834972e-05,-75.451278,42.007778,Discharge Monitoring Reports
SARATOGA CO SEWER DIST #1 WWTP,15.55,0.2016741446421854,0.3215233642057726,-73.682722,42.882472,Discharge Monitoring Reports
SAUGERTIES (V) DOCK STREET STP,0.736767123287671,0.009555426327300616,0.006498583207184538,-73.944972,42.07475,Discharge Monitoring Reports
SAVANNAH (T) WWTP,0.0185923329589041,0.00024113137275817982,5.8667136059979e-05,-76.767702,43.064712,Discharge Monitoring Reports
SAXONBURG AREA AUTHORITY STP,1.04058333333333,0.013495739786425298,0.01010777232560067,-79.95648,40.80439,Discharge Monitoring Reports
SAXONBURG AREA STP,2.05,0.03166425999386278,0.02406576110039123,-79.8442,40.749,Clean Watershed Needs Survey
SAXTON STP,0.272083333333333,0.00352875713963952,0.0018168886651026472,-78.24809,40.21813,Discharge Monitoring Reports
SAXTONS RIVER WASTEWATER TREATMENT FACILITY,0.0441516666666667,0.0005726205536673244,0.00017739527114449299,-72.5065,43.13783,Discharge Monitoring Reports
SCHENECTADY (C) STP,,,,-73.9182,42.8389,Discharge Monitoring Reports
SCHODACK LANDING POTW,0.0078916666666666,0.00010235016879750693,1.960013531252268e-05,-73.775,42.475,Discharge Monitoring Reports
SCHOHARIE (V) WWTP,0.108084931506849,0.0014017965344278432,0.0005576773679654214,-74.3145,42.678361,Discharge Monitoring Reports
SCHOOLEY'S MOUNTAIN WASTEWATER TREATMENT PLAN,0.523333333333333,0.006787318479919202,0.00419533225946562,-74.76821,40.81229,Discharge Monitoring Reports
SCHUYLERVILLE (V) STP,0.39225,0.005087246510347088,0.0029011477873097354,-73.57988,43.1007,Discharge Monitoring Reports
SCHUYLKILL HAVEN BOROUGH,1.06641666666667,0.013830782577631586,0.010429915359291258,-76.16984,40.62346,Discharge Monitoring Reports
SCHUYLKILL VALLEY SEW AUTH,0.181675,0.002356215448737558,0.0010837239755862706,-76.144784,40.708453,Discharge Monitoring Reports
SCHWENKSVILLE BORO WWTP,0.231266666666667,0.002999389529533728,0.0014757718018774833,-75.463536,40.25302,Discharge Monitoring Reports
SCI SOMERSET STP,0.333166666666667,0.004320971223362583,0.0023542952718932806,-79.047236,39.961691,Discharge Monitoring Reports
SCMA BRANCH CASS WWTP,0.173333333333333,0.002248029050673873,0.0010204761537050198,-76.27975,40.667028,Discharge Monitoring Reports
SCMA DEER LAKE WWTP,0.5275,0.006841357639791175,0.004238113529220156,-76.06114,40.61745,Discharge Monitoring Reports
SCMA GORDON WWTP,0.448333333333333,0.005814613602223775,0.0034420870839240877,-76.346999,40.744082,Discharge Monitoring Reports
SCMA TREMONT WWTP,0.421666666666667,0.005468762979043187,0.003182365519437204,-76.39763,40.62646,Discharge Monitoring Reports
SCOTTDALE-EVERSON STP,2.09833333333333,0.02721412091152315,0.024794056510479175,-79.596421,40.082802,Discharge Monitoring Reports
SCSD#6 - KINGS PARK STP,,,,-73.231024,40.895719,Discharge Monitoring Reports
SECAUCUS MUA - KOELLE BLVD STP,3.175675,0.04118659416633903,0.042129323088061235,-74.047585,40.798406,Discharge Monitoring Reports
SENECA CO SD#1 STP,0.413115068493151,0.005357853895636916,0.0031000303999001977,-76.877278,42.671167,Discharge Monitoring Reports
SENECA FALLS WWTP,,,,-76.783528,42.915111,Discharge Monitoring Reports
SEWARD (T) STP,0.0081666666666666,0.00010591675334905684,2.0478165888051667e-05,-74.614972,42.717944,Discharge Monitoring Reports
SEWICKLEY STP,0.186833333333333,0.0024231159286590503,0.0011232456677306374,-79.744202,40.253633,Discharge Monitoring Reports
SEYMOUR WPCF,1.23416666666667,0.016006399154077026,0.012573397321574534,-73.087313,41.366379,Discharge Monitoring Reports
SHA - SIDELING HILL REST AREA WWTP,0.0048583333333333,6.30096604107145e-05,1.0537078315309286e-05,-78.27749,39.712247,Discharge Monitoring Reports
SHADE CTL CITY JT AUTH STP,0.455,0.005901076258018928,0.003507705031513243,-78.808061,40.119189,Discharge Monitoring Reports
SHADE GAP AREA STP,0.0099,0.00012839704385579647,2.6195929394835027e-05,-77.861364,40.186407,Discharge Monitoring Reports
SHADY AVE STP,0.67775,0.00879000974477435,0.0058402027681322575,-79.88605,40.02018,Discharge Monitoring Reports
SHAMOKIN TWP MUNICIPAL AUTHORITY,0.0025,3.242349592318093e-05,4.503625964532372e-06,-76.591319,40.846952,Discharge Monitoring Reports
SHAMOKIN-COAL TWP JT SEW AUTH,4.26641666666667,0.05533285735930318,0.0614658867202281,-76.584096,40.814452,Discharge Monitoring Reports
SHAMOKIN-COAL TWP STP,7.0,0.10812186339367778,0.1158090618202728,-76.583,40.8112,Clean Watershed Needs Survey
SHANKSVILLE BORO STP,0.03025,0.0003923243006704892,0.00010935589143054616,-78.91501,40.020301,Discharge Monitoring Reports
SHARON SPRINGS (V) STP,,,,-74.6125,42.802306,Discharge Monitoring Reports
SHARON WATER POLLUTION CONTROL FACILITY,0.0449166666666667,0.0005825421434198178,0.00018133709318268968,-73.48861,41.88358,Discharge Monitoring Reports
SHEFFIELD TWP STP,0.426583333333333,0.005532529187692101,0.0032299156266268995,-79.03256,41.7023,Discharge Monitoring Reports
SHELBURNE WASTEWATER TREATMENT FACILITY,0.242308333333333,0.003142593303194435,0.0015665100395707995,-72.731942,42.595262,Discharge Monitoring Reports
SHELOCTA STP,0.0501666666666667,0.0006506314848584977,0.00020888446888305638,-79.306667,40.657778,Discharge Monitoring Reports
SHELTON WATER POLLUTION CONTROL FACILITY,2.53333333333333,0.03285580920215663,0.03155169201702766,-73.082903,41.3125,Discharge Monitoring Reports
SHENANDOAH MUN SEW AUTH,1.53083333333333,0.019853987336961077,0.016563139703363924,-76.215,40.814722,Discharge Monitoring Reports
SHENANDOAH SEWAGE TF,1.61,0.024868028580545893,0.01766681249620097,-76.215,40.814722,Clean Watershed Needs Survey
SHERBURNE (V) STP,0.34275,0.004445261291068105,0.0024412795418164517,-75.50227,42.67829,Discharge Monitoring Reports
SHERMAN (V) WWTP,0.0537986301369863,0.0006977358659677176,0.00022842444552186362,-79.600139,42.155472,Discharge Monitoring Reports
SHERRILL (C) STP,,,,-75.615583,43.070028,Discharge Monitoring Reports
SHICKSHINNY SEW AUTH WWTP,0.3575875,0.004637694739372184,0.0025772947512123136,-76.144108,41.149381,Discharge Monitoring Reports
SHINGLEHOUSE BORO WATER DEPT,0.0725833333333333,0.0009413621649696858,0.000335076779676646,-78.19487,41.96633,Discharge Monitoring Reports
SHIPPENSBURG STP,2.89083333333333,0.037492369119171504,0.03735680113366495,-77.531389,40.059722,Discharge Monitoring Reports
SHOEMAKERSVILLE SEW. FAC.,0.2,0.0030891960969622223,0.0012254986626968037,-75.9712,40.4932,Clean Watershed Needs Survey
SHOEMAKERSVILLE STP,0.47625,0.006176675973365966,0.003718644954703786,-75.971223,40.493222,Discharge Monitoring Reports
SIDNEY VILL WATER POLLUTION CONTROL PLANT,,,,-75.401944,42.313056,Discharge Monitoring Reports
SILVER CREEK (V) WWTP,0.764695890410959,0.009917645634085174,0.006815400139300073,-79.17007,42.54502,Discharge Monitoring Reports
SILVER SPRING TWP STP,0.665916666666667,0.008636538530737965,0.005710067297067653,-77.008611,40.254444,Discharge Monitoring Reports
SIMSBURY WATER POLLUTION CONTROL FACILITY,2.11416666666667,0.02741946971903671,0.02503366228914952,-72.797855,41.870817,Discharge Monitoring Reports
SIMSBURY WPCF,2.6,0.04015954926050889,0.03261784063300091,-72.8017,41.87,Clean Watershed Needs Survey
SINKING SPRING STP,1.0065,0.01305369945867264,0.009686164836881993,-76.022161,40.341203,Discharge Monitoring Reports
SIX MILE RUN STP,0.0449520833333333,0.0005830014762787287,0.00018152004207337195,-78.255,40.1584,Discharge Monitoring Reports
SKANEATELES (V) WWTP,0.0,0.0,0.0,-76.441333,42.956389,Discharge Monitoring Reports
SKYVIEW / HIBROOK WTP,0.01257,0.0001630253375017537,3.555529410863527e-05,-74.21767,41.02802,Discharge Monitoring Reports
SLABTOWN WASTEWATER TREATMENT PLANT,0.0079308333333333,0.00010285813690030386,1.9724673547798766e-05,-76.414392,40.906198,Discharge Monitoring Reports
SLATINGTON BORO STP,1.5,0.023168970727216666,0.016137540493300077,-75.604065,40.758061,Clean Watershed Needs Survey
SLATINGTON WWTP,0.972875,0.012617603438505858,0.009274117089224687,-75.604065,40.758061,Discharge Monitoring Reports
SLEEPY HOLLOW SD,0.0067916679166666,8.808384680305528e-05,1.617536929422595e-05,-76.578611,43.432639,Discharge Monitoring Reports
SLTMA - CAMPBELLTOWN WEST STP,0.138083333333333,0.001790857758157022,0.0007629166720005704,-76.589971,40.281689,Discharge Monitoring Reports
SMETHPORT STP,0.388816666666667,0.00504271824261259,0.0028686999629339775,-78.428597,41.814726,Discharge Monitoring Reports
SMITHFIELD SEWER AUTHORITY STP,0.200083333333333,0.0025949604570519092,0.0012261519767761153,-75.173611,41.033333,Discharge Monitoring Reports
SMITHSBURG WWTP,0.333,0.0051435115014421,0.0023527886199749696,-77.5858,39.6634,Clean Watershed Needs Survey
SMITHSBURG WWTP,0.251416666666667,0.0032607229066745663,0.0016422374506873958,-77.585824,39.663429,Discharge Monitoring Reports
SMITHTON BORO MUNI AUTH STP,0.03925,0.0005090488859939405,0.00015260081915079678,-79.742814,40.156412,Discharge Monitoring Reports
SNAKE SPRING TOWNSHIP MA-SNAKE SPRING PLANT,0.0555,0.0007198016094946165,0.00023770695025783451,-78.44703,40.01782,Discharge Monitoring Reports
SNYDERTOWN BORO SEWER SYS,0.0048729166666666,6.319879747026596e-05,1.0577560763830408e-05,-76.672711,40.874452,Discharge Monitoring Reports
SODUS (V) STP,0.274284931506849,0.0035573105434009117,0.001835718617345665,-77.061639,43.250528,Discharge Monitoring Reports
SODUS POINT (V) WWTP,0.225616438356164,0.0029261094676974737,0.001429801872575505,-76.997083,43.27275,Discharge Monitoring Reports
SOMERS WPCF,0.04275,0.0005544417802863939,0.0001702224547243835,-72.49057,41.98349,Discharge Monitoring Reports
SOMERSET BORO PLT & SEW,1.7965,0.023299524170397812,0.02032627468986624,-79.08394,40.00936,Discharge Monitoring Reports
SOMERSET RARITIAN VALLEY SEWERAGE,21.9675,0.28490525867699085,0.5002439730625774,-74.567103,40.557339,Discharge Monitoring Reports
SOMERSET-BARKER SD WWTP,0.138833333333333,0.0018005848069339765,0.0007682221093805701,-78.55796,43.36335,Discharge Monitoring Reports
SOUDERTON BORO STP,1.61291666666667,0.02091855878643894,0.01770776911564502,-75.33079,40.29628,Discharge Monitoring Reports
SOUTH & CTR CHAUTAUQUA L WWTP,,,,-79.27452,42.10882,Discharge Monitoring Reports
SOUTH ALBANY SD,0.0027139166666666,3.519786639100691e-05,5.0024189747482276e-06,-73.848722,42.551111,Discharge Monitoring Reports
SOUTH COATESVILLE STP,0.235916666666667,0.0030596972319508445,0.001513840364216429,-75.8066,39.9721,Discharge Monitoring Reports
SOUTH CORNING WWTP,0.113142465753425,0.0014673897108379251,0.0005912782071287107,-77.03336,42.12288,Discharge Monitoring Reports
SOUTH DAYTON (V) WWTP,0.0303333333333333,0.00039340508386792816,0.00010974145649815989,-78.97517,42.41696,Discharge Monitoring Reports
SOUTH DEERFIELD WASTEWATER TREATMENT PLANT,0.57175,0.007415253517631477,0.004698179326481979,-72.58914,42.46829,Discharge Monitoring Reports
SOUTH FALLSBURG (T) WWTP,0.0,0.0,0.0,-74.614,41.715583,Discharge Monitoring Reports
SOUTH HADLEY WASTEWATER TREATMENT FACILITY,2.74166666666667,0.035557767195755124,0.03490868507993568,-72.58814,42.205371,Discharge Monitoring Reports
SOUTH LONDONDERRY TWP - LAWN STP,0.02975,0.000385839601485853,0.00010704875078961397,-76.543376,40.219375,Discharge Monitoring Reports
SOUTH MIDDLETON TWP STP,0.75,0.011584485363608333,0.00664828307076811,-77.1464,40.1493,Clean Watershed Needs Survey
SOUTH MIDDLETON TWP WATER AUTH,0.96175,0.012473318881647702,0.009138656013059469,-77.095434,40.147579,Discharge Monitoring Reports
SOUTH MONMOUTH REGIONAL SEWERAGE AUTH,5.89166666666667,0.0764113720589631,0.09289007064479177,-74.04492,40.16883,Discharge Monitoring Reports
SOUTH VERSAILLES STP,0.0353333333333333,0.00045825207571429,0.0001333973799920104,-79.8031,40.2959,Discharge Monitoring Reports
SOUTH WINDSOR WATER POLLUTION CONTROL FACILITY,2.74641666666667,0.035619371838009166,0.03498608003231911,-72.635461,41.829512,Discharge Monitoring Reports
SOUTH WINDSOR WPCF,2.25,0.034753456090825,0.027109573858312332,-72.6244,41.8254,Clean Watershed Needs Survey
SOUTHEAST BREWSTER HEIGHTS SD 1,0.10973698630137,0.0014232226911858523,0.0005686058622522603,-73.6314,41.40075,Discharge Monitoring Reports
SOUTHEAST WATER POLLUTION CONTROL PLANT,82.5,1.0699753654649706,2.718941966271625,-75.14455,39.90182,Discharge Monitoring Reports
SOUTHINGTON WPCF,5.9,0.09113128486038556,0.09305819506149275,-72.8793,41.5686,Clean Watershed Needs Survey
SOUTHINGTON WPCF,5.495,0.07126684403915168,0.08496542840436412,-72.883694,41.566931,Discharge Monitoring Reports
SOUTHWEST WARREN CNTY STP,0.144916666666667,0.0018794819803470589,0.0008115485036500104,-79.40985,41.68352,Discharge Monitoring Reports
SPARTA ALPINE SCHOOL,0.0041833333333333,5.425531651145565e-05,8.701744721800592e-06,-74.672756,41.022916,Discharge Monitoring Reports
SPARTA TWP PLAZA WWTP,0.034475,0.00044712000878066496,0.0001292656787147025,-74.641273,41.034208,Discharge Monitoring Reports
SPARTANSBURG BORO,0.0242916666666667,0.00031504830205357514,8.259606653218806e-05,-79.69221,41.81102,Discharge Monitoring Reports
SPECULATOR (V) WWTP,0.0998333333333333,0.001294778270532358,0.0005038000310634027,-74.355693,43.49492,Discharge Monitoring Reports
SPRAGUE WASTEWATER TREATMENT PLANT,0.289583333333333,0.0037557216111017864,0.0019677179937209735,-72.07232,41.61486,Discharge Monitoring Reports
SPRAGUE WPCF,0.25,0.003861495121202778,0.0016304080624826712,-72.0717,41.6147,Clean Watershed Needs Survey
SPRING CITY BORO STP,0.364083333333333,0.004721941789612578,0.0026373440062314496,-75.537122,40.173068,Discharge Monitoring Reports
SPRING CREEK STP,0.100083333333333,0.001298020620124672,0.0005054146482305882,-77.973033,40.193352,Discharge Monitoring Reports
SPRING MEADOWS WTP-HARFORD COU,0.0075833333333333,9.835127096698172e-05,1.8625804275361807e-05,-76.45917,39.63865,Discharge Monitoring Reports
SPRING MEADOWS WWTP,0.01,0.0001544598048481111,2.6534933233701082e-05,-76.4592,39.6387,Clean Watershed Needs Survey
SPRING TOWNSHIP STP,1.25,0.019307475606013886,0.012780135894764918,-76.007452,40.318442,Clean Watershed Needs Survey
SPRING TWP SEWAGE,0.0900909090909091,0.0011684248894499017,0.00044177926355674354,-77.21392,40.75058,Discharge Monitoring Reports
SPRING TWP STP,1.1997,0.015559387223616064,0.012125927004564153,-76.00696,40.347813,Discharge Monitoring Reports
SPRINGETTSBURY WASTEWATER TREATMENT PLANT,10.6534666666667,0.13816905321376466,0.19819377747587308,-76.691333,40.017028,Discharge Monitoring Reports
SPRINGFIELD REGIONAL WASTEWATER TREATMENT PLANT,45.1916666666667,0.5861087279713676,1.2588646721782315,-72.588998,42.087793,Discharge Monitoring Reports
SPRINGFIELD TWP BD OF ED ELEMENTARY SCHOOL,0.0017416666666666,2.2588368826481845e-05,2.83617953929846e-06,-74.70154,40.03669,Discharge Monitoring Reports
SPRINGFIELD TWP HOLLOW CR STP,0.46675,0.006053466688857879,0.0036240101628743984,-76.715153,39.867625,Discharge Monitoring Reports
SPRINGFIELD WASTEWATER TREATMENT FACILITY,1.09408333333333,0.014189602599181369,0.010777345240319723,-72.46746,43.27919,Discharge Monitoring Reports
SPRINGVILLE (V) WWTP,0.874848484848485,0.011346258512754346,0.008095856395598263,-78.672278,42.502944,Discharge Monitoring Reports
SPRINGWATER (T) WWTF,,,,-77.59912,42.648051,Discharge Monitoring Reports
ST CLAIR WWTP,0.7625,0.009889166256570181,0.006790371683665685,-76.177418,40.706952,Discharge Monitoring Reports
ST JOHNSVILLE (V) WWTP,0.54275,0.007039140964922579,0.004395494921758743,-74.675833,42.994917,Discharge Monitoring Reports
ST THOMAS TWP EDENVILLE STP,0.0130833333333333,0.00016968296199797975,3.7423437485518065e-05,-77.792652,39.963116,Discharge Monitoring Reports
ST THOMAS TWP STP,0.1805,0.002340976405653663,0.0010747648961802194,-77.745884,39.903889,Discharge Monitoring Reports
ST. ANDREWS BRAE STP,0.0021383333333333,2.7732896846293653e-05,3.6875556333883853e-06,-75.705184,40.103902,Discharge Monitoring Reports
ST. MARYS WASTEWATER TREATMENT PLANT,2.40516666666667,0.03119356464449497,0.029524092681259998,-78.578356,41.421451,Discharge Monitoring Reports
STAFFORD / WPCF,0.935,0.012126387475269666,0.008814736560194754,-72.30454,41.94688,Discharge Monitoring Reports
STAFFORD WPCF,0.7,0.010812186339367778,0.006086610955485467,-72.3047,41.9463,Clean Watershed Needs Survey
STAGE II TREATMENT PLANT,0.436583333333333,0.005662223171384825,0.0033270995209287915,-74.630158,40.398134,Discharge Monitoring Reports
STAMFORD (V) STP,,,,-74.627917,42.402778,Discharge Monitoring Reports
STAMFORD WATER POLLUTION CONTROL FACILITY,17.125,0.22210094707378936,0.36376277449348376,-73.52996,41.046247,Discharge Monitoring Reports
STAMFORD WPCF,14.0,0.21624372678735557,0.2811061750413439,-73.5293,41.0448,Clean Watershed Needs Survey
STEWARTSTOWN BORO AUTH,0.15,0.002316897072721667,0.0008481454664881528,-76.605769,39.74502,Clean Watershed Needs Survey
STEWARTSTOWN STP,0.370583333333333,0.004806242879012848,0.002697732134857134,-76.605769,39.74502,Discharge Monitoring Reports
STILLWATER (V) STP,0.298471232876712,0.0038709923209459423,0.0020453119684683287,-73.650167,42.939444,Discharge Monitoring Reports
STOCKBRIDGE WASTEWATER TREATMENT PLANT,0.191083333333333,0.0024782358717284577,0.0011560381871808367,-73.325903,42.293751,Discharge Monitoring Reports
STOCKERTOWN BORO,0.0524525,0.0006802773679642591,0.00022113786561162626,-75.26191,40.75296,Discharge Monitoring Reports
STOCKPORT- T KINGS ACRES STP,0.01375,0.00017832922757749512,3.9880253224576125e-05,-73.74751,42.28668,Discharge Monitoring Reports
STONY BROOK RGNL SEWERAGE AUTH,0.280833333333333,0.0036422393753706528,0.0018919750693595406,-74.7394,40.3846,Discharge Monitoring Reports
STONY BROOK RSA,0.268333333333333,0.0034801218957547487,0.001784913478242512,-74.7804,40.3359,Discharge Monitoring Reports
STONY POINT (T) STP,0.721682191780822,0.009359783841215103,0.006328846054533044,-73.96557,41.22372,Discharge Monitoring Reports
STONYBROOK SCHOOL,0.0004058333333333,5.263414171529271e-06,4.3993041717833974e-07,-74.351885,40.971193,Discharge Monitoring Reports
STRATFORD WPCF,7.2,0.11121105949064,0.12005905016909772,-73.1257,41.1782,Clean Watershed Needs Survey
STRATTANVILLE BORO STP,0.09325,0.0012093963979346485,0.00046169452798114076,-79.331408,41.194178,Discharge Monitoring Reports
STURBRIDGE WATER POLLUTION CONTROL FACILITY,0.514416666666667,0.006671674677793199,0.0041041003985370075,-72.088066,42.104697,Discharge Monitoring Reports
SUEZ WATER NJ AWOSTING WWTP,0.0571111111111111,0.0007406967513117774,0.00024657064730691363,-74.332929,41.158984,Discharge Monitoring Reports
SUEZ WATER NJ HIGHVIEW ACRES WWTP,0.067,0.0008689496907412489,0.00030246201515196777,-74.387041,41.076819,Discharge Monitoring Reports
SUFFERN (V) STP,,,,-74.157722,41.112944,Discharge Monitoring Reports
SUFFIELD WATER POLLUTION CONTROL FACILITY,1.4075,0.018254428204750858,0.014875514234878168,-72.62599,41.95944,Discharge Monitoring Reports
SUFFOLK CO SD#21 SUNY,0.955333333333333,0.012390098575444868,0.009060723410723365,-73.121139,40.924472,Discharge Monitoring Reports
SUGAR GROVE AREA STP,0.0919166666666667,0.0011921038667756193,0.00045326567464839504,-79.318959,41.985393,Discharge Monitoring Reports
SUGAR RUN WATER FILTRATION PLT,0.1801,0.002335788646305954,0.0010717187069725835,-79.032512,40.399186,Discharge Monitoring Reports
SUMMERVILLE BORO STP,0.0345833333333333,0.0004485250269373357,0.00012978558689333462,-79.196403,41.117512,Discharge Monitoring Reports
SUNAPEE WASTEWATER TREATMENT FACILITY,0.3576,0.0046378568568518,0.002577410013978559,-72.113507,43.379784,Discharge Monitoring Reports
SUNBURY MUNI AUTH STP,2.63516666666667,0.034176526269427625,0.03318333112155785,-76.79459,40.85462,Discharge Monitoring Reports
SUNDERLAND WASTEWATER TREATMENT FACILITY,0.189166666666667,0.002453377858187361,0.0011412239015127473,-72.584683,42.452405,Discharge Monitoring Reports
SUNNYSIDE STP,0.0037166666666666,4.820293060579478e-05,7.479743692192421e-06,-78.269432,40.138353,Discharge Monitoring Reports
SUSQUEHANNA WATER TREATMENT PLANT,1.288465,0.016710615869864526,0.013285419869000526,-76.48,40.025,Discharge Monitoring Reports
SUSSEX CNTY MUA HAMPTON COMMONS STP,0.0264166666666667,0.0003426082735882789,9.195065158932556e-05,-74.7346,41.07337,Discharge Monitoring Reports
SUSSEX CNTY MUA UPPER WALLKILL VALLEY WATER POLLUTION CONTROL FACILITY,1.497,0.019415189358800742,0.01609626036084116,-74.592098,41.147059,Discharge Monitoring Reports
SUSSEX COUNTY  HOMESTEAD WTP,0.0094166666666666,0.00012212850131064728,2.4571005831831372e-05,-74.75552,41.126531,Discharge Monitoring Reports
SWAMP CREEK STP,2.21183333333333,0.028686147626435562,0.026522645549869644,-75.60111,40.31971,Discharge Monitoring Reports
SWAN LAKE SD STP,,,,-74.784472,41.747611,Discharge Monitoring Reports
SWATARA TWP AUTH,6.3,0.09730967705431001,0.1012049885188175,-76.7321,40.2609,Clean Watershed Needs Survey
SWATARA TWP STP,4.39691666666667,0.057025363846493225,0.06388142961498372,-76.730111,40.258556,Discharge Monitoring Reports
SWEDESBORO BORO MUA WWTP,0.24825,0.0032196531451718657,0.0016158211315179562,-75.30541,39.751642,Discharge Monitoring Reports
SYKESVILLE BOROUGH STORM SEWER REPLACEMENT PROJECT,0.09705,0.0012586801117378836,0.0004859006968247396,-78.82179,41.05068,Discharge Monitoring Reports
Sag Harbor (V) WWTP,0.25,0.003861495121202778,0.0016304080624826712,-72.290889,41.002056,Clean Watershed Needs Survey
Salamanca (C) WWTP,2.0,0.030891960969622222,0.023317384900542904,-78.7445137,42.1638706,Clean Watershed Needs Survey
Salem (T) WWTP & Collection System,0.0,0.0,0.0,-73.327489,43.172378,Clean Watershed Needs Survey
Salem City - CS/STP,1.2,0.018535176581773335,0.0121298064876105,-75.47877097,39.57392047,Clean Watershed Needs Survey
Salem County - DuPont STP/CS,0.46,0.007105151023013112,0.0035570952779061986,-75.4898135,39.69591477,Clean Watershed Needs Survey
Sanford (T) OquagaLake SD,0.05,0.0007722990242405556,0.00020799704104064963,-75.451278,42.007778,Clean Watershed Needs Survey
Saugerties (T) Glasco STP,0.424,0.00654909572555991,0.0032049124710856985,-73.9433,42.035,Clean Watershed Needs Survey
Saugerties (V) Sewers & STP,1.26,0.019461935410862,0.012911085656932395,-73.944972,42.07475,Clean Watershed Needs Survey
Savannah (T) WWTP,0.043,0.0006641771608468778,0.00017149704323805767,-76.756389,43.073333,Clean Watershed Needs Survey
Saxtons River WWTF,0.11,0.0016990578533292223,0.0005703499852377866,-72.5065,43.13783,Clean Watershed Needs Survey
Schodack (T) S. Landing Sewers/STP,0.017,0.0002625816682417889,5.23174712599603e-05,-73.775,42.475,Clean Watershed Needs Survey
Schodack (T) SD#5 STP,0.01,0.0001544598048481111,2.6534933233701082e-05,-73.6368,42.5619,Clean Watershed Needs Survey
Schoharie (V) STP,0.325,0.005019943657563611,0.0022807184671717346,-74.3145,42.678361,Clean Watershed Needs Survey
Schuylerville (V) STP,0.24,0.003707035316354667,0.0015474431928267486,-73.5802,43.0977,Clean Watershed Needs Survey
Scriba (T) San. Sewers & WWTP,0.0,0.0,0.0,-76.4469,43.46422,Clean Watershed Needs Survey
Secaucus Town MUA - Koelle Blvd STP/CS,5.07,0.07831112105799233,0.07665066325136635,-74.0476,40.7984,Clean Watershed Needs Survey
Seneca (Co) Five Points WWTP & CS - SD#2,0.66,0.010194347119975333,0.005645240718518404,-76.850833,42.749167,Clean Watershed Needs Survey
Seneca (Co) Willard WWTP and CS - SD#1,0.7,0.010812186339367778,0.006086610955485467,-76.875507,42.673478,Clean Watershed Needs Survey
Seneca (Co)SD# 2KidsPeace/Hill Side,0.107,0.0016527199118747888,0.0005505257467960374,-76.8378,42.7096,Clean Watershed Needs Survey
Seneca Falls (T) WWTP,3.5,0.05406093169683889,0.04771058052253468,-76.7966,42.9106,Clean Watershed Needs Survey
Seward (T) STP,0.016,0.0002471356877569778,4.8413041662089284e-05,-74.614778,42.717917,Clean Watershed Needs Survey
Shandaken (T) Phoenicia & town-wide,0.185,0.0028575063896900555,0.001109163812463131,-74.3003,42.0833,Clean Watershed Needs Survey
Shandaken (T) Pine Hill STP(NYCDEP),0.4,0.006178392193924445,0.0029746829494535767,-74.4637,42.1224,Clean Watershed Needs Survey
Sharon Springs (V) WWTP,0.43,0.006641771608468777,0.003263049310626773,-74.6125,42.802306,Clean Watershed Needs Survey
Shawangunk (T)Wallkill SD STP& ISDS,0.56,0.008649749071494224,0.004575010243107431,-74.189361,41.632889,Clean Watershed Needs Survey
Shelter Island Heights WWTP,0.053,0.0008186369656949888,0.0002240952471598871,-72.35565,41.087,Clean Watershed Needs Survey
Sherburne (V) STP,0.3,0.004633794145443334,0.0020587242847468178,-75.4958639,42.6839694,Clean Watershed Needs Survey
Sherman (V) WWTP,0.14,0.002162437267873556,0.0007764909275404379,-79.600139,42.155472,Clean Watershed Needs Survey
Sherrill (C) STP,0.95,0.014673681460570557,0.008996059411705757,-75.6152,43.07046,Clean Watershed Needs Survey
Sidney (V) WWTP,1.6,0.02471356877569778,0.017526547292516032,-75.398765,42.312614,Clean Watershed Needs Survey
Silver Creek (V) WWTP,0.61,0.009422048095734778,0.005103993048755538,-79.1693,42.5449,Clean Watershed Needs Survey
Sloatsburg (V) Sewers & STP,0.03,0.00046337941454433336,0.00010820097830781676,-74.190556,41.155417,Clean Watershed Needs Survey
Smyrna (V) STP,0.02,0.0003089196096962222,6.440889399379803e-05,-75.569556,42.685667,Clean Watershed Needs Survey
Sodus (V) WWTP,0.383,0.005915810525682656,0.002813910403039365,-77.06194,43.25,Clean Watershed Needs Survey
Sodus Point (V) WWTP,0.4,0.006178392193924445,0.0029746829494535767,-76.997083,43.27275,Clean Watershed Needs Survey
Somerset (T) Barker WWTP & Sewers,0.25,0.003861495121202778,0.0016304080624826712,-78.575348,43.359477,Clean Watershed Needs Survey
Somerset Raritan Valley RSA - CS/STP,10.4,0.16063819704203555,0.1921811958276273,-74.567103,40.557339,Clean Watershed Needs Survey
South Centre Twp STP,0.0,0.0,0.0,-76.343333,41.0225,Clean Watershed Needs Survey
South Corning (V) STP and Sewers,0.2,0.0030891960969622223,0.0012254986626968037,-77.033265,42.124609,Clean Watershed Needs Survey
South Dayton (V) WWTP,0.08,0.0012356784387848889,0.0003794910401622186,-79.06,42.36,Clean Watershed Needs Survey
South Hadley Sewerage Collection System and WWTF,5.1,0.07877450047253666,0.07723140447768215,-72.5748,42.2592,Clean Watershed Needs Survey
South Monmouth Regional CS/STP,9.1,0.14055842241178113,0.16200107938446637,-74.04456127,40.1673253,Clean Watershed Needs Survey
"Southampton, (V) WWTP & Collection",0.0,0.0,0.0,-72.391919,40.887107,Clean Watershed Needs Survey
Southeast (T) Brewster Hts. SD STP & CS,0.15,0.002316897072721667,0.0008481454664881528,-73.6223,41.4031,Clean Watershed Needs Survey
Sparta Township - CS/STP,0.38,0.005869472584228222,0.002785742691874285,-74.641273,41.034208,Clean Watershed Needs Survey
Speculator (V) STP,0.3,0.004633794145443334,0.0020587242847468178,-74.3561,43.4925,Clean Watershed Needs Survey
Springfield Sewerage Collection System and WPCF,51.1,0.7892896027738479,1.4731579742437722,-72.5898,42.1015,Clean Watershed Needs Survey
Springfield WWTF,1.972,0.03045947351604751,0.022900563490663287,-72.46746,43.27919,Clean Watershed Needs Survey
Springville (V) WWTP,0.88,0.013592462826633778,0.008156896693431165,-78.672278,42.502944,Clean Watershed Needs Survey
Springwater (T) WWTP,0.04,0.0006178392193924444,0.00015634128750078937,-77.59912,42.648051,Clean Watershed Needs Survey
St. Johnsville (V) STP,0.52,0.008031909852101778,0.0041611756546817025,-74.675833,42.994917,Clean Watershed Needs Survey
Stamford (V) WWTP,0.5,0.007722990242405556,0.003957529462697384,-74.627917,42.402778,Clean Watershed Needs Survey
Stillwater (V) STP,0.37,0.005715012779380111,0.002692300515305659,-73.650167,42.939444,Clean Watershed Needs Survey
Stockbridge Sewerage Collection System and WWTF,0.46,0.007105151023013112,0.0035570952779061986,-73.326,42.300389,Clean Watershed Needs Survey
Stockport (T) Kings Acres STP,0.045,0.0006950691218165,0.00018176762525833737,-73.74751,42.28668,Clean Watershed Needs Survey
Stony Brook RSA (Hopewell) - STP,0.28,0.004324874535747112,0.0018847954656082695,-74.73942229,40.38540552,Clean Watershed Needs Survey
Stony Brook RSA (Pennington) - STP,0.32,0.0049427137551395555,0.002235924895361027,-74.7804,40.3359,Clean Watershed Needs Survey
Stony Brook RSA-River Rd STP/ Princeton CS-TP,12.7,0.1961639521571011,0.2481544424238283,-74.62386956,40.38332201,Clean Watershed Needs Survey
Stony Point (T) STP,1.0,0.015445980484811111,0.009606208291357922,-73.9812,41.22664,Clean Watershed Needs Survey
Suffern (V) STP,1.8,0.02780276487266,0.020376951803742147,-74.157722,41.112944,Clean Watershed Needs Survey
Suffolk (Co) SCSD #11 Selden,2.247,0.03470711814937057,0.027063338348222978,-73.0305,40.883,Clean Watershed Needs Survey
Suffolk (Co) SCSD #12 Birchwood/Holbrook,0.18,0.002780276487266,0.001070957454784811,-73.0695,40.8257,Clean Watershed Needs Survey
Suffolk (Co) SCSD #13 Windwatch STP,0.4,0.006178392193924445,0.0029746829494535767,-73.1817,40.8214,Clean Watershed Needs Survey
Suffolk (Co) SCSD #14 Parkland STP,1.25,0.019307475606013886,0.012780135894764918,-73.0621,40.7875,Clean Watershed Needs Survey
Suffolk (Co) SCSD #15 NOB HILL,0.09,0.001390138243633,0.00044120901317736927,-73.1476,40.8262,Clean Watershed Needs Survey
Suffolk (Co) SCSD #16 Yaphank STP,0.25,0.003861495121202778,0.0016304080624826712,-72.9245,40.8101,Clean Watershed Needs Survey
Suffolk (Co) SCSD #20E W.Floyd Sewers,0.083,0.0012820163802393222,0.00039779212479295397,-72.8809,40.9159,Clean Watershed Needs Survey
Suffolk (Co) SCSD #21 SUNY STP,2.5,0.03861495121202777,0.03102153718731756,-73.121139,40.924472,Clean Watershed Needs Survey
Suffolk (Co) SCSD #22 Hauppauge STP & Sewers,0.202,0.0031200880579318447,0.0012411991362433793,-73.2282,40.8252,Clean Watershed Needs Survey
Suffolk (Co) SCSD #23 Coventry Manor,0.07,0.001081218633936778,0.00031989580384417314,-72.9247,40.8878,Clean Watershed Needs Survey
Suffolk (Co) SCSD #25 Calverton Hills STP & Sewers,0.07,0.001081218633936778,0.00031989580384417314,-72.65497,40.92345,Clean Watershed Needs Survey
Suffolk (Co) SCSD #27 Forge River,1.0,0.015445980484811111,0.009606208291357922,-72.8409,40.802,Clean Watershed Needs Survey
Suffolk (Co) SCSD #28 Fairfield,0.14,0.002162437267873556,0.0007764909275404379,-73.139,40.87675,Clean Watershed Needs Survey
Suffolk (Co) SCSD #3 Southwest,30.5,0.47110240478673887,0.7612305895007255,-73.34301,40.725145,Clean Watershed Needs Survey
Suffolk (Co) SCSD #5 Strathmore Huntington STP,0.236,0.003645251394415422,0.001514524522802823,-73.357333,40.783278,Clean Watershed Needs Survey
Suffolk (Co) SCSD #6 Kings Park STP,0.6,0.009267588290886667,0.004997191930006617,-73.231024,40.895719,Clean Watershed Needs Survey
Suffolk (Co) SCSD #7 Medford-W. STP,0.4,0.006178392193924445,0.0029746829494535767,-72.9586,40.7894,Clean Watershed Needs Survey
Suffolk (Co) SCSD #9 COLLEGE PARK,0.045,0.0006950691218165,0.00018176762525833737,-73.0434,40.8457,Clean Watershed Needs Survey
Suffolk(C0) SCSD #1 Port Jefferson STP & Sewers,0.85,0.013129083412089444,0.0078028435987225996,-73.052387,40.930699,Clean Watershed Needs Survey
Sunapee WWTF,0.64,0.009885427510279111,0.005427315316569028,-72.114253,43.380847,Clean Watershed Needs Survey
Sunderland Sewerage Collection System and WWTF,0.5,0.007722990242405556,0.003957529462697384,-72.5875,42.4529,Clean Watershed Needs Survey
Sussex County MUA - Hampton Commons CS/STP,0.05,0.0007722990242405556,0.00020799704104064963,-74.73711,41.071602,Clean Watershed Needs Survey
Sussex County MUA - Paulinskill-Branchville CS/STP,0.2,0.0030891960969622223,0.0012254986626968037,-74.7373885,41.13478481,Clean Watershed Needs Survey
Sussex County MUA - Upper Wallkill CS/STP,3.265,0.05043112628290828,0.04365130066055624,-74.67726754,41.09204476,Clean Watershed Needs Survey
Swedesboro Borough CS/ STP,0.35,0.005406093169683889,0.0025075390261921292,-75.3064,39.7517,Clean Watershed Needs Survey
Sylvan Beach (V) E. Oneida Lake SD WWTP,1.7,0.026258166824178888,0.018940033569106923,-75.7266,43.20107,Clean Watershed Needs Survey
TABERG SD WWTF,0.00870275,0.00011286943165818513,2.2213476195362828e-05,-75.616806,43.30175,Discharge Monitoring Reports
TALLMAN ISLAND WASTEWATER TREATMENT PLANT,63.75,0.8267991460411136,1.9549893924494026,-73.841056,40.797583,Discharge Monitoring Reports
TAMAQUA WASTEWATER TREATMENT PLANT,1.63416666666667,0.02119415850178598,0.01800679032482187,-75.96833,40.79512,Discharge Monitoring Reports
TANEYTOWN STP,1.1,0.016990578533292222,0.010851966255550849,-77.1978,39.662,Clean Watershed Needs Survey
TANEYTOWN WASTEWATER TREATMENT PLANT,0.960545454545455,0.012457696651793812,0.009124015292049181,-77.197734,39.661967,Discharge Monitoring Reports
TANNERSVILLE STP,,,,-74.150778,42.186917,Discharge Monitoring Reports
TATESVILLE STP,0.04965,0.0006439306290343732,0.00020613613360996328,-78.343046,40.095021,Discharge Monitoring Reports
TAYLOR RUN WASTEWATER TREATMENT PLANT,1.0025,0.01300182186519555,0.009636943678951062,-75.6321,39.96601,Discharge Monitoring Reports
TELFORD BORO AUTH STP,1.1,0.016990578533292222,0.010851966255550849,-75.339,40.3212,Clean Watershed Needs Survey
TELFORD BORO AUTH WWTP,0.70725,0.009172606996667885,0.0061673785129946965,-75.33902,40.32118,Discharge Monitoring Reports
TEMPLETON WASTEWATER TREATMENT FACILITY,0.298333333333333,0.0038692038468329196,0.002044103077812257,-72.073756,42.601436,Discharge Monitoring Reports
TERRE HILL STP,0.180166666666667,0.00233665327286391,0.0010722262740411632,-76.05439,40.15863,Discharge Monitoring Reports
THOMASTON WPCF,0.99825,0.012946701922126144,0.009584706285641877,-73.078758,41.646386,Discharge Monitoring Reports
"THOMASTON, TOWN OF",1.08,0.016681658923596,0.010600180219223602,-73.0788,41.6464,Clean Watershed Needs Survey
THOMPSON BOROUGH WWTP,0.01033,0.0001339738851545836,2.7660338160087974e-05,-75.507667,41.863605,Discharge Monitoring Reports
THOMPSON MELODY LAKE SD STP,0.01,0.00012969398369272372,2.6534933233701082e-05,-74.670278,41.5945,Discharge Monitoring Reports
THOMPSONTOWN STP,0.1299,0.0016847248481684806,0.0007055581259042169,-77.234119,40.555569,Discharge Monitoring Reports
THORNBURY TOWNSHIP STP,0.121358333333333,0.0015739445704309417,0.0006467566093835713,-75.52579,39.92183,Discharge Monitoring Reports
THURMONT WASTEWATER TREAT.FAC.,0.779333333333333,0.01010748446245293,0.006982746906547855,-77.411376,39.610099,Discharge Monitoring Reports
TINICUM TWP WWTP,1.19483333333333,0.015496269484885562,0.012063031060655099,-75.295727,39.875015,Discharge Monitoring Reports
TIOGA BOROUGH,0.0267,0.0003462829364595723,9.321427629870518e-05,-77.13336,41.90956,Discharge Monitoring Reports
TIONESTA BORO WWTP,0.0713333333333333,0.0009251504170080954,0.0003277119580690596,-79.45828,41.49205,Discharge Monitoring Reports
TIRE HILL WWTP,0.248166666666667,0.003218572361974431,0.0016151272304455605,-78.920009,40.277242,Discharge Monitoring Reports
TITUSVILLE MUNICIPAL WATER-TREATMENT PLANT,2.54358333333333,0.03298874553544168,0.03171510797631117,-79.67338,41.6272,Discharge Monitoring Reports
TITUSVILLE WWTP,0.392,0.005084004160754769,0.0028987823939032645,-73.867222,41.685833,Discharge Monitoring Reports
TIVOLI (V) WWTP,0.151452054794521,0.0019642420324750107,0.0008586636980623686,-73.91115,42.05248,Discharge Monitoring Reports
TODD TWP STP,0.0106848571428571,0.0001385761688044791,2.888176634538771e-05,-77.966577,40.012106,Discharge Monitoring Reports
TOMAHAWK SCHOOL,0.003,3.890819510781711e-05,5.686750670553458e-06,-78.019723,39.553397,Discharge Monitoring Reports
TONAWANDA (T),11.820625,0.15330639459878023,0.22638767582894936,-78.90162,42.99376,Discharge Monitoring Reports
TOPTON BORO STP,0.20025,0.0025971220234467926,0.0012274588329731842,-75.686379,40.505633,Discharge Monitoring Reports
TORRINGTON MAIN WPCF,5.07,0.07831112105799233,0.07665066325136635,-73.1165,41.7807,Clean Watershed Needs Survey
TORRINGTON WATER POLLUTION CONTROL FACILITY,5.49083333333333,0.07121280487927967,0.08488301223076358,-73.117311,41.779986,Discharge Monitoring Reports
TOWAMENCIN STP,1.28280555555556,0.016637216280315816,0.013210808539096298,-75.351667,40.229444,Discharge Monitoring Reports
TOWANDA MUNI AUTH,0.798083333333333,0.010350660681876787,0.007198396284036174,-76.441586,41.760831,Discharge Monitoring Reports
TOWANDA STP,0.18,0.002780276487266,0.001070957454784811,-76.4416,41.7609,Clean Watershed Needs Survey
TOWN OF AMHERST WWTF # 16,21.1375,0.2741406580304947,0.476191758378195,-78.8136,43.05021,Discharge Monitoring Reports
TOWN OF EMMITSBURG,0.53625,0.006954839875522308,0.004328261188547781,-77.306903,39.69169,Discharge Monitoring Reports
TOWN OF GREENPORT STP,0.679145205479452,0.008808104720444354,0.005855588441877949,-73.755639,42.257611,Discharge Monitoring Reports
TOWN OF MASONTOWN,0.224666666666667,0.0029137915002965297,0.0014221058952721291,-79.812562,39.523131,Discharge Monitoring Reports
TOWN OF NORFOLK WPCF,0.3875,0.005025641868093044,0.002856277560458201,-73.21633,41.99983,Discharge Monitoring Reports
TOWN OF OTTO SD #1 STP,0.0036416666666666,4.723022572809935e-05,7.287187440681705e-06,-78.831222,42.356889,Discharge Monitoring Reports
TOWN OF SALISBURY WPCF,0.3725,0.004831100892553958,0.0027155956913920117,-73.431065,42.014536,Discharge Monitoring Reports
TOWN OF STAR CITY,,,,-79.98676,39.65768,Discharge Monitoring Reports
TOWN OF WALWORTH SD #1 WWTP,0.663161095890411,0.008600800435605974,0.005679855489721147,-77.295528,43.129972,Discharge Monitoring Reports
TOWNSHIP OF WAYNE,8.10416666666667,0.1051061659509782,0.13967654781869865,-74.251163,40.913167,Discharge Monitoring Reports
TRADESVILLE STP,0.2149,0.0027871237095566325,0.001343498869684652,-75.18383,40.26403,Discharge Monitoring Reports
TRENTON CITY DPW SEWER AUTH,12.1241666666667,0.1572431473954535,0.23385167059654857,-74.726642,40.175727,Discharge Monitoring Reports
TRI COMMUNITY STP,0.10615,0.0013767016368982621,0.0005449368662507847,-79.145849,40.398075,Discharge Monitoring Reports
TRI-BORO MUN AUTH,0.328558333333333,0.004261203912544177,0.0023127141983002417,-75.606465,41.945578,Discharge Monitoring Reports
TRI-MUNICIPAL WWTP,1.60713150684932,0.020843528744137817,0.01762655255442046,-73.942583,41.608083,Discharge Monitoring Reports
TROY WASTEWATER TREATMENT FACILITY,0.07975,0.0010343095199494715,0.0003779744894603782,-72.178076,42.835252,Discharge Monitoring Reports
TROY WATER DEPTARTMENT-TREATMENT BUILDING,0.278416666666667,0.00361089666264492,0.0018711706681796118,-76.769375,41.789721,Discharge Monitoring Reports
TRUMANSBURG (V) STP,0.210487671232877,0.002729898460039614,0.0013083095926405659,-76.64527,42.54342,Discharge Monitoring Reports
TULLY (V) STP,0.14475,0.0018773204139521755,0.0008103545973445997,-76.106222,42.793389,Discharge Monitoring Reports
TULPEHOCKEN TWP - REHRERSBURG STP,0.0375,0.0004863524388477139,0.00014395099135675065,-76.253254,40.452233,Discharge Monitoring Reports
TULPEHOCKEN TWP MT AETNA STP,0.02105,0.0002730058356731834,6.876636512199512e-05,-76.293206,40.418227,Discharge Monitoring Reports
TUNKHANNOCK BORO MUN AUTH,0.257833333333333,0.003343943212877389,0.001696049888315602,-75.96399,41.54485,Discharge Monitoring Reports
TUNNELTON STP,0.0043769166666666,5.676597587910687e-05,9.220204117040905e-06,-79.391705,40.455345,Discharge Monitoring Reports
TURNERS MILL STP,0.066425,0.0008614922866789172,0.00029914507974059467,-75.57828,39.873088,Discharge Monitoring Reports
TUXEDO HAMLET WWTP,0.0354054794520548,0.00045918776746878596,0.00013374595367489264,-74.18257,41.18691,Discharge Monitoring Reports
TUXEDO PARK (V) STP,0.298333333333333,0.0038692038468329196,0.002044103077812257,-74.191139,41.220389,Discharge Monitoring Reports
TWIN BORO STP,0.58,0.008958668681190444,0.004785084165558079,-77.4025,40.5634,Clean Watershed Needs Survey
TWIN BOROUGHS STP,0.499416666666667,0.006477133702254115,0.003951623437565398,-77.402458,40.563346,Discharge Monitoring Reports
TWIN CNTY JT MUNI AUTH,0.111666666666667,0.0014482494845687523,0.0005814291623115266,-76.174518,40.925587,Discharge Monitoring Reports
TWO BRIDGES WASTEWATER TREATMENT PLANT,6.41583333333333,0.0832094983708566,0.10359169571740845,-74.273994,40.903811,Discharge Monitoring Reports
TWO MILE RUN CNTY PARK-COTTAGE BASEMENT,0.0009241666666666,1.1985885659601685e-05,1.260761863299497e-06,-79.769018,41.474801,Discharge Monitoring Reports
TWO RIVERS WATER RECLAMATION AUTHORITY,11.0416666666667,0.14320377366071618,0.2074799274858343,-73.991718,40.336956,Discharge Monitoring Reports
TYRONE BORO STP,13.6,0.2100653345934311,0.2708720981712902,-78.2392,40.6723,Clean Watershed Needs Survey
TYRONE BOROUGH STP,6.74125,0.08742995675685737,0.11036088160574212,-78.239247,40.672138,Discharge Monitoring Reports
Tannersville (V) WWTP (NYCDEP owned),0.8,0.01235678438784889,0.007220520853362259,-74.152458,42.205789,Clean Watershed Needs Survey
Thompson (T) Emerald Green SD & WWTP,0.41,0.0063328519987725556,0.0030701560023264074,-74.579416,41.612578,Clean Watershed Needs Survey
Thompson (T) Melody Lake SD STP,0.038,0.0005869472584228223,0.00014641109876047228,-74.6703,41.5945,Clean Watershed Needs Survey
Thompson (T) Sackett Lake SD & WWTP,0.5,0.007722990242405556,0.003957529462697384,-74.752197,41.607011,Clean Watershed Needs Survey
"Thompson, (T) Kiamesha SD & WWTP",2.0,0.030891960969622222,0.023317384900542904,-74.662844,41.662258,Clean Watershed Needs Survey
Tiadaghton Valley MA - WW Treatment and Conveyance System,1.5,0.023168970727216666,0.016137540493300077,-77.2289,41.2022,Clean Watershed Needs Survey
Tivoli (V) Sewers & WWTP,0.075,0.0011584485363608334,0.0003494157705595204,-73.923359,42.059466,Clean Watershed Needs Survey
Tonawanda (T) WWTP,22.76,0.3515505158343009,0.5234478243574694,-78.9016,42.9943,Clean Watershed Needs Survey
Trenton City - CS/CSO/STP,25.0,0.38614951212027776,0.5902422783648094,-74.75283946,40.18974475,Clean Watershed Needs Survey
Troupsburg (T) Prop.STP & Onsites,0.035,0.000540609316968389,0.0001317894668019548,-77.54459,42.03759,Clean Watershed Needs Survey
Troy WWTF,0.22,0.0033981157066584446,0.0013844245024098333,-72.1781,42.8353,Clean Watershed Needs Survey
Trumansburg (V) WWTP,0.2,0.0030891960969622223,0.0012254986626968037,-76.64527,42.54342,Clean Watershed Needs Survey
Tully (V) STP,0.226,0.0034907915895673112,0.0014329124320947384,-76.106222,42.793389,Clean Watershed Needs Survey
Tusten (T) Narrowsburg WWTP & Collection System,0.1,0.0015445980484811112,0.000504876317171055,-75.068583,41.602083,Clean Watershed Needs Survey
Tuxedo (T) Hamlet WWTP,0.07,0.001081218633936778,0.00031989580384417314,-74.18257,41.18691,Clean Watershed Needs Survey
Tuxedo Park (V) WWTP,0.2,0.0030891960969622223,0.0012254986626968037,-74.191139,41.220389,Clean Watershed Needs Survey
Two Rivers Water Reclamation Authority (WRA) - CS/STP,14.85,0.229372810199445,0.30312388401212276,-73.99194915,40.33738051,Clean Watershed Needs Survey
ULSTER (T) SD STP,0.996383333333333,0.012922492378503497,0.00956178241742048,-73.99929,41.96457,Discharge Monitoring Reports
ULSTER WHITTIER SD STP,0.0666520547945205,0.0008644370507607069,0.0003004539098115614,-73.952083,41.980889,Discharge Monitoring Reports
ULYSSES MUNI AUTH STP,0.0853916666666667,0.001107478542416117,0.0004125154706346947,-77.77383,41.90815,Discharge Monitoring Reports
UNION BRIDGE WWTP,0.2,0.0030891960969622223,0.0012254986626968037,-77.183,39.5685,Clean Watershed Needs Survey
UNION BRIDGE WWTP,0.189308333333333,0.0024552151896229993,0.0011423174410452668,-77.184149,39.567601,Discharge Monitoring Reports
UNION CITY BORO STP,0.45,0.006950691218165,0.0034584661816598698,-79.8602,41.9001,Clean Watershed Needs Survey
UNION CITY MUNI AUTH WTP,0.9441,0.012244409000430046,0.008924642941018393,-79.86015,41.90007,Discharge Monitoring Reports
UNION SPRINGS - V STP,0.132901369863014,0.001723650809575438,0.0007264814182934392,-76.69642,42.84268,Discharge Monitoring Reports
UNION TWP LEB CO LICKDALE STP,0.0747333333333333,0.0009692463714636214,0.00034782711705844273,-76.514374,40.451401,Discharge Monitoring Reports
UNION TWP SCHOOL,0.0011870833333333,1.5395756647523314e-05,1.73675996035293e-06,-74.96923,40.63151,Discharge Monitoring Reports
UNION TWP STP,0.149883333333333,0.0019438966589144361,0.000847301599834423,-77.710521,40.60412,Discharge Monitoring Reports
UNIONTOWN STP,7.45833333333333,0.09673009617082307,0.12559753247760105,-79.723697,39.91428,Discharge Monitoring Reports
UNIVERSITY AREA JOINT AUTHORITY/SPRING CREEK POLLUTION CONTROL FAC.,4.01666666666667,0.0520937501165774,0.05690074677257951,-77.818276,40.839317,Discharge Monitoring Reports
UNIVERSITY OF CONN WPCF,2.5,0.03861495121202777,0.03102153718731756,-72.263126,41.811635,Clean Watershed Needs Survey
UNIVERSITY OF CT WATER POLLUTION CONTROL FACILITY,0.95,0.012320928450808752,0.008996059411705757,-72.263126,41.811635,Discharge Monitoring Reports
UPPER ALLEGHENY JT SANI AUTH STP,9.09166666666667,0.11791344684063468,0.16181130619992426,-79.774771,40.579511,Discharge Monitoring Reports
UPPER ALLEN TWP GRANTHAM WWTP,0.48,0.007414070632709334,0.0037561468005359896,-76.9857,40.1846,Clean Watershed Needs Survey
UPPER ALLEN TWP STP,0.835916666666667,0.010841336253514265,0.007637828280857627,-76.985,40.154444,Discharge Monitoring Reports
UPPER AUGUSTA TWP WWTF,0.0022860833333333,2.9649125455353646e-05,4.016627223630324e-06,-76.738268,40.894452,Discharge Monitoring Reports
UPPER BERN TOWNSHIP STP,0.0588833333333333,0.0007636814073106544,0.00025640166996669894,-76.110278,40.51,Discharge Monitoring Reports
UPPER DUBLIN WWTP,0.67025,0.008692739257004806,0.005757648185679768,-75.193677,40.135456,Discharge Monitoring Reports
UPPER GWYNEDD TWP STP,2.0,0.030891960969622222,0.023317384900542904,-75.2835,40.1896,Clean Watershed Needs Survey
UPPER GWYNEDD TWP STP,2.794,0.036236499043747004,0.03576344381190121,-75.283706,40.191193,Discharge Monitoring Reports
UPPER MERION TWP. AUTH-TROUT R,3.1125,0.04036725242436025,0.04106008479512974,-75.407951,40.110568,Discharge Monitoring Reports
UPPER MIDDLETOWN STP,0.129416666666667,0.001678456305623337,0.0007022012169733735,-79.74611,39.96628,Discharge Monitoring Reports
UPPER MONTGOMERY JOINT AUTH,1.9,0.029347362921141113,0.02183635556597354,-75.5027,40.385,Clean Watershed Needs Survey
UPPER MONTGOMERY JOINT AUTHORITY STP,1.65508333333333,0.02146543508434317,0.01830218386106629,-75.50173,40.38713,Discharge Monitoring Reports
UPPER MORELAND HATBORO JT SEW AUTH/WILLOW GROVE,6.98483333333333,0.09058908604297258,0.11548814072697769,-75.108025,40.156925,Discharge Monitoring Reports
UPPER MORELAND-HATBORO JNT SEW,7.62,0.11769837129426067,0.12909103565776947,-75.108,40.1569,Clean Watershed Needs Survey
UPPER SALFORD TOWNSHIP PARK STP,0.0,0.0,0.0,-75.439896,40.278621,Discharge Monitoring Reports
UPPER SAUCON TWP STP,1.86666666666667,0.024209543622641803,0.02134744397586533,-75.394059,40.55084,Discharge Monitoring Reports
UPPER STONYCREEK JMA,0.34525,0.0044776847869912855,0.0024640838384840484,-78.92112,40.159188,Discharge Monitoring Reports
UPPER TULPEHOCKEN TWP WWTP,0.032045,0.0004156043707433331,0.00011772562536925992,-76.1833,40.4914,Discharge Monitoring Reports
UWCHLAN TWP EAGLEVIEW STP,0.196741083333333,0.002551613485352209,0.0012000093736181576,-75.677336,40.061186,Discharge Monitoring Reports
Ulster (T) Whitter SD WWTP,0.1,0.0015445980484811112,0.000504876317171055,-73.9521,41.9809,Clean Watershed Needs Survey
Union Springs (V) STP,0.3,0.004633794145443334,0.0020587242847468178,-76.697057,42.844557,Clean Watershed Needs Survey
VALATIE (V) STP,0.155023916666667,0.002010566932014887,0.0008846567984926077,-73.687139,42.407778,Discharge Monitoring Reports
VALLEY DALE STP,0.0305,0.00039556665026280733,0.00011051347414445123,-73.81541,41.72622,Discharge Monitoring Reports
VALLEY FALLS (V) WWTF,0.0185540833333333,0.00024063529812667661,5.851276764318246e-05,-73.56681,42.90069,Discharge Monitoring Reports
VALLEY FORGE SEWER AUTHORITY,7.4855,0.09708243149318833,0.12618311961996784,-75.47193,40.11526,Discharge Monitoring Reports
VALLEY GREEN STP,0.117166666666667,0.0015195811755997506,0.0006183162519948506,-75.345727,40.198622,Discharge Monitoring Reports
VALLEY JT SEW AUTH STP,1.36883333333333,0.017752944801138953,0.014354709963882108,-76.51659,41.96623,Discharge Monitoring Reports
VALLEY POINT SANITARY SEWER COLLECTION AND TREATMENT SYSTEM,0.0044,5.706535282479843e-05,9.282460708076832e-06,-79.634472,39.573685,Discharge Monitoring Reports
VAN HOESEN ST OVERFLOW,0.0,0.0,0.0,-73.800417,42.475361,Discharge Monitoring Reports
VANDERBURGH COVE SD#1,,,,-73.92398,41.87396,Discharge Monitoring Reports
VEOLIA WATER NEW JERSEY CRESCENT PARK WWTP,0.0246666666666667,0.00031991182644205225,8.423085100543036e-05,-74.39682,41.103763,Discharge Monitoring Reports
VERNON (V) STP,,,,-75.5448,43.0813,Discharge Monitoring Reports
VERNON WPCF,5.44,0.08402613383737245,0.08387894447778542,-72.487307,41.86482,Clean Watershed Needs Survey
VERNON WPCF,4.16833333333333,0.05406077553591696,0.05966387936426081,-72.487307,41.86482,Discharge Monitoring Reports
VERONA TWP WTP,2.01866666666667,0.0261808921747712,0.02359617434497157,-74.235456,40.841186,Discharge Monitoring Reports
VETERANS CENTER STP,0.213726916666667,0.002771909524486283,0.0013341233966488615,-75.148772,40.398466,Discharge Monitoring Reports
VICTOR (V) STP,0.376630136986301,0.004884666284448961,0.002754176271246578,-77.39482,42.97708,Discharge Monitoring Reports
VICTOR CULLEN CENTER WWTP,0.0164166666666667,0.00021291428989555518,5.0031842686528877e-05,-77.460679,39.704611,Discharge Monitoring Reports
VILLAGE OF 42 STP,0.0088333333333333,0.00011456301892857219,2.2640792002053638e-05,-78.77508,40.24599,Discharge Monitoring Reports
VILLAGE OF ALBION JMIPCF,,,,-78.168778,43.254389,Discharge Monitoring Reports
VILLAGE OF BOONEVILLE WWTP,0.1195875,0.0015509779274853596,0.0006347075018392823,-75.329694,43.488,Discharge Monitoring Reports
VILLAGE OF CORINTH WWTP,,,,-73.811921,43.248322,Discharge Monitoring Reports
VILLAGE OF ENDICOTT WATER POLUTION CONTROL PLANT,17.9425,0.23270343024066947,0.3861254910132955,-76.091111,42.084722,Discharge Monitoring Reports
VILLAGE OF GENESCO WWTP,0.0,0.0,0.0,-77.81702,42.79522,Discharge Monitoring Reports
VILLAGE OF GREAT NECK STP,,,,-73.712139,40.797722,Discharge Monitoring Reports
VILLAGE OF NUMIDIA SEW SYS,0.0189041666666667,0.00024517566833912025,5.9928938651430304e-05,-76.40555,40.88126,Discharge Monitoring Reports
VILLAGE OF WALDEN STP,0.0505833333333333,0.0006560354008456937,0.00021110663932738394,-74.242238,41.528241,Discharge Monitoring Reports
VOORHEESVILLE - V SD 1 STP,0.0699452054794521,0.000907147233883627,0.00031957547556472866,-73.928722,42.648944,Discharge Monitoring Reports
Valatie (V) WWTP & Collection System,0.25,0.003861495121202778,0.0016304080624826712,-73.687139,42.407778,Clean Watershed Needs Survey
Valley Falls (V) WWTP & Collection System,0.06,0.0009267588290886667,0.00026263888740455526,-73.56681,42.90069,Clean Watershed Needs Survey
Vernon (V) STP,0.813,0.012557582134151432,0.0073709728282443055,-75.5448,43.0813,Clean Watershed Needs Survey
Verona Township - CS/STP,3.0,0.04633794145443333,0.03917104768266314,-74.23532185,40.8433411,Clean Watershed Needs Survey
Victor (V) WWTP & Collection System,0.5,0.007722990242405556,0.003957529462697384,-77.39482,42.97708,Clean Watershed Needs Survey
Victor Cullen WWTP,0.05,0.0007722990242405556,0.00020799704104064963,-77.459557,39.705321,Clean Watershed Needs Survey
Virgil (T) WWTP & Collection System,0.08,0.0012356784387848889,0.0003794910401622186,-76.141694,42.506972,Clean Watershed Needs Survey
Voorheesville (V) Pleasant St. Collection System,0.04,0.0006178392193924444,0.00015634128750078937,-73.9284,42.652,Clean Watershed Needs Survey
Voorheesville (V) SD#1 WWTP,0.11,0.0016990578533292223,0.0005703499852377866,-73.928389,42.647667,Clean Watershed Needs Survey
W BRANCH SEW AUTH STP,0.345,0.004474442437398967,0.002461801326803214,-78.805558,40.675571,Discharge Monitoring Reports
W ELIZABETH STP,0.509833333333333,0.006612231601934027,0.00405737666551185,-79.872484,40.275161,Discharge Monitoring Reports
WALLACETON BOGG SEW TRMT FAC,0.039,0.0005058065364016225,0.00015135840840783932,-78.27992,40.92811,Discharge Monitoring Reports
WALLINGFORD WATER POLLUTION CONTROL FACILITY,5.78333333333333,0.07500635390229182,0.09071052231465936,-72.837583,41.446099,Discharge Monitoring Reports
WALLINGFORD WPCF,7.4,0.11430025558760223,0.12434215123234359,-72.8376,41.4462,Clean Watershed Needs Survey
WALLKILL SD STP,0.351983561643836,0.004565015030394247,0.0025257345139097056,-74.189361,41.632889,Discharge Monitoring Reports
WALLKILL STP,2.6641095890411,0.03455189855967253,0.033650327432298274,-74.36897,41.46396,Discharge Monitoring Reports
WALTER COOL WTF,0.101583333333333,0.0013174747176785805,0.0005151259504508996,-77.382183,39.759466,Discharge Monitoring Reports
WALTER W BRADLEY WPCF,,,,-77.41995,43.26009,Discharge Monitoring Reports
WALTON - V WWTP,,,,-75.140472,42.16025,Discharge Monitoring Reports
WANAQUE VALLEY RGNL SEWER AUTH TREATMENT PLANT,1.1634,0.015088598062811476,0.011658524476621907,-74.2853,41.0398,Discharge Monitoring Reports
WARDS ISLAND WATER POLLUTION CONTROL PLANT,201.916666666667,2.6187376873955834,8.545022298879058,-73.922889,40.787528,Discharge Monitoring Reports
WARE WASTEWATER TREATMENT PLANT,0.72725,0.009431994964053331,0.006391381300609066,-72.25514,42.25194,Discharge Monitoring Reports
WARM SPRINGS PSD,0.399416666666667,0.005180193865326877,0.0029691340849108384,-78.217811,39.641726,Discharge Monitoring Reports
WARM SPRINGS PSD - BERK SPRNGS TP,1.74,0.02687600604357133,0.0195120441208064,-78.21783,39.641793,Clean Watershed Needs Survey
WARM SPRINGS PSD - GRT CACAPON TP,0.058,0.0008958668681190446,0.0002514910771853558,-78.2178,39.6418,Clean Watershed Needs Survey
WARMINSTER MUN AUTH NAWC WWTP,3.0,0.04633794145443333,0.03917104768266314,-75.0741,40.2171,Clean Watershed Needs Survey
WARMINSTER NAWC WWTP,0.0,0.0,0.0,-75.074051,40.216954,Discharge Monitoring Reports
WARMINSTER STP,8.18,0.12634812036575488,0.14135085997427108,-75.108,40.2058,Clean Watershed Needs Survey
WARREN BORO STP,3.0,0.04633794145443333,0.03917104768266314,-79.1531,41.8389,Clean Watershed Needs Survey
WARREN CITY WWTP,2.10833333333333,0.027343814895215868,0.024945327946483804,-79.15967,41.83883,Discharge Monitoring Reports
WARREN CNTY MUA BELVIDERE AREA WWTF,0.354333333333333,0.004595490155512172,0.0025473263846796756,-75.0855,40.8205,Discharge Monitoring Reports
WARREN CO TECHNICAL SCHOOL STP,0.0020333333333333,2.6371110017520056e-05,3.457505550303228e-06,-75.021255,40.740318,Discharge Monitoring Reports
WARREN TWP SEWER AUTH STAGE 4 WWTP,0.707666666666667,0.009178010912655086,0.006172027381718036,-74.5234,40.64896,Discharge Monitoring Reports
WARREN TWP SEWER AUTH STAGE 5 STP,0.164166666666667,0.0021291428989555516,0.0009519485975104921,-74.57498,40.6497,Discharge Monitoring Reports
WARREN TWP SEWERAGE AUTHORITY,0.408,0.005291514534663127,0.003051008798631993,-74.469136,40.664324,Discharge Monitoring Reports
WARRENSBURG (T) STP,0.124833333333333,0.0016190132297641635,0.000670543795127184,-73.802306,43.481528,Discharge Monitoring Reports
WARSAW (V) STP,0.610833333333333,0.007922140837230534,0.005112915351934469,-78.135806,42.751528,Discharge Monitoring Reports
WARWICK (V) WWTP,0.88025,0.011416312914552005,0.00815986148847101,-74.372639,41.254722,Discharge Monitoring Reports
WARWICK SEWER DISTRICT 1 STP,0.16075,0.002084830787860534,0.0009266756729306658,-74.297611,41.270167,Discharge Monitoring Reports
WASHINGTON BORO WWTP,0.7495,0.009720564077769642,0.0066426132029149335,-74.99551,40.75474,Discharge Monitoring Reports
WASHINGTON CO SD#2 WWTP,0.761789722222222,0.009879954381117337,0.0067822803419076705,-73.5821,43.26226,Discharge Monitoring Reports
WASHINGTON TWP LOYALTON STP,0.0364166666666667,0.0004723022572810026,0.00013865225607253125,-76.764659,40.5664,Discharge Monitoring Reports
WASHINGTON TWP MUA  LONG VALLEY,0.15,0.0019454097553908555,0.0008481454664881528,-74.77468,40.78429,Discharge Monitoring Reports
WASHINGTON TWP STP,1.11925,0.014515999124808103,0.011095521524668398,-77.593333,39.725833,Discharge Monitoring Reports
WASHINGTON TWP STP,0.256425,0.003325677976840668,0.001684206710691887,-75.59081,40.38583,Discharge Monitoring Reports
WASHINGTON TWP STP,0.0275575,0.0003574041955612233,9.706134206387321e-05,-79.441966,41.332232,Discharge Monitoring Reports
WASHINGTONVILLE (V) WWTP,0.624002739726027,0.008092940115024228,0.005254366493424984,-74.146667,41.426139,Discharge Monitoring Reports
WASHINGTONVILLE MUNI AUTH,0.05925,0.0007684368533793879,0.00025844609911104073,-76.6765,41.05291,Discharge Monitoring Reports
WASTEWATER TREATMENT PLANT,2.0,0.025938796738544743,0.023317384900542904,-77.78375,40.92269,Discharge Monitoring Reports
WASTEWATER TREATMENT PLANT  (TCPA ID NO. 1903),12.5018333333333,0.1621412568462479,0.24321141646432107,-74.220417,40.609387,Discharge Monitoring Reports
WATER POLL CONTR DIST,2.84166666666667,0.036854707032682364,0.03654588620384086,-73.69721,40.83944,Discharge Monitoring Reports
WATERBURY WPCF,24.05,0.37147583065970724,0.5617008184350716,-73.0435,41.523,Clean Watershed Needs Survey
WATERFORD BOROUGH STP,0.228333333333333,0.002961345960983854,0.0014518667197748007,-79.980315,41.930006,Discharge Monitoring Reports
WATERFORD WASTE HAULER,0.990833333333333,0.012850512217554037,0.0094936957560871,-73.685028,42.788611,Discharge Monitoring Reports
WATERLOO (V) STP,1.16408333333333,0.015097460485030436,0.011667285965317438,-76.849083,42.900083,Discharge Monitoring Reports
WATERVILLE VILLAGE,,,,-75.392778,42.940833,Discharge Monitoring Reports
WATKINS GLEN (V) STP,0.378320547945205,0.004906589897582771,0.0027700009901442117,-76.87376,42.38112,Discharge Monitoring Reports
WAVERLY (V) STP,0.561166666666667,0.007277994051556684,0.004587207783894562,-76.523056,42.000889,Discharge Monitoring Reports
WAVERLY TOWNSHIP WWTP,0.296166666666667,0.003841103483699505,0.002025129611196029,-75.708347,41.530519,Discharge Monitoring Reports
WAWAYANDA RIDGEBURY LAKE ACRES SEWER DIS,0.0203829166666667,0.0002643541661776817,6.599076069546235e-05,-74.446278,41.382028,Discharge Monitoring Reports
WAYLAND (V) STP,0.234906849315068,0.0030466005084377533,0.0015055552324406494,-77.592778,42.561111,Discharge Monitoring Reports
WAYMART AREA AUTH WWTP,0.760916666666667,0.009868631375818839,0.006772337555641794,-75.40586,41.57736,Discharge Monitoring Reports
WAYNESBORO STP,0.928166666666667,0.012037763253079644,0.008732402199938667,-77.58744,39.737391,Discharge Monitoring Reports
WCW & SA REGIONAL WWTP,0.267230136986301,0.0034658141028505642,0.0017755304985182666,-76.74792,43.29007,Discharge Monitoring Reports
WEATHERLY BOROUGH,0.41125,0.005333665079363263,0.003082136269962636,-75.829077,40.941517,Discharge Monitoring Reports
WEEDSPORT (V) WWTP,,,,-76.56977,43.05109,Discharge Monitoring Reports
WELLS CREEK STP,0.4435,0.005751928176772296,0.003394684008061205,-78.97081,40.04999,Discharge Monitoring Reports
WELLSBORO MUNI AUTH,1.14466666666667,0.014845638000027151,0.011418893477174522,-77.30003,41.74724,Discharge Monitoring Reports
WELLSVILLE (V) WWTP,,,,-77.96484,42.12714,Discharge Monitoring Reports
WEST BRANCH SEW AUTH STP,0.5,0.007722990242405556,0.003957529462697384,-78.8056,40.6756,Clean Watershed Needs Survey
WEST CARROLL W AUTH BAKERTON,0.0426666666666667,0.0005533609970889548,0.000169798053817003,-78.730001,40.59196,Discharge Monitoring Reports
WEST COCALICO TWP,0.116966666666667,0.001516987295925896,0.0006169662695498312,-76.121029,40.263069,Discharge Monitoring Reports
WEST ELIZABETH STP,0.805,0.012434014290272946,0.007278306782975481,-79.8889,40.2753,Clean Watershed Needs Survey
WEST GOSHEN STP,5.5,0.08495289266646111,0.08506435085959785,-75.5731,39.9475,Clean Watershed Needs Survey
WEST GOSHEN TOWNSHIP WWTP,5.21591666666667,0.06764730111092729,0.07948426332198877,-75.57307,39.94748,Discharge Monitoring Reports
WEST GROVE BORO STP,0.269458333333333,0.00349471246892018,0.0017944930085517705,-75.85156,39.81048,Discharge Monitoring Reports
WEST HANOVER TWP STP,0.53075,0.006883508184491311,0.004271548555855102,-76.71848,40.3498,Discharge Monitoring Reports
WEST HAVEN WPCF,9.5,0.14673681460570553,0.17116671464111727,-72.932,41.2673,Clean Watershed Needs Survey
WEST HILLS AREA WPCA STP,0.691333333333333,0.008966177405956961,0.005990367597841394,-79.51697,40.801405,Discharge Monitoring Reports
WEST MIFFLIN  - THOMPSON RUN STP,0.873666666666667,0.011330931041954298,0.008081867166598922,-79.872817,40.37391,Discharge Monitoring Reports
WEST MILFORD TWP MUA BIRCH HILL PARK STP,0.0166666666666667,0.00021615663948787328,5.100866630909493e-05,-74.352068,41.134567,Discharge Monitoring Reports
WEST NEWTON BORO,0.448416666666667,0.005815694385421223,0.003442905635402973,-79.764758,40.225022,Discharge Monitoring Reports
WEST NEWTON BORO STP,0.6,0.009267588290886667,0.004997191930006617,-79.764758,40.225022,Clean Watershed Needs Survey
WEST PAWLET,0.007325,9.500084305492011e-05,1.7817933803739455e-05,-73.25282,43.35379,Discharge Monitoring Reports
WEST PENNSBORO WWTF,0.0384325,0.0004984464028270604,0.00014854640262041972,-77.292778,40.214444,Discharge Monitoring Reports
WEST SENECA (T) SANITARY OVRF,0.0055771206541218,7.233189951680252e-05,1.2571392120008913e-05,-78.79449,42.86347,Discharge Monitoring Reports
WEST STOCKBRIDGE WASTEWATER TREAMENT FACILITY,0.01275,0.00016535982920822272,3.6207975918646637e-05,-73.36937,42.33241,Discharge Monitoring Reports
WEST SUNBURY MUN AUTH,0.0194825,0.00025267630372934893,6.228448112495982e-05,-79.890677,41.013204,Discharge Monitoring Reports
WEST SWANZY WWTP,0.0721333333333333,0.0009355259357035132,0.000332421328899261,-72.32657,42.8682,Discharge Monitoring Reports
WESTCHESTER CO OF - YONKERS JOINT WASTE WATER TREATMENT PLANT,0.0281800268817204,0.0003654779946858361,9.987531963571102e-05,-73.907721,40.922332,Discharge Monitoring Reports
WESTERN CLINTON CNTY MUNI AUTH,0.305666666666667,0.0039643127682075915,0.002108605722426533,-77.7416,41.3296,Discharge Monitoring Reports
WESTERN RAMAPO ADVANCED WWTP,0.5905,0.007658429737055336,0.004896190326361639,-74.159056,41.116222,Discharge Monitoring Reports
WESTFIELD (V) WPCF,,,,-79.58738,42.33006,Discharge Monitoring Reports
WESTFIELD BORO,0.290583333333333,0.003768691009471059,0.0019764154789720387,-77.5211,41.9245,Discharge Monitoring Reports
WESTFIELD WASTEWATER TREATMENT PLANT,2.76416666666667,0.035849578659063755,0.035275623416216026,-72.730211,42.125314,Discharge Monitoring Reports
WESTMINSTER WWTP,5.0,0.07722990242405554,0.07529933776825676,-77.039158,39.558109,Clean Watershed Needs Survey
WESTMINSTER WWTP,5.69966666666667,0.0739212475720628,0.08903501828373023,-77.03771,39.55979,Discharge Monitoring Reports
WESTOVER BORO WWTP,0.0119166666666667,0.0001545519972338295,3.320839806535686e-05,-78.6672,40.7559,Discharge Monitoring Reports
WESTOVER CITY GARAGE,,,,-79.979167,39.62753,Discharge Monitoring Reports
WESTPORT WPCF,2.5,0.03861495121202777,0.03102153718731756,-73.3682,41.1204,Clean Watershed Needs Survey
WESTPORT WPCF,2.15083333333333,0.027895014325909944,0.02559046102594623,-73.368174,41.120375,Discharge Monitoring Reports
WESTSIDE WATER POLLUTION CONTROL FACILITY,24.8583333333333,0.3223976277961619,0.5859665632766893,-73.21196,41.16011,Discharge Monitoring Reports
WESTTOWN TWP STP,0.495,0.0076457603399815,0.003906969030965222,-75.5836,39.9276,Clean Watershed Needs Survey
WESTTOWN-CHESTER CREEK STP,0.335916666666667,0.004356637068878081,0.002379185373801461,-75.546567,39.950292,Discharge Monitoring Reports
WETZEL ROAD WWTP,4.24166666666667,0.05501186474966368,0.06101007165082234,-76.167827,43.175341,Discharge Monitoring Reports
WHITE DEER TWP MUNCIPAL AUTH,0.470583333333333,0.006103182715940086,0.003662131995212586,-76.86307,41.04106,Discharge Monitoring Reports
WHITE ROCK STP,0.129160083333333,0.0016751285741584126,0.000700420583191651,-74.51749,41.03263,Discharge Monitoring Reports
WHITE RUN STP,0.176625,0.0022907199869727324,0.0010453347768099293,-77.199045,39.789448,Discharge Monitoring Reports
WHITEMARSH TOWNSHIP STP,1.06125,0.013763774019390303,0.010365310513167858,-75.27922,40.08005,Discharge Monitoring Reports
WHITEMARSH TWP AUTH STP,2.0,0.030891960969622222,0.023317384900542904,-75.27922,40.08005,Clean Watershed Needs Survey
WHITINGHAM,0.0046083333333333,5.976731081839642e-05,9.848433325591138e-06,-72.8833,42.7833,Discharge Monitoring Reports
WHITINGHAM (JACKSONVILLE),0.0187416666666667,0.00024306814110411346,5.927066768897513e-05,-72.81865,42.789205,Discharge Monitoring Reports
WHITNEY POINT STP,,,,-76.961389,42.317222,Discharge Monitoring Reports
WICONISCO STP,0.0481666666666667,0.000624692688119953,0.00019829029498835403,-76.69248,40.57371,Discharge Monitoring Reports
WILD OAKS SD,0.0429166666666667,0.000556603346681273,0.00017107194975857595,-73.662556,41.303472,Discharge Monitoring Reports
WILDWOOD SD (L & A),0.0939917808219178,0.0012190168489167868,0.0004663984272342796,-73.903472,41.611528,Discharge Monitoring Reports
WILLIAMSBURG MUNIC AUTH-CL2 BLDG,0.21725,0.0028176017957244224,0.0013623234384572708,-78.2003,40.4608,Discharge Monitoring Reports
WILLIAMSON (T) STP,0.482495890410959,0.006257681414276513,0.003781152379089409,-77.17875,43.279667,Discharge Monitoring Reports
WILLIAMSPORT SANITARY AUTHORITY - CENTRAL PLANT,7.12291666666667,0.09237994380112971,0.11841707568620005,-76.99128,41.24331,Discharge Monitoring Reports
WILLIAMSPORT SANITARY AUTHORITY - WEST PLANT,3.04675,0.039514514481580595,0.03995368671071682,-77.043554,41.228061,Discharge Monitoring Reports
WILLIAMSTOWN BORO STP,0.2145,0.0027819359502089234,0.0013403003940626339,-76.627433,40.578344,Discharge Monitoring Reports
WILLIMANTIC WPCF,2.09583333333333,0.02718169741559997,0.024756270072238545,-72.19466,41.71599,Discharge Monitoring Reports
"WILLIMANTIC, TOWN OF",4.2,0.06487311803620667,0.060244384839181674,-72.1947,41.716,Clean Watershed Needs Survey
WILLINGBORO WATER POLLUTION CONTROL PLANT,4.00525,0.05194568281852817,0.05669391652053579,-74.91935,40.027628,Discharge Monitoring Reports
WILMINGTON STP,89.25,1.3785537582693916,3.006739423193096,-75.5043,39.7295,Clean Watershed Needs Survey
WILMINGTON WWTP,0.0808,0.0010479273882372075,0.00038435288882724886,-72.88061,42.86939,Discharge Monitoring Reports
WILSON (V) STP,0.0,0.0,0.0,-78.83519,43.31729,Discharge Monitoring Reports
WINCHENDON WATER POLLUTION CONTROL FACILITY,0.601416666666667,0.007800012335919896,0.005012292061472775,-72.08202,42.68367,Discharge Monitoring Reports
WINCHESTER WASTEWATER TREATMENT PLANT,0.117558333333333,0.0015246608566277067,0.0006209618321325646,-72.389345,42.770205,Discharge Monitoring Reports
WIND GAP MUN SEW AUTH,0.71825,0.009315270378729881,0.0062903641726785075,-75.29166,40.83134,Discharge Monitoring Reports
WINDHAM (T) WWTF,0.0,0.0,0.0,-74.272844,42.302929,Discharge Monitoring Reports
WINDSOR (T) SD#3,,,,-75.754583,42.097667,Discharge Monitoring Reports
WINDSOR ESTATES WWTP,,,,-74.32141,41.45126,Discharge Monitoring Reports
WINDSOR LOCKS / DPW (WPCF),1.46666666666667,0.019021784274932854,0.015680175935945076,-72.629813,41.912041,Discharge Monitoring Reports
WINDSOR LOCKS WPCF,1.62,0.025022488385394004,0.01780732130052726,-72.6307,41.9118,Clean Watershed Needs Survey
WINDSOR POQUONOCK STP,4.25,0.06564541706044723,0.06116346198964608,-72.6699,41.891,Clean Watershed Needs Survey
WINDSOR WASTEWATER TREATMENT FACILITY,0.294166666666667,0.00381516468696096,0.002007650020200822,-72.38846,43.47222,Discharge Monitoring Reports
WINDSOR WESTON HEIGHTS,0.00525,6.808934143867995e-05,1.1635874989253262e-05,-72.3933,43.4833,Discharge Monitoring Reports
WINSTED WPCF,3.05,0.04711024047867389,0.040008220193479695,-73.053825,41.941792,Clean Watershed Needs Survey
WINSTED WPCF,1.47833333333333,0.019173093922574276,0.01583992665088127,-73.053825,41.941792,Discharge Monitoring Reports
WOMELSDORF STP,0.3651,0.0047351273446213414,0.0026467696053069814,-76.18024,40.37281,Discharge Monitoring Reports
WOOD-BROADTOP-WELLS STP,0.0482857142857143,0.0006262366641162947,0.0001989175159228141,-78.110917,40.186832,Discharge Monitoring Reports
WOODBURY VALLEY FORGE SEWER DIS 1 STP,0.0357287671232877,0.0004633806140648798,0.0001353103501144014,-74.10343,41.35009,Discharge Monitoring Reports
WOODLAND WATER POLLUTION CONTROL UTILITY(WPCU,0.955833333333333,0.012396583274629502,0.009066790841574362,-74.46346,40.775629,Discharge Monitoring Reports
WOODRIDGE (V) WWTP,0.105059445178336,0.001362557796972571,0.0005377846011895059,-74.613972,41.7,Discharge Monitoring Reports
WOODRIDGE (V) WWTP,,,,-74.613972,41.7,Discharge Monitoring Reports
WOODS II SUBDIVISION,0.10095,0.0013092607653780457,0.0005110207013833413,-78.081125,39.560896,Discharge Monitoring Reports
WOODSBORO STP,0.25,0.003861495121202778,0.0016304080624826712,-77.3105,39.529,Clean Watershed Needs Survey
WOODSTOCK (T) WWTF,0.088685698630137,0.0011502001551914798,0.0004329827606254913,-74.090278,42.038056,Discharge Monitoring Reports
WOODSTOWN BORO WATER DEPT,0.4449,0.005770085334489278,0.003408399778919429,-75.33159,39.6493,Discharge Monitoring Reports
WORONOCO VILLAGE WASTEWATER TREATMENT FACILITY,0.003,3.890819510781711e-05,5.686750670553458e-06,-72.825327,42.163857,Discharge Monitoring Reports
WORTHINGTON-WEST FRANKLIN JNT MUN AUTH,0.0935833333333333,0.0012137195307244057,0.0004638070263702346,-79.649214,40.83562,Discharge Monitoring Reports
WRIGHTSTOWN BOROUGH STP,0.0835416666666667,0.0010834851554329629,0.00040111642657970957,-74.6136,40.0379,Discharge Monitoring Reports
WRIGHTSVILLE STP,0.32375,0.00419884272205193,0.002269501902246836,-76.52405,40.02019,Discharge Monitoring Reports
WYALUSING MUNI AUTH,0.06925,0.0008981308370721117,0.00031551741052841483,-76.269637,41.664999,Discharge Monitoring Reports
WYNNEWOOD TERRACE,0.0399613333333333,0.0005182744513672825,0.00015614796299331533,-75.53509,40.72761,Discharge Monitoring Reports
WYOMING COUNTY HOUSING AUTHORITY,0.0024166666666666,3.1342712725740696e-05,4.3124678003814036e-06,-76.052463,41.63397,Discharge Monitoring Reports
WYOMING VALLEY SANITARY AUTHORITY,27.05,0.3508222258888176,0.652859220603725,-75.93908,41.23317,Discharge Monitoring Reports
WYOMISSING VALLY STP,2.71083333333333,0.03515787741270247,0.034407209450098966,-75.9425,40.328611,Discharge Monitoring Reports
Walden (V) Sewers & WWTP,0.73,0.011275565753912111,0.006422317571328168,-74.1931,41.5697,Clean Watershed Needs Survey
Wallingford Fire District No 1 WWTF,0.12,0.0018535176581773334,0.0006375098105015879,-72.978746,43.477751,Clean Watershed Needs Survey
Wallkill (T) Sewers & STP,3.1,0.04788253950291445,0.04084923571745123,-74.36897,41.46396,Clean Watershed Needs Survey
Wanaque Valley RSA - CS/STP,1.25,0.019307475606013886,0.012780135894764918,-74.28491763,41.03973619,Clean Watershed Needs Survey
Wappinger (T) Fleetwood Manor WWTP,0.063,0.0009730967705431,0.0002795554220576548,-73.915806,41.5585,Clean Watershed Needs Survey
Wappinger (T) Tri-Muni WWTP & Collection System,2.775,0.042862595845350834,0.03545259567258036,-73.943333,41.608333,Clean Watershed Needs Survey
Wappinger (T) Wildwood SD STP,0.07,0.001081218633936778,0.00031989580384417314,-73.9035,41.6115,Clean Watershed Needs Survey
Wappinger Falls (V) WWTP & San. Sewers,2.78,0.042939825747774885,0.03553434034202286,-73.944693,41.609871,Clean Watershed Needs Survey
Wappinger(T) Midpoint Pk SD (RoyalRi),0.066,0.0010194347119975332,0.00029669857836350983,-73.863528,41.61575,Clean Watershed Needs Survey
Ware Sewerage Collection System and WWTF,0.4,0.006178392193924445,0.0029746829494535767,-72.25514,42.25194,Clean Watershed Needs Survey
Warren County (Pequest River) MUA - CS/STP,0.5,0.007722990242405556,0.003957529462697384,-75.0797,40.8206,Clean Watershed Needs Survey
Warren Township - CS / Stage IV STP,0.8,0.01235678438784889,0.007220520853362259,-74.523607,40.648886,Clean Watershed Needs Survey
Warren Township Stage I-II STP,0.47,0.007259610827861222,0.003656325231385572,-74.469567,40.666662,Clean Watershed Needs Survey
Warren Township Stage V STP,0.38,0.005869472584228222,0.002785742691874285,-74.568784,40.649228,Clean Watershed Needs Survey
Warrensburg (T) STP & Sewers,0.25,0.003861495121202778,0.0016304080624826712,-73.77933,43.491093,Clean Watershed Needs Survey
Warsaw (V) WWTP & Collection System,1.0,0.015445980484811111,0.009606208291357922,-78.135806,42.751528,Clean Watershed Needs Survey
Warwick (T) SD#1-Wickham Lake WWTP,0.43,0.006641771608468777,0.003263049310626773,-74.297611,41.270167,Clean Watershed Needs Survey
Warwick (V) WWTP & Collection System,0.8,0.01235678438784889,0.007220520853362259,-74.372639,41.254722,Clean Watershed Needs Survey
Washington (Co) SD#2 Fort EdwardSTP,2.5,0.03861495121202777,0.03102153718731756,-73.5821,43.26226,Clean Watershed Needs Survey
Washington Borough (Warren) - CS/STP,1.2,0.018535176581773335,0.0121298064876105,-74.9928,40.7536,Clean Watershed Needs Survey
Washington Township (Morris) MUA - CS/STP,0.5,0.007722990242405556,0.003957529462697384,-74.76593088,40.81534228,Clean Watershed Needs Survey
Washington Township MUA (Morris) - Long Valley CS/STP,0.244,0.003768819238293911,0.0015805154995360267,-74.7747,40.7861,Clean Watershed Needs Survey
Washingtonville (V) WWTP,0.55,0.008495289266646111,0.0044707521304922036,-74.146639,41.425667,Clean Watershed Needs Survey
Waterford (T) WWTP & Collection System,1.5,0.023168970727216666,0.016137540493300077,-73.685028,42.788611,Clean Watershed Needs Survey
Waterville (V) WWTP,0.28,0.004324874535747112,0.0018847954656082695,-75.392333,42.941111,Clean Watershed Needs Survey
Waverly (V) WWTP,0.7,0.010812186339367778,0.006086610955485467,-76.523056,42.000889,Clean Watershed Needs Survey
Wawarsing (T) Kerhonkson STP,0.13,0.0020079774630254446,0.000706253094980582,-74.39438,41.71721,Clean Watershed Needs Survey
Wawarsing (T) Napanoch WWTP,0.485,0.007491300535133388,0.0038062766443846554,-74.36346,41.74329,Clean Watershed Needs Survey
Wawayanda (T) Ridgebury Lake WWTP,0.03,0.00046337941454433336,0.00010820097830781676,-74.446278,41.382028,Clean Watershed Needs Survey
Wayland (V) STP,0.35,0.005406093169683889,0.0025075390261921292,-77.592778,42.561111,Clean Watershed Needs Survey
Wayne (Co) WSA Red Creek Reg. WWTP,0.5,0.007722990242405556,0.003957529462697384,-77.254,43.1276,Clean Watershed Needs Survey
Wayne Township - CS/STP,13.0,0.20079774630254443,0.25567859082392597,-74.25038224,40.91066021,Clean Watershed Needs Survey
Webster (T) WWTP,1.18,0.018226256972077113,0.011871769811969878,-77.41995,43.26009,Clean Watershed Needs Survey
Webster (V) WWTP,7.5,0.11584485363608334,0.12649591550571637,-77.430347,43.234395,Clean Watershed Needs Survey
Wells (T) Sewers and WWTP,0.0,0.0,0.0,-74.2962883,43.3935463,Clean Watershed Needs Survey
Wellsville (V) WWTP,2.08,0.03212763940840711,0.024517248776930022,-77.96484,42.12714,Clean Watershed Needs Survey
West Milford Township - Awosting CS/STP,0.045,0.0006950691218165,0.00018176762525833737,-74.3339,41.1592,Clean Watershed Needs Survey
West Milford Township - Birch Hill CS/STP,0.05,0.0007722990242405556,0.00020799704104064963,-74.3526,41.1343,Clean Watershed Needs Survey
West Milford Township - Crescent Pk CS/STP,0.1,0.0015445980484811112,0.000504876317171055,-74.39758405,41.10279031,Clean Watershed Needs Survey
West Milford Township -Olde Milford CS/STP,0.172,0.002656708643387511,0.0010104441683072866,-74.38201719,41.11218843,Clean Watershed Needs Survey
West Monroe (T) Big Bay WWTP & Collection System,0.0,0.0,0.0,-76.066072,43.322304,Clean Watershed Needs Survey
West Pawlet WWTF,0.04,0.0006178392193924444,0.00015634128750078937,-73.25282,43.35379,Clean Watershed Needs Survey
West Swanzey WWTF,0.167,0.0025794787409634556,0.0009730185115717445,-72.329371,42.866945,Clean Watershed Needs Survey
Westchester (Co) Blind Brook SD STP,5.0,0.07722990242405554,0.07529933776825676,-73.6937,40.9632,Clean Watershed Needs Survey
Westchester (Co) Mamaroneck SD STP,20.6,0.3181871979871089,0.46075532523607643,-73.7337,40.9468,Clean Watershed Needs Survey
Westchester (Co) New Rochelle STP,15.12,0.233543224930344,0.3101927447123514,-73.7658,40.9124,Clean Watershed Needs Survey
Westchester (Co) Ossining SD STP,5.0,0.07722990242405554,0.07529933776825676,-73.8694,41.1542,Clean Watershed Needs Survey
Westchester (Co) Peekskill SD STP,9.0,0.1390138243633,0.15972701507397488,-73.929583,41.300056,Clean Watershed Needs Survey
Westchester (Co) Yonkers Joint STP,145.0,2.2396671702976114,5.594160161585598,-73.8915,40.909806,Clean Watershed Needs Survey
Westchester (Co)Port Chester SD STP,6.0,0.09267588290886666,0.09508084439475163,-73.6593,40.9892,Clean Watershed Needs Survey
Western Monmouth UA - Pine Brook STP/CS,8.0,0.12356784387848889,0.13738380060713165,-74.3508244,40.31667278,Clean Watershed Needs Survey
Westfield Sewerage Collection System and WWTF,2.7,0.041704147308990004,0.034231392333928815,-72.7319,42.1178,Clean Watershed Needs Survey
Whitingham Village WWTF,0.01,0.0001544598048481111,2.6534933233701082e-05,-72.8833,42.7833,Clean Watershed Needs Survey
Whitney Point (V) WWTP,0.15,0.002316897072721667,0.0008481454664881528,-76.961389,42.317222,Clean Watershed Needs Survey
Williamson (T) WWTP & Collection System,0.63,0.009730967705431,0.005319060375641376,-77.17875,43.279667,Clean Watershed Needs Survey
Willingboro Township MUA - CS/STP,5.1,0.07877450047253666,0.07723140447768215,-74.92011442,40.02779401,Clean Watershed Needs Survey
Wilmington WWTF,0.135,0.0020852073654495,0.0007411902907169099,-72.88061,42.86939,Clean Watershed Needs Survey
Winchester WWTF,0.28,0.004324874535747112,0.0018847954656082695,-72.39159,42.7692,Clean Watershed Needs Survey
Windham (T) WWTP & Collection System,0.445,0.006873461315740945,0.0034093799387531925,-74.272844,42.302929,Clean Watershed Needs Survey
Windsor (T) WWTP & Collection System,0.114,0.0017608417752684668,0.000597017674078235,-75.754611,42.097694,Clean Watershed Needs Survey
Windsor Main WWTF,0.893,0.013793260572936323,0.008311376913324219,-72.3885,43.4722,Clean Watershed Needs Survey
Windsor Weston Heights WWTF,0.02,0.0003089196096962222,6.440889399379803e-05,-72.3933,43.4833,Clean Watershed Needs Survey
Winebrenner WWTP,1.0,0.015445980484811111,0.009606208291357922,-77.4961,39.7121,Clean Watershed Needs Survey
Winslow Township - Sicklerville STP/CS,2.25,0.034753456090825,0.027109573858312332,-74.95138621,39.70051431,Clean Watershed Needs Survey
Woodbury (V) Valley Forge SD#1 WWTP,0.056,0.0008649749071494222,0.00024045016019878757,-74.096167,41.355333,Clean Watershed Needs Survey
Woodhull (T) WWTP & Collection System,0.05,0.0007722990242405556,0.00020799704104064963,-77.404722,42.077222,Clean Watershed Needs Survey
Woodstock (T) WWTP & Collection System,0.23,0.003552575511506556,0.0014654386972433185,-74.090278,42.038056,Clean Watershed Needs Survey
Woodstown Borough - CS/STP,0.5,0.007722990242405556,0.003957529462697384,-75.3311,39.6483,Clean Watershed Needs Survey
Wrightstown Borough MUA - CS/STP,0.337,0.005205295423381345,0.0023890062316638187,-74.61349422,40.03796638,Clean Watershed Needs Survey
YATESBORO STP,0.13575,0.0017605958286287244,0.0007464624533993577,-79.350021,40.800848,Discharge Monitoring Reports
YORK (T) WWTF,,,,-77.8809,42.83848,Discharge Monitoring Reports
YORK HAVEN STP,0.0334,0.00043317790553369716,0.00012413148336406178,-76.711604,40.110572,Discharge Monitoring Reports
YORK SPRINGS STP,0.08525,0.0011056412109804695,0.0004116401102752632,-77.107202,40.002594,Discharge Monitoring Reports
YORKTOWN HEIGHTS SD WWTP,1.45908333333333,0.018923433003965786,0.015576528005043756,-73.774032,41.282954,Discharge Monitoring Reports
YOUGH SANI AUTH WWTP,0.0731541666666667,0.0009487655298721462,0.0003384518888571347,-79.662812,40.04558,Discharge Monitoring Reports
YOUGHIOGHENY STP,2.01666666666667,0.02615495337803266,0.02356626946915341,-79.780017,40.296912,Discharge Monitoring Reports
YOUNGSVILLE BORO STP,0.288666666666667,0.0037438329959299617,0.001959752665802598,-79.30967,41.85365,Discharge Monitoring Reports
York (T) Retsof SD STP & Sewers,0.3,0.004633794145443334,0.0020587242847468178,-77.879015,42.833319,Clean Watershed Needs Survey
Yorktown (T) WWTP & Collection System,1.5,0.023168970727216666,0.016137540493300077,-73.775,41.283333,Clean Watershed Needs Survey
