source,id,name,lat,lon,value,represented
CWNS,,"Chenango (T) SD #4,8,& 9 Northgate STP",42.157889,-75.891722,0.008099557876586914,True
CWNS,,Wappinger (T) Fleetwood Manor WWTP,41.5585,-73.915806,0.0007309281826019287,True
CWNS,,Wawarsing (T) Napanoch WWTP,41.74329,-74.36346,0.004394741535186768,True
CWNS,,MERIDEN WPCF,41.5134,-72.8279,0.139299560546875,True
CWNS,,Maple Shade Township - STP/CS,39.95842729,-75.01463761,0.0485829086303711,True
CWNS,,Nassau Co Glen Cove (C) STP,40.858722,-73.641667,0.1471458740234375,True
CWNS,,New York (C) - Red Hook WPCP,40.7057,-73.9844,1.673897705078125,True
CWNS,,Highland Falls (V) Sewers & STP,41.37052,-73.96515,0.01261986541748047,True
CWNS,,Bethel (T) - Kauneonga Lake STP,41.6878,-74.8246,0.005579403877258301,True
CWNS,,Westchester (Co) New Rochelle STP,40.9124,-73.7658,0.33198004150390625,True
CWNS,,Newburgh (C) Sewers & WWTP,41.49419,-74.00799,0.05157050323486328,True
CWNS,,"GOSHEN, TOWN OF - Woodridge Lake Sewer Dist",41.8024,-73.2231,0.000457941472530365,True
CWNS,,PHILADELPHIA WATER DEPT (SW),39.8861,-75.2183,7.96130810546875,True
CWNS,,Liberty (T) Swan Lake S.D.,41.7476,-74.7845,0.003716904878616333,True
CWNS,,Saugerties (T) Glasco STP,42.035,-73.9433,0.0036282896995544433,True
CWNS,,BIRDSBORO STP,40.257,-75.8085,0.00940789031982422,True
CWNS,,NEW HANOVER TWP STP,40.2812,-75.5528,0.002491480827331543,True
CWNS,,BANGOR BORO STP,40.8543,-75.2036,0.018250041961669922,True
CWNS,,Westchester (Co) Ossining SD STP,41.1542,-73.8694,0.08105974578857422,True
CWNS,,Monticello (V) WWTP,41.654537,-74.68491,0.04474725341796875,True
CWNS,,Washingtonville (V) WWTP,41.425667,-74.146639,0.005239041328430176,True
CWNS,,CENTRAL CARBON Municipal Authority ,40.8266,-75.705,0.016667972564697264,True
CWNS,,Suffolk (Co) SCSD #13 Windwatch STP,40.8214,-73.1817,0.004091630458831787,True
CWNS,,Greenport (V) STP,41.1024,-72.3631,0.006395009994506836,True
CWNS,,Poughkeepsie (T) Arlington STP,41.6449,-73.9487,0.051723491668701174,True
CWNS,,West Milford Township - Awosting CS/STP,41.1592,-74.3339,0.00045163562893867494,True
CWNS,,EAST HAMPTON WPCF,41.5635,-72.5437,0.04796508026123047,True
CWNS,,Verona Township - CS/STP,40.8433411,-74.23532185,0.0424817008972168,True
CWNS,,Mendham Borough - CS/STP,40.77859798,-74.62227036,0.0034978017807006834,True
CWNS,,Ocean County UA Central WPCF - CS/STP,39.90755,-74.18002,0.662376708984375,True
CWNS,,Pennsville Township SA - CS/STP,39.63870028,-75.54179581,0.020430437088012697,True
CWNS,,Hampton Township - Hampton Commons CS/STP,41.0716,-74.7371,0.0007224352359771728,True
CWNS,,Middlesex County UA - CS/STP,40.48992273,-74.3061276,5.015267578125,True
CWNS,,Evesham Township MUA - Woodstream STP/CS,39.909922,-74.95301,0.014102983474731445,True
CWNS,,Pine Plains (T) Sewer and STP,41.9856296,-73.65591,0.00033366069197654724,True
CWNS,,"Riverhead, (T) Community College WWTP",40.8766,-72.7071,0.0003364461064338684,True
CWNS,,Beacon (C) WPCP,41.4956,-73.9819,0.033721530914306644,True
CWNS,,CONSHOHOCKEN BORO AUTH,40.0735,-75.2956,0.04144845199584961,True
CWNS,,PHILADELPHIA WATER DEPT (SE),39.9017,-75.1457,3.292197021484375,True
CWNS,,LEHIGH CO A - HEIDELBERG HGHTS STP,40.6913,-75.6551,0.0008026979565620423,True
CWNS,,TORRINGTON MAIN WPCF,41.7807,-73.1165,0.08347342681884766,True
CWNS,,WATERBURY WPCF,41.523,-73.0435,0.6063369750976563,True
CWNS,,Cedar Grove Township - CS/STP,40.86571155,-74.22388534,0.025588722229003907,True
CWNS,,Parsippany-Troy Hills Township CS/STP,40.84672792,-74.34754671,0.3562702331542969,True
CWNS,,Buena Borough MUA - CS/STP,39.52337777,-74.92426106,0.003350321292877197,True
CWNS,,New York (C) - Oakwood Beach WPCP,40.5484,-74.1123,1.1448580322265625,True
CWNS,,Waverly (V) WWTP,42.000889,-76.523056,0.0071667108535766605,True
CWNS,,NYSDOC - Woodbourne Corr. Fac.,41.6583,-74.625,0.0006329548954963684,True
CWNS,,SWATARA TWP AUTH,40.2609,-76.7321,0.10764685821533203,True
CWNS,,Wawayanda (T) Ridgebury Lake WWTP,41.382028,-74.446278,0.00039915245771408083,True
CWNS,,Delaware (T) - Callicoon SD / STP,41.763381,-75.053806,0.0009635604023933411,True
CWNS,,Gloucester County UA - CS/STP,39.83731478,-75.22527001,0.55468310546875,True
CWNS,,Evesham Township MUA - Elmwood STP/CS,39.89070041,-74.88225889,0.028280786514282227,True
CWNS,,BUCK CO W&S AUTH -HARVEY AVENUE STP,40.3151,-75.1391,0.008760952949523925,True
CWNS,,E NORR PLYM WHIT STP,40.1051,-75.3246,0.1406954345703125,True
CWNS,,Montgomery Township - Oxbridge CS/STP,40.41827044,-74.65776277,0.0032497990131378175,True
CWNS,,Chatham Township - CS/STP,40.72081085,-74.41920732,0.012958583831787109,True
CWNS,,Suffolk (Co) SCSD #27 Forge River,40.802,-72.8409,0.01103157901763916,True
CWNS,,Warren County (Pequest River) MUA - CS/STP,40.8206,-75.0797,0.004759366035461426,True
CWNS,,Lumberland (T) Mohican Lake SD,41.51499559,-74.8203454,0.00017211897671222688,True
CWNS,,Cornwall-on-Hudson (V) Sewers,41.45254,-74.02087,0.028149486541748047,True
CWNS,,"Amenia, (T) OWTS & Proposed WWTP",41.8493,-73.5568,0.00042700460553169253,True
CWNS,,Oakland Borough - CS/STP,41.0220483,-74.2430988,0.0007943354249000549,True
CWNS,,Millbrook (V) WWTP,41.786577,-73.699615,0.002306072473526001,True
CWNS,,Mount Hope (T) Hidden Valley STP,41.439167,-74.556861,0.0004858933687210083,True
CWNS,,ELKTON WWTP,39.600662,-75.835018,0.04357128524780273,True
CWNS,,"Olive, (T) Boiceville WWTP",42.003278,-74.267028,0.0005632550716400147,True
CWNS,,CONCORD TWP SEW AUTH,39.8803,-75.5108,0.013275738716125488,True
CWNS,,BRIDGEPORT EAST SIDE,41.173,-73.1713,0.14137480163574218,True
CWNS,,LEHIGH CO A - LYNN TWP,40.6794,-75.7666,0.0006004258394241333,True
CWNS,,Suffolk (Co) SCSD #5 Strathmore Huntington STP,40.783278,-73.357333,0.002532245397567749,True
CWNS,,New York (C) - Port Richmond WPCP,40.6372,-74.1254,1.659119384765625,True
CWNS,,"Orange, (Co) SD #1",41.3116,-74.1423,0.10262441253662109,True
CWNS,,Neversink (T) Grahamsville STP (NYCDEP),41.8451,-74.5398,0.0013069376945495606,True
CWNS,,Catskill (T) Smith's Landing (SD#4),42.1323,-73.9191,0.0002351611703634262,True
CWNS,,Montgomery Township - Cherry Valley CS/STP,40.41814831,-74.65730995,0.0032497990131378175,True
CWNS,,Hamden (T) Delancy Hamlet WWTF,42.193934,-74.996109,0.00021858216822147369,True
CWNS,,KENNETT SQUARE BORO,39.8466,-75.7088,0.009981719970703126,True
CWNS,,Suffolk (Co) SCSD #3 Southwest,40.725145,-73.34301,0.8119825439453126,True
CWNS,,Blooming Grove (T) Glenwood Hills STP,41.385,-74.1398,0.0002772857546806335,True
CWNS,,Mount Olive Township - Clover Hill STP/CS,40.8154,-74.711,0.004471245765686035,True
CWNS,,South Monmouth Regional CS/STP,40.1673253,-74.04456127,0.17180679321289063,True
CWNS,,PERRYVILLE WWTP,39.558887,-76.063843,0.019574701309204103,True
CWNS,,CLARKS SUMMIT / S ABINGTON STP,40.727,-75.5327,0.07879538726806641,True
CWNS,,SHAMOKIN-COAL TWP STP,40.8112,-76.583,0.12389433288574218,True
CWNS,,FRACKVILLE AREA MUN AUTH,40.7857,-76.2313,0.016142148971557618,True
CWNS,,Wappinger (T) Wildwood SD STP,41.6115,-73.9035,0.0009349207878112793,True
CWNS,,Southeast (T) Brewster Hts. SD STP & CS,41.4031,-73.6223,0.0014126719236373902,True
CWNS,,Owego (V) STP,42.0953,-76.2694,0.008799128532409668,True
CWNS,,WILMINGTON STP,39.7295,-75.5043,3.158648193359375,True
CWNS,,Hampstead WWTP & Coll. Sys.,39.597839,-76.833505,0.008073851585388184,True
CWNS,,New York (C) - Jamaica WPCP,40.6618,-73.8071,3.60395751953125,True
CWNS,,NYSDOC - Green Haven Corr.Fac.STP,41.5872,-73.7294,0.004487675666809082,True
CWNS,,LITCHFIELD WPCF,41.7147,-73.2443,0.007327370643615723,True
CWNS,,Linden Roselle SA - CS-CSO/STP,40.60946,-74.21994,0.2300038299560547,True
CWNS,,SOUTHINGTON WPCF,41.5686,-72.8793,0.10110879516601562,True
CWNS,,SOUTH WINDSOR WPCF,41.8254,-72.6244,0.02951873207092285,True
CWNS,,Warren Township Stage V STP,40.649228,-74.568784,0.0033511085510253905,True
CWNS,,ENFIELD WWTF,41.9664,-72.6066,0.14957388305664063,True
CWNS,,NEW LONDON WPCF,41.3426,-72.0955,0.07696719360351563,True
CWNS,,Middletown Township SA - CS/STP,40.42844632,-74.08162781,0.21440219116210937,True
CWNS,,Harrison Township (Gloucester) - CS/Mullica Hill STP,39.73854188,-75.23131833,0.008152134895324707,True
CWNS,,Swedesboro Borough CS/ STP,39.7517,-75.3064,0.0029331455230712893,True
CWNS,,Burlington Township - Central Ave STP/CS,40.07162222,-74.87687434,0.08615587615966797,True
CWNS,,Chesterfield Township - CS/STP,40.11514617,-74.6417995,0.00047219356894493103,True
CWNS,,Newton Town CS -  STP,41.0602,-74.7463,0.014915791511535645,True
CWNS,,Sparta Township - CS/STP,41.034208,-74.641273,0.0033913426399230957,True
CWNS,,WEST GOSHEN STP,39.9475,-75.5731,0.09023910522460937,True
CWNS,,DEER LAKE MUN AUTH,40.61745,-76.06114,0.010369078636169433,True
CWNS,,LANCASTER CITY STP,40.016877,-76.30532,0.691822998046875,True
CWNS,,MILLERSBURG BORO STP,40.5331,-76.968,0.006677857398986816,True
CWNS,,Fleischmanns (V) WWTF,42.15659,-74.52904,0.0008873083591461182,True
CWNS,,LEWISBURG AREA STP,40.9488,-76.8865,0.0325501594543457,True
CWNS,,WHITEMARSH TWP AUTH STP,40.08005,-75.27922,0.02517399024963379,True
CWNS,,NORTHAMPTON BORO STP,40.6835,-75.491,0.01749929428100586,True
CWNS,,NEW MILFORD WPCF,41.5693,-73.4092,0.022532621383666993,True
CWNS,,REDDING - GEORGETOWN WPCF,41.2582,-73.4293,0.002059552431106567,True
CWNS,,RIDGEFIELD WPCF,41.29,-73.4937,0.009621926307678223,True
CWNS,,"THOMASTON, TOWN OF",41.6464,-73.0788,0.011705833435058594,True
CWNS,,Long Branch City SA - CS/STP,40.31223,-73.9854,0.08845072937011719,True
CWNS,,MIDDLE SMITHFIELD TWP STP,41.0197,-75.1791,0.01080986499786377,True
CWNS,,RISING SUN STP,39.7079,-76.0786,0.004378540992736817,True
CWNS,,Fishkill (V) WWTP,41.531972,-73.9025,0.004275648117065429,True
CWNS,,BEACON FALLS WPCF,41.4426,-73.0648,0.0035656468868255613,True
CWNS,,STRATFORD WPCF,41.1782,-73.1257,0.129029052734375,True
CWNS,,Mount Laurel Township MUA - CS/STP,39.92053645,-74.92725325,0.06026631927490234,True
CWNS,,New York (C) - Tallman Island WPCP,40.7938,-73.8403,2.70030810546875,True
CWNS,,New York (C) - North River WPCP,40.8256,-73.9569,7.27919873046875,True
CWNS,,North Castle (T) SD / STP,41.1249,-73.7129,0.00477591609954834,True
CWNS,,Northwest Bergen County UA - CS/STP,41.0073,-74.1229,0.2347437744140625,True
CWNS,,Rahway Valley SA - CS/CSO/STP,40.6003,-74.259,0.9449239501953125,True
CWNS,,Beverly City SA - CS/STP,40.0684,-74.9254,0.010598814964294434,True
CWNS,,Fieldsboro STP & CS,40.13711284,-74.73268508,0.0007711374759674073,True
CWNS,,STAMFORD WPCF,41.0448,-73.5293,0.3012861633300781,True
CWNS,,WALLINGFORD WPCF,41.4462,-72.8376,0.13433493041992187,True
CWNS,,Long Hill Township - CS/STP,40.66499598,-74.49029937,0.005048281192779541,True
CWNS,,Delran Township SA - CS/STP,40.0382731,-74.976566,0.032994667053222654,True
CWNS,,Medford Lakes Borough - CS/STP,39.86471562,-74.8100399,0.005173634052276612,True
CWNS,,UPPER GWYNEDD TWP STP,40.1896,-75.2835,0.025310489654541017,True
CWNS,,SHOEMAKERSVILLE SEW. FAC.,40.4932,-75.9712,0.0015049939155578613,True
CWNS,,LRBSA THROOP STP,41.4494,-75.6319,0.08802841186523437,True
CWNS,,New York (C) - 26th. Ward WPCP,40.655,-73.8809,2.959581298828125,True
CWNS,,Tusten (T) Narrowsburg WWTP & Collection System,41.602083,-75.068583,0.0009574071168899536,True
CWNS,,Blooming Grove (T) Tappan SD WWTP,41.4065,-74.1889,0.0007595525979995727,True
CWNS,,PORT PENN STP.,39.513336,-75.57648,0.00025892612338066103,True
CWNS,,Logan Township MUA - CS/STP,39.78754131,-75.37740644,0.024589195251464843,True
CWNS,,PLAINVILLE WPCF,41.6834,-72.8637,0.05422198867797851,True
CWNS,,Stony Brook RSA (Hopewell) - STP,40.38540552,-74.73942229,0.0021349101066589354,True
CWNS,,Neptune Township (TNSA) - CS/STP,40.20063757,-74.06200622,0.1576500244140625,True
CWNS,,Fishkill (T) Rombout SD & WWTP,41.5278,-73.9806,0.00729942798614502,True
CWNS,,Pawling (V) WWTP,41.573667,-73.594194,0.0018195077180862428,True
CWNS,,"Hillsdale, (T) WWTP & Collection",42.179944,-73.521694,0.0003906743228435516,True
CWNS,,Andes (T) Sewers & STP,42.170434,-74.789506,0.0003452363908290863,True
CWNS,,Dutchess (Co) Chelsea Cove STP,41.61291,-73.74954,0.0009376206398010254,True
CWNS,,NORTHUMBERLAND BORO STP,40.887,-76.7947,0.007349521636962891,True
CWNS,,Carmel (T) Mahopac STP (NYCDEP),41.3791,-73.7224,0.002785184383392334,True
CWNS,,Montgomery Township - Riverside Farms STP,40.4497,-74.6071,0.0012537269592285156,True
CWNS,,Passaic Valley Sewerage Commission - CS/CSO/STP,40.71374659,-74.13510644,13.082078125,True
CWNS,,North Bergen MUA - Central STP/CS/CSO,40.79215095,-73.9985804,0.16387196350097658,True
CWNS,,Woodstown Borough - CS/STP,39.6483,-75.3311,0.004422342300415039,True
CWNS,,KUTZTOWN BORO STP,40.5214,-75.7766,0.015634567260742187,True
CWNS,,Rockland (T) Roscoe STP,41.945547,-74.927988,0.0014755104780197143,True
CWNS,,Allamuchy Township MUA - CS/STP,40.91141014,-74.86088957,0.0053829712867736815,True
CWNS,,Suffolk (Co) SCSD #15 NOB HILL,40.8262,-73.1476,0.001395278215408325,True
CWNS,,Hancock (V) WWTP,41.935278,-75.277639,0.0029306550025939944,True
CWNS,,Evesham Township MUA - Kings Grant STP/CS,39.86274157,-74.87366334,0.005972485542297363,True
CWNS,,"Dutchess Co, Dalton Farms WWTP",41.6133,-73.7011,0.001886236548423767,True
CWNS,,MOUNT JOY BORO STP,40.1097,-76.5023,0.014691709518432617,True
CWNS,,EPHRATA BORO STP,40.1773,-76.1755,0.059708740234375,True
CWNS,,MONTOURSVILLE STP,41.2853,-76.8744,0.005565591335296631,True
CWNS,,La Grange (T) Noxon Knolls SD STP,41.6514,-73.846,0.0007099133729934693,True
CWNS,,Fallsburg (T) - South Fallsburg STP,41.7156,-74.614,0.042645286560058594,True
CWNS,,Shandaken (T) Phoenicia & town-wide,42.0833,-74.3003,0.0013364164829254151,True
CWNS,,NAZARETH BORO STP,40.73633,-75.2857,0.013911680221557617,True
CWNS,,Suffolk (Co) SCSD #11 Selden,40.883,-73.0305,0.029795736312866212,True
CWNS,,Dutchess (Co) Valley Dale STP,41.726,-73.8132,0.00036372226476669313,True
CWNS,,Bloomingburg (V) STP,41.553917,-74.432611,0.0027107722759246826,True
CWNS,,ROSE VALLEY STP,39.89206,-75.39048,0.0013091871738433838,True
CWNS,,SLATINGTON BORO STP,40.758061,-75.604065,0.01760618209838867,True
CWNS,,New York (C) - Wards Island WPCP,40.787528,-73.922889,13.327541015625,True
CWNS,,Carmel (T) SD#4 STP - Lake Secor,41.3715,-73.7952,0.0016270068883895874,True
CWNS,,BALLY BORO STP,40.3999,-75.5804,0.0016221095323562622,True
CWNS,,NCSD #2 - South Shore WRF (Formerly Bay Park STP),40.6323,-73.6631,2.008368408203125,True
CWNS,,New York (C) - Newtown Creek WPCP,40.7314,-73.9464,14.348146484375,True
CWNS,,Crawford (T) Pine Bush WWTP,41.618434,-74.296407,0.002584072828292847,True
CWNS,,Secaucus Town MUA - Koelle Blvd STP/CS,40.7984,-74.0476,0.08185519409179688,True
CWNS,,East Windsor Township - CS/STP,40.2854,-74.5614,0.042697967529296874,True
CWNS,,Penns Grove Borough SA - CS/STP,39.72841399,-75.47420605,0.007237931251525879,True
CWNS,,Lower Alloways Creek Township CS - STP,39.50639135,-75.45929013,0.00043564301729202273,True
CWNS,,Salem County - DuPont STP/CS,39.69591477,-75.4898135,0.0039359707832336424,True
CWNS,,CANTON WPCF,41.8166,-72.9212,0.006319828510284424,True
CWNS,,Livingston Township CS - STP,40.808,-74.3422,0.0725140380859375,True
CWNS,,New Providence Borough - CS/STP,40.7157,-74.4033,0.017942155838012695,True
CWNS,,Wayne Township - CS/STP,40.91066021,-74.25038224,0.2739259033203125,True
CWNS,,Greenwich Township (GCUA) - CS/Gibbstown STP,39.83071282,-75.2843437,0.010218729019165039,True
CWNS,,Washington Borough (Warren) - CS/STP,40.7536,-74.9928,0.0134031343460083,True
CWNS,,Madison-Chatham Jt Mtg -Molitor WPCF,40.75004852,-74.37076768,0.04736670684814453,True
CWNS,,Washington Township (Morris) MUA - CS/STP,40.81534228,-74.76593088,0.004384586334228516,True
CWNS,,Morristown Town - CS/STP,40.80641136,-74.45771126,0.04496329116821289,True
CWNS,,Warren Township - CS / Stage IV STP,40.648886,-74.523607,0.007959832668304443,True
CWNS,,MAHANOY CITY STP,40.8133,-76.128,0.015602459907531738,True
CWNS,,Chesapeake City North STP,39.53204,-75.817755,0.0004607226252555847,True
CWNS,,Cornwall (T) Joint T/V STP,41.45254,-74.02087,0.028149486541748047,True
CWNS,,Cornwall (T) Firthcliff SD STP,41.4473,-74.0431,0.000989797353744507,True
CWNS,,Carmel (T) SD #6 STP - Ivy HIll,41.3573,-73.7874,0.0008357635736465454,True
CWNS,,Orangetown (T) SD#2 STP,41.036972,-73.940028,0.27435879516601563,True
CWNS,,Wawarsing (T) Kerhonkson STP,41.71721,-74.39438,0.0013284692764282226,True
CWNS,,Westchester (Co) Blind Brook SD STP,40.9632,-73.6937,0.08140900421142579,True
CWNS,,Wanaque Valley RSA - CS/STP,41.03973619,-74.28491763,0.013860986709594727,True
CWNS,,Burlington City - CS/STP,40.07251342,-74.87405842,0.08615587615966797,True
CWNS,,BRANFORD WPCF,41.26272,-72.80614,0.06138095474243164,True
CWNS,,Stony Brook RSA-River Rd STP/ Princeton CS-TP,40.38332201,-74.62386956,0.2634139404296875,True
CWNS,,Asbury Park City - CS/STP,40.228,-73.9978,0.06770038604736328,True
CWNS,,Poughkeepsie (T) Route 44 SD STP,41.6408,-73.9171,0.0009272075295448303,True
CWNS,,Shandaken (T) Pine Hill STP(NYCDEP),42.1224,-74.4637,0.0033391666412353515,True
CWNS,,Tuxedo (T) Hamlet WWTP,41.18691,-74.18257,0.00048454946279525755,True
CWNS,,Montgomery Township Pike Brook CS/STP,40.4476,-74.6499,0.004333749771118164,True
CWNS,,Northport (V) WWTP & Sewers,40.889667,-73.355417,0.00451930570602417,True
CWNS,,Ulster (T) Whitter SD WWTP,41.9809,-73.9521,0.0007832456231117249,True
CWNS,,Owego (T) SD No. 1 WWTP,42.102425597,-76.22766,0.007510575294494629,True
CWNS,,North Bergen MUA - Woodcliff STP/CS/CSO,40.79217532,-73.99857504,0.16387196350097658,True
CWNS,,Western Monmouth UA - Pine Brook STP/CS,40.31667278,-74.3508244,0.14596133422851562,True
CWNS,,Mount Holly MUA WPCF - Rancocas Creek STP/CS,39.99588526,-74.80063229,0.07979133605957031,True
CWNS,,Milford Borough - CS/STP,40.56442249,-75.092026,0.0035348963737487794,True
CWNS,,Bergen County UA-Edgewater MUA - STP,40.81484009,-73.98323458,0.08881407165527344,True
CWNS,,Trenton City - CS/CSO/STP,40.18974475,-74.75283946,0.6243411865234375,True
CWNS,,West Milford Township - Birch Hill CS/STP,41.1343,-74.3526,0.0005598059296607972,True
CWNS,,Montgomery Township - Stage II CS/STP,40.39761124,-74.63105403,0.005954455852508545,True
CWNS,,DERBY WPCF,41.3182,-73.0869,0.014180021286010742,True
CWNS,,E WINDSOR WAREHOUSE PT.,41.9201,-72.6206,0.02116048812866211,True
CWNS,,"NORFOLK, TOWN OF",42.0004,-73.2172,0.001260242223739624,True
CWNS,,WESTPORT WPCF,41.1204,-73.3682,0.03407627487182617,True
CWNS,,"WILLIMANTIC, TOWN OF",41.716,-72.1947,0.06551366424560547,True
CWNS,,Pompton Lakes Borough CS/STP,40.9811,-74.2826,0.01349839973449707,True
CWNS,,North Hudson SA (River Rd WWTP) - CS/CSO/STP,40.75709,-74.03183,0.5836721801757813,True
CWNS,,Cinnaminson Township SA - CS/STP,39.99803481,-74.99463895,0.020688993453979492,True
CWNS,,Pemberton Township MUA - CS/STP,39.97588105,-74.70693579,0.031184328079223632,True
CWNS,,Great Barrington Sewerage Collection System and WWTF,42.189428,-73.358982,0.013341998100280762,True
CWNS,,Owego (T) SD No. 2 WWTP,42.061417,-76.144917,0.021143260955810546,True
CWNS,,Sloatsburg (V) Sewers & STP,41.155417,-74.190556,0.0004228469431400299,True
CWNS,,Meadow View WWTP,39.654,-75.7971,0.010430402755737304,True
CWNS,,Riverhead (T) STP & Sewers,40.923,-72.645,0.014882486343383789,True
CWNS,,Rosendale (T) STP,41.847083,-74.072139,0.0008622461557388306,True
CWNS,,"Lewisboro, (T) Wild Oaks WWTP",41.303472,-73.662556,0.00054953134059906,True
CWNS,,Holyoke Sewerage Collection System and WPCF,42.191041,-72.612574,0.32066299438476564,True
CWNS,,Somerset Raritan Valley RSA - CS/STP,40.557339,-74.567103,0.2046919708251953,True
CWNS,,Florence Township STP,40.1186,-74.8243,0.028565637588500975,True
CWNS,,GROTON WPCF,41.3366,-72.02,0.11349011993408203,True
CWNS,,RIDGEFIELD RT7/35 WPCF,41.3206,-73.4757,0.0006035104393959046,True
CWNS,,Bayshore Regional SA - CS/STP,40.449411111,-74.18183333,0.2015115966796875,True
CWNS,,Willingboro Township MUA - CS/STP,40.02779401,-74.92011442,0.08168305206298829,True
CWNS,,Moorestown Township - CS/STP,39.97425754,-74.92758739,0.03909518814086914,True
CWNS,,Palmer Sewerage Collection System and WPCF,42.185311,-72.362228,0.022594266891479493,True
CWNS,,Liberty (V) STP,41.7846,-74.7318,0.02556431198120117,True
CWNS,,PHILADELPHIA WATER DEPT (NE),39.9914,-75.085,7.61422265625,True
CWNS,,HALIFAX BORO STP,40.4657,-76.93539,0.0010787100791931153,True
CWNS,,Suffolk (Co) SCSD #6 Kings Park STP,40.895719,-73.231024,0.006031331062316895,True
CWNS,,Suffolk (Co) SCSD #16 Yaphank STP,40.8101,-72.9245,0.0019460407495498658,True
CWNS,,New York (C) - Owls Head WPCP,40.6398,-74.0356,4.60726708984375,True
CWNS,,Goshen (V) Sewers & STP,41.401833,-74.353083,0.014941534996032714,True
CWNS,,Newburgh (T) Nob Hill STP,41.5292,-74.0686,0.0005827248692512512,True
CWNS,,Carmel (T) SD #2 STP,41.4161,-73.6698,0.011987259864807129,True
CWNS,,Stony Point (T) STP,41.22664,-73.9812,0.010825668334960938,True
CWNS,,Endicott (V) STP and Sewers,42.0834,-76.0873,0.14752217102050783,True
CWNS,,Windsor (T) WWTP & Collection System,42.097694,-75.754611,0.0009309766888618469,True
CWNS,,VERNON WPCF,41.86482,-72.487307,0.09157253265380859,True
CWNS,,PRBRSA-Two Bridges SA CS/STP,40.9038,-74.274,0.13574249267578126,True
CWNS,,Readington-Lebanon SA - STP,40.6238,-74.7629,0.008023569107055664,True
CWNS,,Salem City - CS/STP,39.57392047,-75.47877097,0.012915426254272461,True
CWNS,,Palmyra Borough - CS/STP,40.0103,-75.0382,0.010966492652893066,True
CWNS,,Medford Township - CS/STP,39.92082982,-74.8064542,0.03061903381347656,True
CWNS,,LEHIGH CO A - ALLENTOWN,40.6052,-75.4575,0.7263092651367188,True
CWNS,,COALDALE LANSFORD STP,40.8149,-75.9284,0.01960525131225586,True
CWNS,,DOVER TWP STP,39.9966,-76.8548,0.060209980010986326,True
CWNS,,BRIDGEPORT WESTSIDE,41.1607,-73.2121,0.5067765197753906,True
CWNS,,FAIRFIELD WPCF,41.14381,-73.24588,0.15277279663085938,True
CWNS,,WINDSOR POQUONOCK STP,41.891,-72.6699,0.06655631256103516,True
CWNS,,SPRAGUE WPCF,41.6147,-72.0717,0.001920506477355957,True
CWNS,,Bernardsville Borough - CS/STP,40.71388735,-74.57733084,0.004839334964752197,True
CWNS,,Hammonton Town - CS/STP,39.63313945,-74.76817641,0.014507489204406738,True
CWNS,,Sussex County MUA - Upper Wallkill CS/STP,41.09204476,-74.67726754,0.04700381088256836,True
CWNS,,WINSTED WPCF,41.941792,-73.053825,0.043618072509765626,True
CWNS,,North Hudson SA (Adam St WWTP) - CS/CSO/STP,40.75701,-74.0322,0.5836721801757813,True
CWNS,,Raritan Township MUA- South Main STP/CS,40.51670785,-74.80653663,0.028770374298095702,True
CWNS,,NEWTOWN WPCF,41.4138,-73.2899,0.007928159713745117,True
CWNS,,Hanover Township SA -  CS/STP,40.82277708,-74.39076155,0.07300593566894531,True
CWNS,,Morris Township - Woodland STP/CS,40.7756,-74.4635,0.012165069580078125,True
CWNS,,Washington Township MUA (Morris) - Long Valley CS/STP,40.7861,-74.7747,0.0019615278244018556,True
CWNS,,Bedminster Township - CS/STP,40.6559458,-74.64386277,0.026730871200561522,True
CWNS,,East Fishkill (T) Four Corners WWTP & Collection System,41.5928,-73.73974,0.0009894635081291198,True
CWNS,,Suffolk (Co) SCSD #25 Calverton Hills STP & Sewers,40.92345,-72.65497,0.0009206779003143311,True
CWNS,,Chemung (T) WWTP,42.004079,-76.622247,0.00036567318439483643,True
CWNS,,"North Salem, (T) Peach Lake WWTP & Collection",41.21159,-73.51961,0.0013498851060867309,True
CWNS,,Rockland County SD#1-Sloats/W.Ramap,41.04398,-73.94183,1.314051513671875,True
CWNS,,East Fishkill (T) Hopewell Hamlet WWTP Upgrades & Collection System,41.570556,-73.808889,0.0047559990882873535,True
CWNS,,Harrison Township (Gloucester) Richwood WRF - CS/STP,39.70694412,-75.1494793,0.0003409397602081299,True
CWNS,,Mansfield Township (Burlington) - CS/STP,40.08322266,-74.71814774,0.00019770132005214692,True
CWNS,,Cortlandt (T)  Furnace Woods Sewer District,41.269575,-73.88963,0.000585563063621521,True
CWNS,,Hyde Park (T) Route 9 Expanded SD,41.791489,-73.936297,0.0004154780805110931,True
CWNS,,"Southampton, (V) WWTP & Collection",40.887107,-72.391919,0.0007519719004631043,True
CWNS,,"Chenango Heights WWTP, Chenango (T) SD #12",42.18376,-75.883889,0.0004133037626743317,True
CWNS,,Islip (T) SD #1,40.7560993,-73.273577,0.0009166165590286255,True
CWNS,,Chester Borough - CS/STP,40.79227762,-74.67162607,0.0006215344667434693,True
CWNS,,Yorktown (T) WWTP & Collection System,41.283333,-73.775,0.0178957462310791,True
CWNS,,Patterson (T) WWTP and Sewers,41.50845,-73.61516,0.0007087819576263428,True
CWNS,,Sussex County MUA - Hampton Commons CS/STP,41.071602,-74.73711,0.0007224352359771728,True
CWNS,,Thompson (T) Emerald Green SD & WWTP,41.612578,-74.579416,0.0036069815158843994,True
CWNS,,Harford Twp STP,41.78276,-75.68545,0.00033013707399368286,True
CWNS,,Kent (T) Lake Carmel WWTP,41.4603832,-73.661067,0.0005742659568786622,True
CWNS,,Shelter Island Heights WWTP,41.087,-72.35565,0.0005672035813331604,True
CWNS,,Wappinger (T) Tri-Muni WWTP & Collection System,41.608333,-73.943333,0.07678553009033204,True
CWNS,,East Fishkill (T) Sagamore SD WWTP,41.60777,-73.75294,0.004126253604888916,True
CWNS,,WESTTOWN TWP STP,39.9276,-75.5836,0.004517359733581543,True
CWNS,,STEWARTSTOWN BORO AUTH,39.74502,-76.605769,0.001162347435951233,True
CWNS,,UPPER MONTGOMERY JOINT AUTH,40.385,-75.5027,0.023401664733886718,True
CWNS,,MANHEIM BORO STP,40.1528,-76.4042,0.008899587631225586,True
CWNS,,ROBESONIA-WERNERSVILLE STP,40.3516,-76.1371,0.015578949928283691,True
CWNS,,North Hempstead (T) Belgrave WWTP,40.7789,-73.7425,0.025485994338989258,True
CWNS,,LEBANON CITY STP,40.3363,-76.4638,0.14593043518066406,True
CWNS,,ORWIGSBURG BORO STP,40.6429,-76.1069,0.009382685661315919,True
CWNS,,Nichols (T) WWTP & SD,42.0633,-76.3316,0.0004232741892337799,True
CWNS,,"KENT, TOWN OF",41.7149,-73.487,0.0009684846997261048,True
CWNS,,"PORTLAND, TOWN OF",41.5695,-72.6444,0.008016648292541504,True
CWNS,,Warren Township Stage I-II STP,40.666662,-74.469567,0.004330067157745361,True
CWNS,,Chicopee Sewerage Collection System and WPCF,42.15376,-72.62166,0.34919940185546877,True
CWNS,,SPRING TOWNSHIP STP,40.318442,-76.007452,0.014111824989318848,True
CWNS,,West Milford Township - Crescent Pk CS/STP,41.10279031,-74.39758405,0.0007521774172782898,True
CWNS,,Patchogue (V) WWTP,40.7649,-73.0223,0.008079270362854003,True
CWNS,,Sag Harbor (V) WWTP,41.002056,-72.290889,0.0019267818927764893,True
CWNS,,Rhinebeck (V) WWTP & Collection System,41.933611,-73.923056,0.0021615638732910155,True
CWNS,,Warwick (T) SD#1-Wickham Lake WWTP,41.270167,-74.297611,0.0036382009983062743,True
CWNS,,"Thompson, (T) Kiamesha SD & WWTP",41.662258,-74.662844,0.025464426040649413,True
CWNS,,Florida (V) WWTP & Collection System,41.339333,-74.361917,0.0041652765274047855,True
CWNS,,Ocean Beach (V) STP,40.6504,-73.1552,0.004251216411590576,True
CWNS,,Fallsburg (T)- Loch Sheldrake STP,41.7679,-74.6529,0.010944401741027832,True
CWNS,,BETHLEHEM CITY STP,40.620028,-75.336528,0.4131651916503906,True
CWNS,,MINERSVILLE STP,40.7251,-76.2683,0.007849663257598878,True
CWNS,,Greater Atlantic Beach W.Recl. Dist,40.5913,-73.7412,0.017219982147216796,True
CWNS,,Carmel (T) SD #7 STP -Country Manor,41.3552,-73.738,0.0007922359704971313,True
CWNS,,DANVILLE BORO STP,40.9481,-76.6036,0.03347148895263672,True
CWNS,,Suffolk (Co) SCSD #20E W.Floyd Sewers,40.9159,-72.8809,0.0009845367074012756,True
CWNS,,HARTFORD WPCF,41.7314,-72.6564,0.8068939819335937,True
CWNS,,Kiryas Joel (V) Sewers & WWTP,41.33415,-74.16203,0.010203237533569337,True
CWNS,,Tuxedo Park (V) WWTP,41.220389,-74.191139,0.0014307204484939576,True
CWNS,,Wallkill (T) Sewers & STP,41.46396,-74.36897,0.04445038604736328,True
CWNS,,Suffern (V) STP,41.112944,-74.157722,0.022107181549072267,True
CWNS,,Florham Park Borough SA - CS/STP,40.78300055,-74.36946227,0.015952791213989258,True
CWNS,,Delaware Township MUA- CS/ISDS/STP,40.4494162,-74.9440686,0.0029131441116333006,True
CWNS,,Suffolk (Co) SCSD #21 SUNY STP,40.924472,-73.121139,0.03398860549926758,True
CWNS,,Ocean County UA Southern WPCF - CS/STP,39.67975569,-74.26244683,0.4659114990234375,True
CWNS,,Riverside Township - CS/STP,40.03958981,-74.96546497,0.010400941848754883,True
CWNS,,Suffolk (Co) SCSD #23 Coventry Manor,40.8878,-72.9247,0.000985105335712433,True
CWNS,,Hyde Park (T) SD#1 WWTP,41.76751,-73.87861,0.0008176473379135132,True
CWNS,,Saugerties (V) Sewers & STP,42.07475,-73.944972,0.014478401184082031,True
CWNS,,KELLY TWP MUN AUTH,40.9429,-76.8733,0.01066860294342041,True
CWNS,,Raritan Township MUA -Flemington WWTF - STP,40.518993156,-74.84738843,0.05770724868774414,True
CWNS,,Westchester (Co) Mamaroneck SD STP,40.9468,-73.7337,0.49319900512695314,True
CWNS,,NEW HOLLAND BORO STP,40.091,-76.0845,0.0073543510437011714,True
CWNS,,EASTON AREA STP,40.6782,-75.1881,0.16819815063476562,True
CWNS,,"SALISBURY, TOWN OF",41.9814,-73.423,0.005120722770690918,True
CWNS,,WARMINSTER STP,40.2058,-75.108,0.15009638977050782,True
CWNS,,GTR POTTSVILLE AREA - MAIN STP,40.6779,-76.1888,0.11841304016113281,True
CWNS,,Suffolk (Co) SCSD #12 Birchwood/Holbrook,40.8257,-73.0695,0.001963097810745239,True
CWNS,,New Paltz (V) STP and Sewers,41.7465578,-74.0845255,0.013606819152832031,True
CWNS,,Woodstock (T) WWTP & Collection System,42.038056,-74.090278,0.0017453850507736207,True
CWNS,,Suffolk (Co) SCSD #9 COLLEGE PARK,40.8457,-73.0434,0.0008329142928123474,True
CWNS,,Wappinger(T) Midpoint Pk SD (RoyalRi),41.61575,-73.863528,0.000841252088546753,True
CWNS,,Highlands (T) Fort Montgomery STP,41.3269,-73.9851,0.000910500168800354,True
CWNS,,Sanford (T) OquagaLake SD,42.007778,-75.451278,0.0002948058545589447,True
CWNS,,"Huntington, (T) STP & Collection",40.88122,-73.42209,0.032155361175537106,True
CWNS,,Walden (V) Sewers & WWTP,41.5697,-74.1931,0.0074986572265625,True
CWNS,,Musconetcong SA CS/STP,40.90709,-74.718488,0.07666468048095704,True
CWNS,,Westfield Sewerage Collection System and WWTF,42.1178,-72.7319,0.037527507781982425,True
CWNS,,Suffolk (Co) SCSD #22 Hauppauge STP & Sewers,40.8252,-73.2282,0.0018515067100524903,True
CWNS,,Wappinger Falls (V) WWTP & San. Sewers,41.609871,-73.944693,0.07678553009033204,True
CWNS,,Port Jervis (C) STP (owner NYCDEP),41.3623,-74.6804,0.017791658401489257,True
CWNS,,West Milford Township -Olde Milford CS/STP,41.11218843,-74.38201719,0.0012736219167709352,True
CWNS,,Lower Alloways Creek Township - Hancocks Bridge TP,39.50639963,-75.45925794,0.00043564301729202273,True
CWNS,,UPPER MORELAND-HATBORO JNT SEW,40.1569,-75.108,0.13694583129882812,True
CWNS,,TOWANDA STP,41.7609,-76.4416,0.001555060625076294,True
CWNS,,New York (C) - Bowery Bay WPCP,40.7784,-73.8946,5.2915673828125,True
CWNS,,Haverstraw Joint Regional STP,41.2135,-73.963556,0.13941925048828124,True
CWNS,,Westchester (Co) Peekskill SD STP,41.300056,-73.929583,0.1721542205810547,True
CWNS,,Frenchtown Borough CS/ISDS/STP,40.5173,-75.0636,0.0010006195306777954,True
CWNS,,DELCORA CHESTER STP,39.8286,-75.3931,0.16811103820800782,True
CWNS,,NORTH COVENTRY MUN AUTH,40.2299,-75.6276,0.01760921096801758,True
CWNS,,DOWNINGTOWN AREA STP,39.9973,-75.7016,0.11136074829101562,True
CWNS,,LANCASTER AREA SEWER AUTH STP,39.9829,-76.4623,0.323927001953125,True
CWNS,,LOWER LACKAWANNA VLY STP,41.3498,-75.7827,0.08965041351318359,True
CWNS,,Suffolk(C0) SCSD #1 Port Jefferson STP & Sewers,40.930699,-73.052387,0.008858200073242187,True
CWNS,,Suffolk (Co) SCSD #28 Fairfield,40.87675,-73.139,0.001572026014328003,True
CWNS,,East Hampton (T) WWTP,40.9901,-72.1715,0.0006889668703079224,True
CWNS,,Red Hook (V) STP,41.991667,-73.883722,0.0007052767276763916,True
CWNS,,NORWICH WPCF,41.526191,-72.084583,0.1369842987060547,True
CWNS,,Jefferson Township - CS/STP  (White Rock),41.03263,-74.51749,0.0012607108354568482,True
CWNS,,Roxbury Township - Ajax Terrace STP/CS,40.84340749,-74.64284101,0.025303035736083983,True
CWNS,,UNIVERSITY OF CONN WPCF,41.811635,-72.263126,0.03385933303833008,True
CWNS,,Ridgewood Village WPCF - CS/STP,40.96372589,-74.11033292,0.08142804718017578,True
CWNS,,Cherry Hill WWTP,39.6625,-75.856,0.003306766510009766,True
CWNS,,Great Neck (V) STP,40.797722,-73.712139,0.10454341125488281,True
CWNS,,Poughkeepsie (T) Tri-Munical WWTP,41.6062,-73.9366,0.03347743225097656,True
CWNS,,Fallsburg (T) - Mountaindale STP/SD,41.6882,-74.5317,0.0013409920930862428,True
CWNS,,Marlborough (T) Marlboro STP,41.605,-73.9671,0.0014354761838912965,True
CWNS,,Westchester (Co) Yonkers Joint STP,40.909806,-73.8915,5.9791630859375,True
CWNS,,"Orange, (Co) Home & Infirmary STP",41.3906,-74.3398,0.0010735214948654175,True
CWNS,,Margaretville (V) STP (NYCDEP),42.139222,-74.654361,0.0033455681800842285,True
CWNS,,BRISTOL STP,41.66023,-72.92064,0.173173095703125,True
CWNS,,Phillipsburg Town - CS/WWTP,40.67949645,-75.17502817,0.051179447174072266,True
CWNS,,Germantown (T) STP & Sewers,42.13612,-73.88518,0.0008962313532829285,True
CWNS,,LRBSA ARCHBALD STP,41.5134,-75.5424,0.10280047607421874,True
CWNS,,LOWER ALLEN TWP STP,40.2259,-76.8583,0.07891132354736329,True
CWNS,,Beekman (T) Dover Ridge Estates WWTP,41.631944,-73.655556,0.00042909824848175047,True
CWNS,,Poughkeepsie (C) WWTP,41.713814,-73.937575,0.16084004211425781,True
CWNS,,SHENANDOAH SEWAGE TF,40.814722,-76.215,0.019053152084350586,True
CWNS,,DANBURY WPCF,41.404251,-73.41925,0.28918792724609377,True
CWNS,,SIMSBURY WPCF,41.87,-72.8017,0.0357349967956543,True
CWNS,,Wrightstown Borough MUA - CS/STP,40.03796638,-74.61349422,0.0030060999393463133,True
CWNS,,Springfield Sewerage Collection System and WPCF,42.1015,-72.5898,1.603522216796875,True
CWNS,,AMBLER BORO STP,40.1621,-75.2113,0.0702733612060547,True
CWNS,,NORTHEASTERN YORK MT WOLF STP,40.0634,-76.7084,0.02047482109069824,True
CWNS,,North Hempstead (T) Great Neck WPCP,40.7952,-73.7128,0.10454341125488281,True
CWNS,,Westchester (Co)Port Chester SD STP,40.9892,-73.6593,0.10194354248046875,True
CWNS,,Carmel (T) SD #5 STP - Hillsdale,41.3428,-73.7824,0.0005768771171569824,True
CWNS,,Cochecton (T) - Lake Huntington STP,41.64092,-74.96344,0.0015028899908065797,True
CWNS,,Thompson (T) Melody Lake SD STP,41.5945,-74.6703,0.000314990371465683,True
CWNS,,Ringwood Borough - CS/STP,41.078569,-74.260286,0.0034203317165374756,True
CWNS,,Bernards Township SA - CS/STP,40.65722321,-74.57528001,0.033446495056152346,True
CWNS,,Allentown Borough - CS/STP,40.17749943,-74.59669003,0.002212680816650391,True
CWNS,,Oyster Bay (T) Sewer District,40.8753,-73.5279,0.019362913131713868,True
CWNS,,Liberty (T) Loomis WWTP,41.8014,-74.7469,0.001056986689567566,True
CWNS,,GIRARDVILLE AREA MA STP,40.792,-76.2977,0.0016470515727996825,True
CWNS,,Manchester WWTP & Coll. Sys.,39.6574,-76.8806,0.004684441089630127,True
CWNS,,La Grange (T) Titusville SD STP,41.66206997,-73.79661639,0.0037287683486938476,True
CWNS,,HATFIELD TWP STP,40.2785,-75.2551,0.10628207397460937,True
CWNS,,CHESHIRE WPCF,41.5333,-72.8661,0.04029228973388672,True
CWNS,,GROTON CITY WPCF,41.3542,-72.0832,0.026896345138549806,True
CWNS,,NAUGATUCK WPCF,41.473,-73.054,0.05555027389526367,True
CWNS,,"NEW HARTFORD, TOWN OF",41.8684,-72.9579,0.0023479807376861573,True
CWNS,,Stony Brook RSA (Pennington) - STP,40.3359,-74.7804,0.0029084935188293456,True
CWNS,,Ocean Township (Monmouth) SA - CS/STP,40.25801172,-74.00249261,0.12104520416259766,True
CWNS,,Roosevelt Borough - CS/STP,40.21679843,-74.48856208,0.0017272266149520874,True
CWNS,,PINE GROVE STP,40.5544,-76.4113,0.017370750427246093,True
CWNS,,Heritage Village,41.4846,-73.2234,0.008332011222839355,True
CWNS,,AMITY TWP (BERKS) STP,40.2514,-75.726571,0.026635887145996094,True
CWNS,,"Cedarhurst, (V) WWTP & Collection",40.6309,-73.7325,0.010500256538391112,True
CWNS,,Suffolk (Co) SCSD #14 Parkland STP,40.7875,-73.0621,0.014386801719665528,True
CWNS,,Tivoli (V) Sewers & WWTP,42.059466,-73.923359,0.00048773300647735594,True
CWNS,,Ewing Lawrence SA - CS/STP,40.24945983,-74.72383302,0.258516845703125,True
CWNS,,Lambertville City SA - CS/STP,40.35943934,-74.94442506,0.01731165313720703,True
CWNS,,Joint Meeting of Essex & Union - CSO/STP,40.64039588,-74.20184723,2.0919814453125,True
CWNS,,Burlington County STP - Sludge Mgmt,40.07647354,-74.76997279,0.0004897101521492004,True
CWNS,,Harbor View WWTP,39.509074,-75.869522,0.00030470257997512816,True
CWNS,,Rockland County (Co) SD#1 & WWTP,41.0423,-73.9419,1.314051513671875,True
CWNS,,Rockland (T)  Livingston Manor STP,41.9085,-74.831222,0.007724193096160889,True
CWNS,,Ellenville (V) WWTP,41.720611,-74.383028,0.006221827507019043,True
CWNS,,Shawangunk (T)Wallkill SD STP& ISDS,41.632889,-74.189361,0.0051131749153137205,True
CWNS,,ASHLAND BORO,40.7743,-76.2724,0.0018490099906921388,True
CWNS,,MILTON REGIONAL STP,41.0203,-76.8522,0.034786949157714846,True
CWNS,,LRBSA CLINTON TWP STP,41.4482,-75.6333,0.08802841186523437,True
CWNS,,New York (C) - Coney Island WPCP,40.5905,-73.9322,4.1616123046875,True
CWNS,,SPRING MEADOWS WWTP,39.6387,-76.4592,0.000199947789311409,True
CWNS,,Havre de Grace WWTP,39.531389,-76.098611,0.046729557037353514,True
CWNS,,Woodbury (V) Valley Forge SD#1 WWTP,41.355333,-74.096167,0.0005374847054481506,True
CWNS,,DELAWARE CITY STP,39.5769,-75.5848,0.005247029304504394,True
CWNS,,"CHESTER, TOWN OF",41.4027,-72.4533,0.0005004987120628357,True
CWNS,,COVENTRY WPCF,41.75717,-72.26996,0.0015842454433441162,True
CWNS,,FARMINGTON WPCF,41.73,-72.8323,0.08706060028076172,True
CWNS,,MILFORD - HOUSATONIC WPCF,41.2237,-73.1023,0.102365234375,True
CWNS,,STAFFORD WPCF,41.9463,-72.3047,0.0068408665657043455,True
CWNS,,Hightstown Borough - CS/STP,40.27577846,-74.53292277,0.010697122573852538,True
CWNS,,Oxford Township (Oxford WWTF) - CS/STP,40.82097465,-74.98432831,0.0043649601936340335,True
CWNS,,New York (C) - Hunts Point WPCP,40.8014,-73.8796,8.4929560546875,True
CWNS,,ANSONIA WPCF,41.3365,-73.08011,0.05070205307006836,True
CWNS,,Caldwell Borough CS/STP,40.839,-74.3133,0.07062944793701172,True
CWNS,,Camden County MUA - CS-CSO/WWTP,39.922835,-75.127815,2.52273681640625,True
CWNS,,ABERDEEN WWTP,39.5101,-76.1455,0.059441791534423825,True
CWNS,,MYERSTOWN BORO,40.3731,-76.2956,0.015109086990356445,True
CWNS,,Chemung (Co) Elmira SD Milton WWTP,42.0767,-76.7795,0.2512764129638672,True
CWNS,,MANCHESTER WPCF,41.7773,-72.5611,0.11777483367919922,True
CWNS,,Morris Township - Butterworth CS/STP,40.8132,-74.4957,0.02870901107788086,True
CWNS,,Carneys Point Township CS /STP,39.71939599,-75.45645492,0.014498478889465332,True
CWNS,,Mansfield Township (Warren) - CS/STP,40.81829,-74.835,0.017271095275878907,True
CWNS,,Berkeley Heights Township - CS/STP,40.68844264,-74.44062098,0.043958465576171876,True
CWNS,,Hamilton Township (Mercer) WPCF- CS/STP,40.18407669,-74.71091827,0.35298928833007814,True
CWNS,,Hackettstown Town MUA - CS/STP,40.81822763,-74.83512797,0.017271095275878907,True
CWNS,,Ocean County UA Northern WPCF - CS/STP,40.04262,-74.07839,0.6584102172851563,True
CWNS,,Capital Region Water,40.2391,-76.8561,0.2975921630859375,True
CWNS,,GREATER HAZLETON STP,40.9708,-76.0231,0.14494911193847657,True
CWNS,,Jeffersonville (V) - Jefferson. STP,41.765472,-74.941972,0.0008095166683197021,True
CWNS,,Marlborough (T) Milton STP,41.65363,-73.95573,0.0006752213835716247,True
CWNS,,Sussex County MUA - Paulinskill-Branchville CS/STP,41.13478481,-74.7373885,0.0014356602430343629,True
CWNS,,NCSD #3 - Cedar Creek STP,40.652306,-73.506472,2.432665771484375,True
CWNS,,North Hempstead (T) Port Washington WPCD,40.83944,-73.69721,0.05515225601196289,True
CWNS,,Suffolk (Co) SCSD #7 Medford-W. STP,40.7894,-72.9586,0.0037592029571533203,True
CWNS,,"E HADDAM, TOWN OF",41.4504,-72.4591,0.00021800659596920012,True
CWNS,,NEW HAVEN EAST SHORE WPCF,41.2826,-72.9025,0.5077750244140625,True
CWNS,,WINDSOR LOCKS WPCF,41.9118,-72.6307,0.020047998428344725,True
CWNS,,Thompson (T) Sackett Lake SD & WWTP,41.607011,-74.752197,0.004446688175201416,True
CWNS,,Gardiner (T) SD#1 STP,41.680361,-74.159278,0.0005461458563804627,True
CWNS,,Kingston (C) Sewers & WWTP,41.9201,-73.9773,0.07797547912597656,True
CWNS,,Chenango (T) SD #10 Pennview STP,42.1912,-75.9031,0.00028091350197792053,True
CWNS,,New York (C) - Rockaway WPCP,40.5836,-73.8283,1.3317901611328125,True
CWNS,,Cold Spring (V)  WWTP,41.418,-73.9582,0.004043959617614746,True
CWNS,,Warwick (V) WWTP & Collection System,41.254722,-74.372639,0.008139010429382323,True
CWNS,,New Paltz (T) SD #6 STP,41.742111,-74.053889,0.0002394948899745941,True
CWNS,,Clinton Town - CS/STP,40.62626502,-74.91093679,0.025587282180786132,True
CWNS,,Two Rivers Water Reclamation Authority (WRA) - CS/STP,40.33738051,-73.99194915,0.3213873291015625,True
CWNS,,PORT DEPOSIT WWTP,39.599158,-76.108668,0.0009779691100120543,True
CWNS,,Montgomery (T) SD #1 STP,41.4976,-74.253,0.0009668011665344238,True
CWNS,,Deposit (V) STP,42.0573,-75.424,0.003588827133178711,True
CWNS,,Montgomery Township - Skillman Village STP,40.418352125,-74.657762,0.0032497990131378175,True
CWNS,,Winslow Township - Sicklerville STP/CS,39.70051431,-74.95138621,0.028960830688476564,True
CWNS,,WARMINSTER MUN AUTH NAWC WWTP,40.2171,-75.0741,0.04208822631835937,True
CWNS,,Rockaway Valley RSA - CS/STP,40.89618,-74.3926,0.1907746124267578,True
CWNS,,Riverton Borough - CS/STP,40.0146,-75.0109,0.001783944845199585,True
CWNS,,TELFORD BORO AUTH STP,40.3212,-75.339,0.012216680526733399,True
CWNS,,UPPER ALLEN TWP GRANTHAM WWTP,40.1846,-76.9857,0.00463042163848877,True
CWNS,,WEST HAVEN WPCF,41.2673,-72.932,0.18415463256835937,True
CWNS,,Bergen County UA-Little Ferry WPCF - CS/CSO/STP,40.83266671,-74.03232825,2.234181396484375,True
CWNS,,Bordentown SA - Black's Creek CS/WTP,40.13481907,-74.70710761,0.036643531799316405,True
CWNS,,GLASTONBURY WPCF,41.70686,-72.61165,0.04887984466552735,True
CWNS,,Burlington Fish Hatchery,41.768914,-72.954448,0.0008986251354217529,True
CWNS,,North Harford High School WWTP,39.676107,-76.402673,0.00019766889512538909,True
CWNS,,Plumsted Township - CS/STP,40.085931,-74.53684,0.005525421619415283,True
CWNS,,South Centre Twp STP,41.0225,-76.343333,0.0004100656509399414,True
CWNS,,Greenwich Township (Warren) - STP,39.821874,-75.271744,0.0003627494275569916,True
DMR (not used -- CWNS chosen instead),,26TH WARD WATER POLLUTION CONTROL PLANT,40.65492,-73.88111,2.959581298828125,True
DMR (not used -- CWNS chosen instead),,ABBOTTSTOWN-PARADISE STP,39.89252,-76.982726,0.0006482254266738891,True
DMR (not used -- CWNS chosen instead),,ABINGTON REGIONAL WASTEWATER AUTHORITY - CHINCHILLA,41.46751,-75.67005,0.00015711070597171784,True
DMR (not used -- CWNS chosen instead),,ABINGTON WWTP,40.13123,-75.15459,0.0007188917994499207,True
DMR (not used -- CWNS chosen instead),,AC WAGNER YOUTH CORR FAC,40.159193,-74.669646,0.00023214291036128997,True
DMR (not used -- CWNS chosen instead),,ACADEMY OF THE NEW CHURCH STP,40.130459,-75.059604,0.0006794175505638123,True
DMR (not used -- CWNS chosen instead),,ADAMSTOWN STP,40.22794,-76.06702,0.00031179696321487427,True
DMR (not used -- CWNS chosen instead),,ALEXANDRIA MIDDLE SCHOOL,40.570999,-75.013572,0.00011319977790117263,True
DMR (not used -- CWNS chosen instead),,"ALLAMUCHY STP, TOWNSHIP OF",40.913987,-74.863502,0.0053829712867736815,True
DMR (not used -- CWNS chosen instead),,ALLENTOWN STP,40.1774,-74.5963,0.002212680816650391,True
DMR (not used -- CWNS chosen instead),,ALSACE MANOR STP,40.399444,-75.845556,0.00020356467366218568,True
DMR (not used -- CWNS chosen instead),,AMBLER BORO MS4 UA,40.15504,-75.22074,0.0005162882804870605,True
DMR (not used -- CWNS chosen instead),,AMITY TWP WWTP,40.2514,-75.726571,0.026635887145996094,True
DMR (not used -- CWNS chosen instead),,ANNVILLE TWP STP,40.328624,-76.528264,0.00037481555342674255,True
DMR (not used -- CWNS chosen instead),,ANSONIA WATER POLLUTION CONTROL FACILITY,41.33114,-73.08029,0.05070205307006836,True
DMR (not used -- CWNS chosen instead),,ANTIETAM VLY STP,40.330926,-75.873537,0.0005729139447212219,True
DMR (not used -- CWNS chosen instead),,ARARAT TWP WWTP,41.75911,-75.50965,7.107170671224595e-05,True
DMR (not used -- CWNS chosen instead),,ARLINGTON TREATMENT PLANT,41.649,-73.943,0.051723491668701174,True
DMR (not used -- CWNS chosen instead),,ARTHUR STANLICK SCHOOL,40.971314,-74.590636,0.00044355523586273195,True
DMR (not used -- CWNS chosen instead),,ASBURY PARK WATER QUALITY CENTRAL FACILITY,40.227057,-73.99222,0.06770038604736328,True
DMR (not used -- CWNS chosen instead),,ASHLAND AREA WATER AUTHORITY,40.78,-76.338611,9.596472233533859e-05,True
DMR (not used -- CWNS chosen instead),,ATGLEN BOROUGH STP,39.9451,-75.9722,0.0004631762206554413,True
DMR (not used -- CWNS chosen instead),,ATLANTIC BEACH WWTP,40.59134,-73.7412,0.017219982147216796,True
DMR (not used -- CWNS chosen instead),,AVONDALE BORO STP,39.82291,-75.78563,0.0004121620953083038,True
DMR (not used -- CWNS chosen instead),,BALLY STP,40.39986,-75.58037,0.0016221095323562622,True
DMR (not used -- CWNS chosen instead),,BANGOR WASTEWATER TREATMENT  P,40.854257,-75.203577,0.018250041961669922,True
DMR (not used -- CWNS chosen instead),,BATH BORO AUTH,40.722227,-75.394058,0.0004021410048007965,True
DMR (not used -- CWNS chosen instead),,BAY PARK SEWAGE TREATMENT PLANT,40.632278,-73.663111,2.008368408203125,True
DMR (not used -- CWNS chosen instead),,BAYSHORE REGIONAL SEWER AUTHORITY,40.4403,-74.191057,9.310498088598251e-05,True
DMR (not used -- CWNS chosen instead),,BEACON FALLS WATER POLLUTION CONTROL FAC,41.431611,-73.071061,0.0003250390887260437,True
DMR (not used -- CWNS chosen instead),,BEAVER MEADOWS MUNICIPAL AUTHORITY,40.9301,-75.9008,0.0001015191674232483,True
DMR (not used -- CWNS chosen instead),,BEDMINSTER STP,40.394175,-75.207388,0.0002252265065908432,True
DMR (not used -- CWNS chosen instead),,BELGRAVE WPCP,40.777778,-73.745556,0.025485994338989258,True
DMR (not used -- CWNS chosen instead),,BENTON MWSA WWTP,41.191194,-76.386608,0.000280444860458374,True
DMR (not used -- CWNS chosen instead),,BERGEN COUNTY UTILITIES AUTHORITY,40.81476,-73.98306,0.08881407165527344,True
DMR (not used -- CWNS chosen instead),,BERGEN POINT STP & BERGEN AVE DOCK,40.674306,-73.342389,0.0004459364116191864,True
DMR (not used -- CWNS chosen instead),,BERKELEY HEIGHTS WPCF,40.689407,-74.441069,0.043958465576171876,True
DMR (not used -- CWNS chosen instead),,BERKS-MONTGOMERY MORYSVILLE STP,40.321207,-75.650742,0.00029673558473587036,True
DMR (not used -- CWNS chosen instead),,BERNARDSVILLE BORO,40.713771,-74.57877,0.004839334964752197,True
DMR (not used -- CWNS chosen instead),,BERNVILLE STP,40.42281,-76.24688,7.40518793463707e-05,True
DMR (not used -- CWNS chosen instead),,BERRY BROW WWTP,40.30362,-75.247945,0.00022944732010364533,True
DMR (not used -- CWNS chosen instead),,BERRYSBURG STP,40.599789,-76.815078,0.00019888004660606384,True
DMR (not used -- CWNS chosen instead),,BERWICK AREA JT SEW AUTH,41.04243,-76.26222,0.00044212821125984194,True
DMR (not used -- CWNS chosen instead),,BETHEL KAUNEONGA LAKE STP,41.687806,-74.824556,0.005579403877258301,True
DMR (not used -- CWNS chosen instead),,BEVERLY SEWERAGE AUTHORITY,40.0678,-74.92367,0.010598814964294434,True
DMR (not used -- CWNS chosen instead),,BINGHAMTON (C) CSO'S,42.09713,-75.91208,0.0002528860867023468,True
DMR (not used -- CWNS chosen instead),,BINGHAMTON-JOHNSON (C) JNT STP,42.098056,-75.963333,0.00037881967425346374,True
DMR (not used -- CWNS chosen instead),,BIRDSBORO STP,40.26668,-75.7964,0.0003950320482254028,True
DMR (not used -- CWNS chosen instead),,BLACKBERRY HILL SAN SD STP,41.40937,-73.60972,0.00042890962958335875,True
DMR (not used -- CWNS chosen instead),,BLIND BROOK SD WWTP,40.96475,-73.690778,0.08140900421142579,True
DMR (not used -- CWNS chosen instead),,BLOOMING GROVE TAPPAN HOMES SD,41.406472,-74.188861,0.0007595525979995727,True
DMR (not used -- CWNS chosen instead),,BLOOMINGBURG (V) WWTP,41.553917,-74.432611,0.0027107722759246826,True
DMR (not used -- CWNS chosen instead),,BLOOMSBURG STP,40.985131,-76.459322,0.00020219776034355165,True
DMR (not used -- CWNS chosen instead),,BLYTH TWP. MUN AUT WTP STP,40.746111,-76.133889,8.584302663803101e-05,True
DMR (not used -- CWNS chosen instead),,BOICEVILLE WWTP,42.003278,-74.267028,0.0005632550716400147,True
DMR (not used -- CWNS chosen instead),,BORDENTOWN SEWERAGE AUTHORITY,40.13642,-74.70424,0.036643531799316405,True
DMR (not used -- CWNS chosen instead),,BORO OF CATAWISSA,40.9512,-76.4663,0.0003928605020046234,True
DMR (not used -- CWNS chosen instead),,BOROUGH OF PALMERTON,40.797227,-75.605177,7.4784517288208e-05,True
DMR (not used -- CWNS chosen instead),,BOWMANSTOWN BORO STP,40.804137,-75.670777,0.00021251086890697478,True
DMR (not used -- CWNS chosen instead),,BOYERTOWN BORO STP,40.32922,-75.61343,0.0005614855289459229,True
DMR (not used -- CWNS chosen instead),,BRADY TWP SEW SYS,41.17885,-76.94954,0.00019834259152412415,True
DMR (not used -- CWNS chosen instead),,BRANFORD WATER POLLUTION CONTROL FACILITY,41.263575,-72.805216,0.06138095474243164,True
DMR (not used -- CWNS chosen instead),,BREWSTER (V) STP,41.392194,-73.6185,0.00044712194800376894,True
DMR (not used -- CWNS chosen instead),,BRIAR CREEK PARK STP,41.065837,-76.280197,7.125744223594666e-05,True
DMR (not used -- CWNS chosen instead),,BRIDGEPORT BORO STP,40.102234,-75.325448,0.1406954345703125,True
DMR (not used -- CWNS chosen instead),,BRISTOL BOROUGH WPC PLANT,40.086825,-74.862687,0.0002215515822172165,True
DMR (not used -- CWNS chosen instead),,BRISTOL TOWNSHIP WASTEWATER TREATMENT PLANT,40.083443,-74.891277,0.000472326785326004,True
DMR (not used -- CWNS chosen instead),,BRISTOL WATER RECLAMATION FACILITY,41.66049,-72.9197,0.00042836210131645203,True
DMR (not used -- CWNS chosen instead),,BRODHEAD CREEK REGIONAL AUTHORITY WWTP,40.98778,-75.185717,0.000376340925693512,True
DMR (not used -- CWNS chosen instead),,BROOKHAVEN BORO STP,39.863486,-75.393842,0.0005628652572631836,True
DMR (not used -- CWNS chosen instead),,BROWNSTOWN WWTP,40.130113,-76.198122,0.00023638510704040527,True
DMR (not used -- CWNS chosen instead),,BUCHANAN (V) WWTP,41.272528,-73.941556,0.00013514697551727294,True
DMR (not used -- CWNS chosen instead),,BUCKINGHAM VILLAGE WWTP,40.3271,-75.0641,0.00048151427507400513,True
DMR (not used -- CWNS chosen instead),,BUENA BOROUGH MUA CS-SEPTICS,39.522977,-74.922087,0.003350321292877197,True
DMR (not used -- CWNS chosen instead),,BURLINGTON CITY STP,40.079611,-74.871943,0.08615587615966797,True
DMR (not used -- CWNS chosen instead),,BURLINGTON TWP DPW,40.071944,-74.87636,0.08615587615966797,True
DMR (not used -- CWNS chosen instead),,BUTLER TWP - ST JOHNS STP,41.024448,-76.008799,0.00037199380993843076,True
DMR (not used -- CWNS chosen instead),,BUTLER TWP MUNICIPAL AUTHORITY - WWTP,40.762672,-76.338817,0.00025070720911026,True
DMR (not used -- CWNS chosen instead),,BUTTERWORTH WATER POLLUTION CONTROL UTILITY,40.812433,-74.494711,0.02870901107788086,True
DMR (not used -- CWNS chosen instead),,CAERNARVON TWP STP,40.138069,-75.882133,9.859801828861237e-05,True
DMR (not used -- CWNS chosen instead),,CALDWELL BORO MUA CALDWELL WWTP,40.83853,-74.31012,0.07062944793701172,True
DMR (not used -- CWNS chosen instead),,CALVERTON ENTERPRISE PARK,40.92345,-72.65497,0.0009206779003143311,True
DMR (not used -- CWNS chosen instead),,CANAAN FIRE DISTRICT,42.03,-73.338306,0.0004150548875331879,True
DMR (not used -- CWNS chosen instead),,CANTON BORO AUTH SEW SYS & STP,41.65139,-76.8466,0.00040430501103401185,True
DMR (not used -- CWNS chosen instead),,CANTON WPCF,41.81764,-72.92158,0.006319828510284424,True
DMR (not used -- CWNS chosen instead),,CARMEL (T) SD NO.4 STP,41.383722,-73.792528,0.0003250367045402527,True
DMR (not used -- CWNS chosen instead),,CARMEL HILLSDALE ESTATES STP,41.342833,-73.782389,0.0005768771171569824,True
DMR (not used -- CWNS chosen instead),,CARMEL SEWER DISTRICT #2 WWTP,41.416083,-73.669778,0.011987259864807129,True
DMR (not used -- CWNS chosen instead),,CARNEYS POINT STP,39.712808,-75.475752,0.00028827619552612303,True
DMR (not used -- CWNS chosen instead),,CATASAQUA MUN SEW AUTH,40.65367,-75.47423,0.00047503343224525454,True
DMR (not used -- CWNS chosen instead),,CATSKILL - T SD 4,42.132722,-73.918333,0.0002351611703634262,True
DMR (not used -- CWNS chosen instead),,CECO UTILITIES WWTP,39.650852,-75.846302,0.00038792955875396727,True
DMR (not used -- CWNS chosen instead),,CEDAR CREEK WPCP,40.652306,-73.506472,2.432665771484375,True
DMR (not used -- CWNS chosen instead),,CEDAR GROVE TWP MUA STP,40.864967,-74.223859,0.025588722229003907,True
DMR (not used -- CWNS chosen instead),,CEDARHURST (V) WPCP,40.630944,-73.732472,0.010500256538391112,True
DMR (not used -- CWNS chosen instead),,CENTERPORT STP,40.481192,-75.999948,0.00013383091986179352,True
DMR (not used -- CWNS chosen instead),,CENTRAL CARBON MUN. AUTH. WWTP,40.83335,-75.7067,0.0003828977942466736,True
DMR (not used -- CWNS chosen instead),,CENTRE TWP DAUBERVILLE STP,40.462023,-75.979947,0.00025836485624313355,True
DMR (not used -- CWNS chosen instead),,CENTRE TWP KINGSGATE E STP,40.467778,-76.051111,0.00011954043060541153,True
DMR (not used -- CWNS chosen instead),,CENTRE TWP MA-HILLCREST ESTATES STP,40.44311,-76.01013,0.00012502872943878174,True
DMR (not used -- CWNS chosen instead),,CHALFONT-NEW BRITAIN TOWNSHIP JT SEWAGE AUTHORITY,40.29013,-75.17797,0.0005532395243644714,True
DMR (not used -- CWNS chosen instead),,CHAPEL HILL ESTATES STP,41.03666,-74.226766,0.0009780921936035157,True
DMR (not used -- CWNS chosen instead),,CHATHAM TWP DPW MAIN STP WATER POLLUTION CONTROL PLANT,40.72049,-74.418236,0.012958583831787109,True
DMR (not used -- CWNS chosen instead),,CHELSEA COVE WTP,41.61291,-73.74954,0.0009376206398010254,True
DMR (not used -- CWNS chosen instead),,CHEMUNG CO ELMIRA SEWER DISTRICT WWTP,42.07685,-76.77893,0.2512764129638672,True
DMR (not used -- CWNS chosen instead),,CHEMUNG CO ELMIRA SWR DIST BAKER RD WWTP,42.004079,-76.622247,0.00036567318439483643,True
DMR (not used -- CWNS chosen instead),,CHEMUNG CO SD#1 STP,42.120594,-76.807708,0.00021743154525756837,True
DMR (not used -- CWNS chosen instead),,CHENANGO NORTHGATE WWTP,42.157889,-75.891722,0.008099557876586914,True
DMR (not used -- CWNS chosen instead),,CHERRY HILL WWTP,39.66244,-75.85661,0.003306766510009766,True
DMR (not used -- CWNS chosen instead),,CHESAPEAKE CITY NORTH STP,39.528148,-75.813575,0.00020965075492858888,True
DMR (not used -- CWNS chosen instead),,CHESAPEAKE CITY NORTH WWTP,39.532381,-75.816543,0.0004607226252555847,True
DMR (not used -- CWNS chosen instead),,"CHESIRE,WATER POLLUTION CONTROL FACILITY",41.53378,-72.86655,0.04029228973388672,True
DMR (not used -- CWNS chosen instead),,CHICOPEE WATER POLLUTION CONTROL,42.15376,-72.62166,0.34919940185546877,True
DMR (not used -- CWNS chosen instead),,CHRISTIANA BORO WWTF,39.947606,-75.99094,0.00019054368138313294,True
DMR (not used -- CWNS chosen instead),,CINNAMINSON TWP SEWERAGE AUTH,40.01453,-75.00622,0.0003297879099845886,True
DMR (not used -- CWNS chosen instead),,CITY OF ALLENTOWN WASTEWATER TREATMENT PLANT,40.60525,-75.45747,0.7263092651367188,True
DMR (not used -- CWNS chosen instead),,CITY OF BEACON WASTEWATER TREATMENT FACILITY,41.49434,-73.98171,0.033721530914306644,True
DMR (not used -- CWNS chosen instead),,CITY OF BETHLEHEM WASTEWATER TREATMENT PLANT,40.618333,-75.333639,0.00023164789378643036,True
DMR (not used -- CWNS chosen instead),,CITY OF BETHLEHEM WATER TREATMENT PLANT,40.74359,-75.49889,0.00035613805055618287,True
DMR (not used -- CWNS chosen instead),,CITY OF LANCASTER WASTEWATER TREATMENT PLANT,40.016667,-76.305556,0.691822998046875,True
DMR (not used -- CWNS chosen instead),,CITY OF POUGHKEEPSIE WATER POLLUTION CONTROL PLANT,41.713814,-73.937575,0.16084004211425781,True
DMR (not used -- CWNS chosen instead),,CITY OF WATERBURY WPCF,41.52161,-73.04427,0.6063369750976563,True
DMR (not used -- CWNS chosen instead),,CITY OF WEST HAVEN WATER POLLUTION CONTROL FAC.,41.267212,-72.932031,0.18415463256835937,True
DMR (not used -- CWNS chosen instead),,CITY OF WILMINGTON WATER POLLUTION CONTROL FAC.,39.72954,-75.504334,3.158648193359375,True
DMR (not used -- CWNS chosen instead),,CLAY TWP - HOPELAND STP,40.23437,-76.2539,0.0002760573923587799,True
DMR (not used -- CWNS chosen instead),,CLINTON TOWN  WWTP,40.65334,-74.81611,0.00033390936255455015,True
DMR (not used -- CWNS chosen instead),,CLINTON TWP BD OF ED ROUND VALLEY SCHOOL,40.65774,-74.83311,0.0003840300738811493,True
DMR (not used -- CWNS chosen instead),,CLOVERHILL STP,40.816249,-74.711012,0.004471245765686035,True
DMR (not used -- CWNS chosen instead),,COALDALE LANSFORD SUMMIT HLL SEW,40.814886,-75.928376,0.01960525131225586,True
DMR (not used -- CWNS chosen instead),,COLD SPRING (V) WWTP,41.421278,-73.964028,0.00014415280520915986,True
DMR (not used -- CWNS chosen instead),,COLONIAL FURNITURE,40.76423,-76.93467,0.0002806686162948608,True
DMR (not used -- CWNS chosen instead),,COLUMBIA MUNICIPAL AUTHORITY WWTF,40.025184,-76.498182,0.0002213466614484787,True
DMR (not used -- CWNS chosen instead),,CONCORD TWP CENTRAL STP,39.890015,-75.5024,0.0006793751120567321,True
DMR (not used -- CWNS chosen instead),,CONESTOGA TWP COLEMANVILLE STP,39.899462,-76.344371,0.00012975597381591797,True
DMR (not used -- CWNS chosen instead),,CONESTOGA WATER TREATMENT PLANT,40.049722,-76.274444,0.0005715423226356506,True
DMR (not used -- CWNS chosen instead),,CONEWAGO TWP STP,40.07127,-76.75198,0.00020358675718307496,True
DMR (not used -- CWNS chosen instead),,CONEY ISLAND WATER POLLUTION CONTROL PLANT,40.589682,-73.933184,4.2462289333343506e-05,True
DMR (not used -- CWNS chosen instead),,CONOY TWP BAINBRIDGE STP,40.085556,-76.661861,0.00040165042877197266,True
DMR (not used -- CWNS chosen instead),,CONOY TWP FALMOUTH STP,40.12125,-76.710556,0.00022731664776802062,True
DMR (not used -- CWNS chosen instead),,CONSHOHOCKEN BORO AUTH,40.07356,-75.29508,0.04144845199584961,True
DMR (not used -- CWNS chosen instead),,CONSOLIDATED KIAMESHA SEWER DISTRICT,41.660944,-74.657472,0.0004665345251560211,True
DMR (not used -- CWNS chosen instead),,CONTINENTAL VILLA LOCUST VLY,40.905417,-73.585889,0.0004361334443092346,True
DMR (not used -- CWNS chosen instead),,CONYNGHAM BORO AUTH WWTP,41.00403,-76.07599,0.0002444077730178833,True
DMR (not used -- CWNS chosen instead),,CORNWALL (T) FIRTHCLIFF STP,41.450667,-74.046917,0.0003292447328567505,True
DMR (not used -- CWNS chosen instead),,CORNWALL (T) WWTP,41.45254,-74.02087,0.028149486541748047,True
DMR (not used -- CWNS chosen instead),,COUNTRY CLUB ESTATES SD,41.640778,-73.917139,0.0009272075295448303,True
DMR (not used -- CWNS chosen instead),,COUNTRY CROSSING STP,40.22193,-75.07391,0.00047394564747810366,True
DMR (not used -- CWNS chosen instead),,COUNTRY MANOR STP,41.355194,-73.738,0.0007922359704971313,True
DMR (not used -- CWNS chosen instead),,COUNTY OF BERKS WWTP,40.375,-76.012222,0.00022167788445949554,True
DMR (not used -- CWNS chosen instead),,COVINGTON TWP SEWER AUTH,41.3283,-75.5122,0.00025962254405021665,True
DMR (not used -- CWNS chosen instead),,CRAWFORD PINE BUSH STP,41.619444,-74.290194,0.002584072828292847,True
DMR (not used -- CWNS chosen instead),,CRESSONA BORO AUTH STP,40.632028,-76.193464,0.0003138010501861572,True
DMR (not used -- CWNS chosen instead),,CRYSTAL RUN WTP,40.6975,-76.318056,2.320931665599346e-05,True
DMR (not used -- CWNS chosen instead),,CTL WAYNE REG AUTH,41.55411,-75.24426,0.00034583017230033875,True
DMR (not used -- CWNS chosen instead),,DALTON BORO STP,41.550556,-75.749722,0.00020472380518913268,True
DMR (not used -- CWNS chosen instead),,DALTON FARMS WWTP,41.61277,-73.70093,0.001886236548423767,True
DMR (not used -- CWNS chosen instead),,DANBURY WATER POLLUTION CONTROL FACILITY,41.402711,-73.418112,0.28918792724609377,True
DMR (not used -- CWNS chosen instead),,DANVILLE BORO STP,40.962587,-76.624956,0.0003353078067302704,True
DMR (not used -- CWNS chosen instead),,DAUPHIN STP,40.364722,-76.934444,0.00016151048243045807,True
DMR (not used -- CWNS chosen instead),,DAVIDSON TWP SEWER AUTH,41.3525,-76.553611,0.00018793708086013795,True
DMR (not used -- CWNS chosen instead),,DEEP RIVER WATER POLLUTION CONTROL FACILITY,41.39948,-72.43515,0.00039152655005455014,True
DMR (not used -- CWNS chosen instead),,DEEP RUN STP,40.39351,-75.20713,0.0002252265065908432,True
DMR (not used -- CWNS chosen instead),,DEL WATER GAP WWTP,40.985279,-75.142937,0.00032757753133773803,True
DMR (not used -- CWNS chosen instead),,DELAWARE #1 WATER POLLUTION CONTROL FACILITY,39.922835,-75.127815,2.52273681640625,True
DMR (not used -- CWNS chosen instead),,DELAWARE (T)-CALLICOON SD#1,41.764361,-75.054722,0.0009635604023933411,True
DMR (not used -- CWNS chosen instead),,DELAWARE CITY WASTEWATER TREATMENT PLANT,39.576945,-75.584786,0.005247029304504394,True
DMR (not used -- CWNS chosen instead),,DELAWARE TOWNSHIP MUA,40.441493,-74.949918,0.0029131441116333006,True
DMR (not used -- CWNS chosen instead),,DELCORA-WESTERN REGIONAL TREATMENT PLANT,39.82553,-75.39399,0.16811103820800782,True
DMR (not used -- CWNS chosen instead),,DELRAN SEWERAGE AUTHORITY,40.038872,-74.975641,0.032994667053222654,True
DMR (not used -- CWNS chosen instead),,DELTA BORO STP,39.726667,-76.330685,0.00034767067432403564,True
DMR (not used -- CWNS chosen instead),,DEPOSIT (V) WPCP,42.05725,-75.424,0.003588827133178711,True
DMR (not used -- CWNS chosen instead),,DERBY WATER POLLUTION CONTROL FACILITY,41.315435,-73.086202,0.014180021286010742,True
DMR (not used -- CWNS chosen instead),,DERRY TWP CLEARWATER STP,40.2837,-76.68368,0.0003848991394042969,True
DMR (not used -- CWNS chosen instead),,DILLON FARMS WWTP,41.655639,-74.710306,0.00016670350730419158,True
DMR (not used -- CWNS chosen instead),,DOVER BORO STP,40.00546,-76.85014,0.00046140959858894347,True
DMR (not used -- CWNS chosen instead),,DOVER RIDGE ESTATES STP,41.631944,-73.655556,0.00042909824848175047,True
DMR (not used -- CWNS chosen instead),,DOVER TWP WATER SYS-ADMIRE BOOSTER CL,39.996561,-76.85481,0.060209980010986326,True
DMR (not used -- CWNS chosen instead),,DOWNINGTOWN RWPCC,39.99715,-75.7016,0.11136074829101562,True
DMR (not used -- CWNS chosen instead),,DUBLIN BORO STP,40.39178,-75.19091,0.00010267849266529083,True
DMR (not used -- CWNS chosen instead),,DUSHORE SEW AUTH WWTP,41.521743,-76.404386,0.00020933830738067627,True
DMR (not used -- CWNS chosen instead),,E BANGOR MUN AUTHORITY,40.877194,-75.194306,0.0003734486699104309,True
DMR (not used -- CWNS chosen instead),,EAGLES MERE BORO AUTH SEWER SYS AND WWTPS,41.4073,-76.575505,0.0001886802762746811,True
DMR (not used -- CWNS chosen instead),,EARL TWP STP,40.077404,-76.098668,0.0002785477042198181,True
DMR (not used -- CWNS chosen instead),,EAST BERLIN AREA JT AUTH - STP,39.942778,-76.977778,0.00025107279419898986,True
DMR (not used -- CWNS chosen instead),,EAST HADDAM WATER POLLUTION CONTROL FACILITY,41.4504,-72.45851,0.00021800659596920012,True
DMR (not used -- CWNS chosen instead),,EAST HAMPTON WATER POLLUTION CONTROL FACILITY,41.564191,-72.546421,0.04796508026123047,True
DMR (not used -- CWNS chosen instead),,EAST HANOVER TWP DAIRY LN STP,40.36231,-76.68147,0.00020161159336566924,True
DMR (not used -- CWNS chosen instead),,EAST HARTFORD WATER POLLUTION CONTROL FACILITY,41.76381,-72.64901,0.000309710830450058,True
DMR (not used -- CWNS chosen instead),,EAST PENNSBORO STP,40.270922,-76.918864,0.0002368536740541458,True
DMR (not used -- CWNS chosen instead),,EAST ROCKHILL TOWNSHIP WWTP,40.372,-75.27865,0.000510164201259613,True
DMR (not used -- CWNS chosen instead),,EAST STROUDSBURG WASTEWATER PLANT,40.986389,-75.180278,0.000376340925693512,True
DMR (not used -- CWNS chosen instead),,EAST UNION TWP AUTH,40.894044,-76.116638,0.00016178812086582183,True
DMR (not used -- CWNS chosen instead),,EAST WINDSOR WATER POLLUTION CONTROL FACILITY,41.919039,-72.619763,0.000423835426568985,True
DMR (not used -- CWNS chosen instead),,EAST WINDSOR WATER POLLUTION CONTROL PLANT,40.294644,-74.562479,0.00010175361484289169,True
DMR (not used -- CWNS chosen instead),,EASTERN SNYDER CNTY REGIONAL AUTH STP,40.777039,-76.859418,6.782136857509613e-05,True
DMR (not used -- CWNS chosen instead),,EASTON AREA JOINT SEWER AUTHORITY WPCF,40.679449,-75.192941,0.0004369121193885803,True
DMR (not used -- CWNS chosen instead),,EASTSIDE WATER POLLUTION CONTROL FACILITY,41.17299,-73.171325,0.14137480163574218,True
DMR (not used -- CWNS chosen instead),,ELIZABETHTOWN STP,40.128984,-76.624412,0.00023146748542785645,True
DMR (not used -- CWNS chosen instead),,ELIZABETHVILLE STP,40.560567,-76.813828,0.00014039580523967743,True
DMR (not used -- CWNS chosen instead),,ELLENVILLE (V) STP,41.720611,-74.383028,0.006221827507019043,True
DMR (not used -- CWNS chosen instead),,ELMHURST TOWNSHIP SEWER AUTH,41.37743,-75.54464,0.00042757296562194826,True
DMR (not used -- CWNS chosen instead),,ELMWOOD WTP,39.890401,-74.881417,0.028280786514282227,True
DMR (not used -- CWNS chosen instead),,ELVERSON BORO MUNI AUTH STP,40.15935,-75.83339,0.00040235966444015505,True
DMR (not used -- CWNS chosen instead),,EMERALD GREEN-LAKE LOUISE MARIE S&W DIST,41.619028,-74.589139,0.00040482038259506226,True
DMR (not used -- CWNS chosen instead),,ENFIELD WATER POLLUTION CONTROL FACILITY,41.97198,-72.60554,0.00038644585013389586,True
DMR (not used -- CWNS chosen instead),,ENPWJSA WWTP,40.1076,-75.32525,0.1406954345703125,True
DMR (not used -- CWNS chosen instead),,EPHRATA REG 2 STP,40.19715,-76.16088,0.0005170968770980835,True
DMR (not used -- CWNS chosen instead),,EPHRATA STP,40.175181,-76.196726,0.00042832118272781374,True
DMR (not used -- CWNS chosen instead),,ESSEX & UNION CNTY JOINT MEETING STP,40.639537,-74.200357,0.0001056179404258728,True
DMR (not used -- CWNS chosen instead),,EUREKA WWTP,40.23619,-75.1929,0.0005665944218635559,True
DMR (not used -- CWNS chosen instead),,EWING LAWRENCE SEWER AUTH,40.24808,-74.72687,0.258516845703125,True
DMR (not used -- CWNS chosen instead),,FACTORYVILLE WWTP,41.5634,-75.796,0.00016087545454502106,True
DMR (not used -- CWNS chosen instead),,FAIRFIELD WATER POLLUTION CONTROL FACILITY,41.126264,-73.245169,8.700507879257202e-05,True
DMR (not used -- CWNS chosen instead),,FARMINGTON WPCF,41.728989,-72.828711,0.0007083919048309326,True
DMR (not used -- CWNS chosen instead),,FIELDSBORO BORO SEWER DEPT WWTP,40.134251,-74.727761,0.00040931835770606994,True
DMR (not used -- CWNS chosen instead),,FISH CREEK STP,40.268882,-75.090103,0.000537733256816864,True
DMR (not used -- CWNS chosen instead),,FISHKILL (V) STP,41.531972,-73.9025,0.004275648117065429,True
DMR (not used -- CWNS chosen instead),,FLEETWOOD BORO STP,40.451121,-75.836852,0.0005284919738769531,True
DMR (not used -- CWNS chosen instead),,FLEETWOOD MANOR SD WWTP,41.5585,-73.915806,0.0007309281826019287,True
DMR (not used -- CWNS chosen instead),,FLEISCHMANNS (V) WWTF,42.15659,-74.52904,0.0008873083591461182,True
DMR (not used -- CWNS chosen instead),,FLORENCE TWP DPW SEWER AUTH STP,40.118583,-74.824302,0.028565637588500975,True
DMR (not used -- CWNS chosen instead),,FLORHAM PARK WATER POLLUTION CONTROL FACILITY,40.783656,-74.368568,0.015952791213989258,True
DMR (not used -- CWNS chosen instead),,FLORIDA (V) STP,41.339333,-74.361917,0.0041652765274047855,True
DMR (not used -- CWNS chosen instead),,FOUR CORNERS SD WWTP,41.5928,-73.73974,0.0009894635081291198,True
DMR (not used -- CWNS chosen instead),,FRACKVILLE AREA MUN AUTH,40.78604,-76.23147,0.016142148971557618,True
DMR (not used -- CWNS chosen instead),,FREELAND BORO MUN AUTH,41.027306,-75.893532,0.0002683319747447968,True
DMR (not used -- CWNS chosen instead),,FRENCHTOWN WASTEWATER TREATMENT PLANT,40.517297,-75.063644,0.0010006195306777954,True
DMR (not used -- CWNS chosen instead),,GARDINER SD#1 STP,41.680361,-74.159278,0.0005461458563804627,True
DMR (not used -- CWNS chosen instead),,GEORGETOWN AREA STP,39.9256,-76.08323,0.00014259912073612214,True
DMR (not used -- CWNS chosen instead),,GERMANTOWN WWTP,42.13612,-73.88518,0.0008962313532829285,True
DMR (not used -- CWNS chosen instead),,GIRARDVILLE AREA MUN AUTH,40.791951,-76.297699,0.0016470515727996825,True
DMR (not used -- CWNS chosen instead),,GLASCO SEWER DISTRICT WWTP,42.03999,-73.94173,0.0036282896995544433,True
DMR (not used -- CWNS chosen instead),,GLASTONBURY WATER POLLUTION CONTROL FACILITY,41.706929,-72.614795,0.04887984466552735,True
DMR (not used -- CWNS chosen instead),,GLEN COVE WASTEWATER TREATMENT FACILITY,40.858722,-73.641667,0.1471458740234375,True
DMR (not used -- CWNS chosen instead),,GLEN ROCK STP,39.7982,-76.73638,0.0005465513467788697,True
DMR (not used -- CWNS chosen instead),,GLENWOOD HILLS SD,41.385,-74.13975,0.0002772857546806335,True
DMR (not used -- CWNS chosen instead),,GLOUCESTER CNTY UTIL AUTH,39.852891,-75.22521,3.0048388987779617e-05,True
DMR (not used -- CWNS chosen instead),,GOOSE CREEK WASTEWATER TREATMENT PLANT,39.94962,-75.58394,0.0005776488780975342,True
DMR (not used -- CWNS chosen instead),,GOSHEN (V) WWTF,41.401833,-74.353083,0.014941534996032714,True
DMR (not used -- CWNS chosen instead),,GR HAZLETON JT SEW AUTH WWTP,40.970838,-76.022411,0.14494911193847657,True
DMR (not used -- CWNS chosen instead),,GRATZ BORO STP,40.6065,-76.7119,0.0001980215013027191,True
DMR (not used -- CWNS chosen instead),,GREAT BARRINGTON W W T F,42.18994,-73.35709,0.013341998100280762,True
DMR (not used -- CWNS chosen instead),,GREAT BARRINGTON WASTEWATER TREATMENT FACILITY,42.189428,-73.358982,0.013341998100280762,True
DMR (not used -- CWNS chosen instead),,GREAT NECK (V) WPCP,40.797539,-73.713261,0.10454341125488281,True
DMR (not used -- CWNS chosen instead),,GREATER NEW HAVEN WPCA,41.282563,-72.902505,0.5077750244140625,True
DMR (not used -- CWNS chosen instead),,GREEN LANE - MARLBORO STP,40.338989,-75.473234,0.00024186769127845765,True
DMR (not used -- CWNS chosen instead),,GREEN STREET STP,40.300287,-75.122386,0.0007088352441787719,True
DMR (not used -- CWNS chosen instead),,GREENFIELD TWP SEW AUTH,41.637497,-75.552392,0.00021647365391254424,True
DMR (not used -- CWNS chosen instead),,GREENFIELDS SEWER SYSTEM-PART COUNTY SD#8,41.76751,-73.87861,0.0008176473379135132,True
DMR (not used -- CWNS chosen instead),,GREENPORT POWER PLANT,41.108361,-72.38575,0.00018429334461688996,True
DMR (not used -- CWNS chosen instead),,GREENWICH TWP STP,39.830446,-75.284519,0.010218729019165039,True
DMR (not used -- CWNS chosen instead),,GREENWICH WPCF,41.013329,-73.624833,0.0005199183821678161,True
DMR (not used -- CWNS chosen instead),,GREENWOOD TWP MUNI AUTH SEW SYS STP,41.129722,-76.423889,0.00015226025879383088,True
DMR (not used -- CWNS chosen instead),,GREYSTONE PARK PSYCH HOSPITAL,40.826933,-74.494989,0.0007139295935630798,True
DMR (not used -- CWNS chosen instead),,GROTON WATER POLLUTION CONTROL FACILITY,41.35403,-72.08316,0.026896345138549806,True
DMR (not used -- CWNS chosen instead),,GROTON WPCF,41.33687,-72.02011,0.00016214734315872192,True
DMR (not used -- CWNS chosen instead),,HACKETTSTOWN MUA,40.81843,-74.83095,0.017271095275878907,True
DMR (not used -- CWNS chosen instead),,HALIFAX STP,40.4657,-76.93539,0.0010787100791931153,True
DMR (not used -- CWNS chosen instead),,HALLSTEAD GREAT BEND JT SEW AUTH,41.971938,-75.748785,0.0004692004919052124,True
DMR (not used -- CWNS chosen instead),,HAMBURG BORO STP,40.551944,-75.991944,0.0003922661542892456,True
DMR (not used -- CWNS chosen instead),,HAMILTON TWP DEPT WATER POLLUTION CONTROL,40.183063,-74.710695,0.35298928833007814,True
DMR (not used -- CWNS chosen instead),,HAMMONTON WWTP,39.633173,-74.76719,0.014507489204406738,True
DMR (not used -- CWNS chosen instead),,HAMPDEN TWP ROTH LANE STP,40.27425,-76.977113,0.00052153480052948,True
DMR (not used -- CWNS chosen instead),,HAMPSTEAD WWTP,39.597289,-76.837256,0.008073851585388184,True
DMR (not used -- CWNS chosen instead),,HANCOCK (V) WWTP,41.935278,-75.277639,0.0029306550025939944,True
DMR (not used -- CWNS chosen instead),,HANCOCKS BRIDGE STP,39.507057,-75.463615,0.0,False
DMR (not used -- CWNS chosen instead),,HANOVER TWP SEWER AUTH STP,40.822285,-74.389945,0.00040913718938827515,True
DMR (not used -- CWNS chosen instead),,HARBOR VIEW WWTP,39.5137,-75.87158,2.4757197126746177e-05,True
DMR (not used -- CWNS chosen instead),,HARFORD TWP WWTP,41.78276,-75.68545,0.00033013707399368286,True
DMR (not used -- CWNS chosen instead),,HARLEYSVILLE STP,40.285381,-75.391287,0.0006893534660339356,True
DMR (not used -- CWNS chosen instead),,HARRISBURG ADVANCED WASTEWATER TREATMENT FACILITY,40.239078,-76.856111,0.2975921630859375,True
DMR (not used -- CWNS chosen instead),,HARRISON BROOK STP,40.6561,-74.5744,0.033446495056152346,True
DMR (not used -- CWNS chosen instead),,HARRISON TOWNSHIP TREATMENT PL,39.738391,-75.2316,0.008152134895324707,True
DMR (not used -- CWNS chosen instead),,HARVEY AVENUE STP,40.313342,-75.136267,0.008760952949523925,True
DMR (not used -- CWNS chosen instead),,HATFIELD TWP MUNI AUTH/COLMAR,40.278507,-75.255135,0.10628207397460937,True
DMR (not used -- CWNS chosen instead),,HAVERSTRAW JOINT REGIONAL STP,41.2135,-73.963556,0.13941925048828124,True
DMR (not used -- CWNS chosen instead),,HAVRE DE GRACE WASTEWATER TREATMENT FACILITY,39.523355,-76.084921,2.9794590082019568e-06,True
DMR (not used -- CWNS chosen instead),,HAWLEY AREA AUTH,41.47716,-75.16729,0.00026055485010147096,True
DMR (not used -- CWNS chosen instead),,HEIDELBERG HGTS STP,40.69129,-75.65494,0.0008026979565620423,True
DMR (not used -- CWNS chosen instead),,HELEN A  FORT MIDDLE SCHOOL,39.99751,-74.65899,0.0001043800488114357,True
DMR (not used -- CWNS chosen instead),,HERNDON BOROUGH JACKSON TWP JT MUNI AUTH WWTP,40.697566,-76.852801,0.00012760353088378906,True
DMR (not used -- CWNS chosen instead),,HERRICK TWP WWTP,41.819097,-76.251599,9.87754538655281e-05,True
DMR (not used -- CWNS chosen instead),,HIDDEN VALLEY ESTATES SD,41.439167,-74.556861,0.0004858933687210083,True
DMR (not used -- CWNS chosen instead),,HIGH POINT REGIONAL HS,41.19932,-74.645741,0.00012781521677970886,True
DMR (not used -- CWNS chosen instead),,HIGHLAND FALLS (V) WWTP,41.37052,-73.96515,0.01261986541748047,True
DMR (not used -- CWNS chosen instead),,HIGHLAND PARK STP,40.345842,-75.299613,0.0004932995438575744,True
DMR (not used -- CWNS chosen instead),,HIGHLAND SEWER EXTENSION #1,41.7192,-73.96555,0.0005051019191741943,True
DMR (not used -- CWNS chosen instead),,HIGHLANDS SEWER IMPROVEMENT AREA,41.327083,-73.985083,0.000910500168800354,True
DMR (not used -- CWNS chosen instead),,HIGHSPIRE BORO - STP,40.20714,-76.79025,0.00012320347875356674,True
DMR (not used -- CWNS chosen instead),,HIGHTSTOWN BORO AWWTP,40.27493,-74.53305,0.010697122573852538,True
DMR (not used -- CWNS chosen instead),,HOCKANUM RIVER WATER POLLUTION CONTROL FACILITY,41.777345,-72.561071,0.11777483367919922,True
DMR (not used -- CWNS chosen instead),,HOLMDEL TWP BD OF ED HOLMDEL VILLAGE SCHOOL STP,40.348615,-74.158925,0.0008030951023101807,True
DMR (not used -- CWNS chosen instead),,HOLYOKE WATER POLLUTION CONTROL FACILITY,42.19162,-72.61363,0.32066299438476564,True
DMR (not used -- CWNS chosen instead),,HONEY BROOK TOWNSHIP STP,40.09417,-75.8659,8.339063823223114e-05,True
DMR (not used -- CWNS chosen instead),,HOPEWELL HAMLET SEWER DISTRICT,41.570556,-73.808889,0.0047559990882873535,True
DMR (not used -- CWNS chosen instead),,HUDSON CNTY MEADOWVIEW HOSPITAL STP,40.784859,-74.057192,0.00018028010427951813,True
DMR (not used -- CWNS chosen instead),,HUNTINGTON SEWER DISTRICT STP,40.88122,-73.42209,0.032155361175537106,True
DMR (not used -- CWNS chosen instead),,HUNTS POINT WATER POLLUTION CONTROL PLANT,40.803694,-73.885083,8.988329209387303e-06,True
DMR (not used -- CWNS chosen instead),,IVY HILLS SD#6,41.35867,-73.7879,0.0008357635736465454,True
DMR (not used -- CWNS chosen instead),,JACKSON TWP SEW SYS,41.986942,-76.932435,0.0002323395311832428,True
DMR (not used -- CWNS chosen instead),,JAMAICA WATER POLLUTION CONTROL PLANT,40.663003,-73.806744,3.60395751953125,True
DMR (not used -- CWNS chosen instead),,JEFFERSON TWP HIGH-MIDDLE SCHOOL,41.01927,-74.549981,9.276111423969269e-05,True
DMR (not used -- CWNS chosen instead),,JEFFERSONVILLE (V) WWTP,41.765472,-74.941972,0.0008095166683197021,True
DMR (not used -- CWNS chosen instead),,JIM THORPE BORO WWTP,40.87417,-75.73352,0.0003030368983745575,True
DMR (not used -- CWNS chosen instead),,JOHNSON CITY WATER WORKS,42.11521,-75.95533,0.00016837532818317414,True
DMR (not used -- CWNS chosen instead),,KBM REGIONAL AUTHORITY,40.9045,-75.9974,0.00014901126921176912,True
DMR (not used -- CWNS chosen instead),,KEATS GLEN STP,40.025747,-75.741879,0.00039258617162704466,True
DMR (not used -- CWNS chosen instead),,KELLY TWP MUNI AUTH,40.98375,-76.87974,0.00018027757108211517,True
DMR (not used -- CWNS chosen instead),,KENNETT SQUARE BORO WWTP,39.836127,-75.72463,0.0003674684166908264,True
DMR (not used -- CWNS chosen instead),,KERHONKSON WWTF,41.71721,-74.39438,0.0013284692764282226,True
DMR (not used -- CWNS chosen instead),,KINGS PLAZA STP,40.27143,-75.13203,0.0004957966208457946,True
DMR (not used -- CWNS chosen instead),,KINGSTON (C) WWTP,41.92027,-73.97896,0.07797547912597656,True
DMR (not used -- CWNS chosen instead),,KINGWOOD TWP SCHOOL,40.506376,-75.01173,0.00011803273856639862,True
DMR (not used -- CWNS chosen instead),,KIRYAS JOEL (V) WWTP,41.33415,-74.16203,0.010203237533569337,True
DMR (not used -- CWNS chosen instead),,KITTATINNY REG HS/MARION MCKEOWN SCHOOL,41.107724,-74.764355,0.00021755394339561463,True
DMR (not used -- CWNS chosen instead),,KREAMER MUNI AUTH SEW STP,40.80612,-76.965776,0.00039449068903923035,True
DMR (not used -- CWNS chosen instead),,KULPMONT-MARION HGHTS JOINT MUNI AUTH,40.794824,-76.471941,0.00022422170639038085,True
DMR (not used -- CWNS chosen instead),,KUTZTOWN BOROUGH WWTP,40.529445,-75.782285,0.000324335515499115,True
DMR (not used -- CWNS chosen instead),,LACEYVILLE BORO JNT MUNIC AUTH,41.644167,-76.163056,0.00021885235607624055,True
DMR (not used -- CWNS chosen instead),,LAKE HUNTINGTON SD,41.64092,-74.96344,0.0015028899908065797,True
DMR (not used -- CWNS chosen instead),,LAKE WINOLA MUN AUTH,41.508333,-75.899444,8.877082169055939e-05,True
DMR (not used -- CWNS chosen instead),,LAMBERTVILLE CITY SEWER AUTH,40.36691,-74.947,0.00030488237738609316,True
DMR (not used -- CWNS chosen instead),,LANSDALE BORO STP,40.256954,-75.287224,0.0004680672287940979,True
DMR (not used -- CWNS chosen instead),,LASA- SUSQUEHANNA WATER POL CNTRL FAC,39.9845,-76.45862,0.00012295211851596832,True
DMR (not used -- CWNS chosen instead),,LAUREL LAKE STP,41.946667,-75.915278,0.00012960720062255859,True
DMR (not used -- CWNS chosen instead),,LAWRENCE (V) STP,40.60508,-73.73738,0.0004274885952472687,True
DMR (not used -- CWNS chosen instead),,LEACOCK TWP STP,40.04305,-76.112812,0.00018886040151119233,True
DMR (not used -- CWNS chosen instead),,LEBANON CITY STP,40.337591,-76.462464,0.14593043518066406,True
DMR (not used -- CWNS chosen instead),,LEESPORT BOROUGH AUTHORITY WWTP,40.444604,-75.965848,0.00044648221135139466,True
DMR (not used -- CWNS chosen instead),,LEHIGH TWP MUN AUTH-DANIELSVIL,40.77655,-75.55156,0.0002997561097145081,True
DMR (not used -- CWNS chosen instead),,LEMOYNE STP,40.244783,-76.8861,0.000283905953168869,True
DMR (not used -- CWNS chosen instead),,LENHARTSVILLE STP,40.574452,-75.887964,0.0001642802059650421,True
DMR (not used -- CWNS chosen instead),,LERAYSVILLE BORO WWTP,41.829719,-76.180744,8.81420522928238e-05,True
DMR (not used -- CWNS chosen instead),,LESTER D. WILSON ELEM SCHOOL,40.569006,-75.023492,0.00016413331031799315,True
DMR (not used -- CWNS chosen instead),,LEWISBERRY STP,40.132238,-76.861332,0.00027810218930244445,True
DMR (not used -- CWNS chosen instead),,LEWISBURG JT AUTH EAST BUFFALO,40.9488,-76.8865,0.0325501594543457,True
DMR (not used -- CWNS chosen instead),,LIBERTY (V) WWTF,41.782167,-74.730361,0.02556431198120117,True
DMR (not used -- CWNS chosen instead),,LIBERTY LOOMIS SEWER DISTRICT STP,41.80125,-74.74687,0.001056986689567566,True
DMR (not used -- CWNS chosen instead),,LITCHFIELD WPCF,41.714659,-73.244315,0.007327370643615723,True
DMR (not used -- CWNS chosen instead),,LITITZ STP,40.15321,-76.28419,0.000423420637845993,True
DMR (not used -- CWNS chosen instead),,LIVERPOOL STP,40.563623,-76.993,0.00012827393412590026,True
DMR (not used -- CWNS chosen instead),,LIVINGSTON MANOR STP,41.9085,-74.831222,0.007724193096160889,True
DMR (not used -- CWNS chosen instead),,LIVINGSTON WATER POLLUTION CONTROL  FACILITY,40.807989,-74.341872,0.0725140380859375,True
DMR (not used -- CWNS chosen instead),,LLOYD HIGHLAND SEWER DISTRICT STP,41.7183,-73.95125,0.0003381992280483246,True
DMR (not used -- CWNS chosen instead),,LOCH SHELDRAKE WWTP,41.767817,-74.652602,0.010944401741027832,True
DMR (not used -- CWNS chosen instead),,LOG COLLEGE STP,40.230843,-75.108308,0.0007343003153800964,True
DMR (not used -- CWNS chosen instead),,LOGAN TOWNSHIP MUA,39.787893,-75.377619,0.024589195251464843,True
DMR (not used -- CWNS chosen instead),,LONG BEACH (C) WPCP,40.593083,-73.665306,2.794751524925232e-05,True
DMR (not used -- CWNS chosen instead),,LONG BRANCH CITY SEWER AUTH,40.31294,-73.98603,0.08845072937011719,True
DMR (not used -- CWNS chosen instead),,LONG HILL TOWNSHIP STP,40.66922,-74.49081,0.005048281192779541,True
DMR (not used -- CWNS chosen instead),,LONG POND SCHOOL WWTF,41.031681,-74.709441,0.00034727743268013,True
DMR (not used -- CWNS chosen instead),,LOUNSBERRY HOLLOW MIDDLE SCH STP,41.223077,-74.497288,0.00040572893619537356,True
DMR (not used -- CWNS chosen instead),,LOWER ALLEN TWP STP,40.226111,-76.858889,0.07891132354736329,True
DMR (not used -- CWNS chosen instead),,LOWER BUCKS WWTP,40.133475,-74.828734,0.0003451007604598999,True
DMR (not used -- CWNS chosen instead),,LOWER FREDERICK TWP STP,40.270843,-75.459063,0.0003155189752578735,True
DMR (not used -- CWNS chosen instead),,LOWER LACKAWANNA VALLEY SANITARY AUTHORITY,41.348611,-75.780179,0.08965041351318359,True
DMR (not used -- CWNS chosen instead),,LOWER MAHANOY TWP MUN AUTH,40.649178,-76.906608,0.00018042966723442078,True
DMR (not used -- CWNS chosen instead),,LRBSA - THROOP PLANT,41.4494,-75.63191,0.08802841186523437,True
DMR (not used -- CWNS chosen instead),,LRBSA ARCHBALD STP,41.52574,-75.54685,0.00047190117835998536,True
DMR (not used -- CWNS chosen instead),,LRBSA/ CLINTON TWP PLANT,41.645927,-75.461275,0.00038435280323028564,True
DMR (not used -- CWNS chosen instead),,LYKENS BORO AUTH - STP,40.569178,-76.713269,0.00037335941195487974,True
DMR (not used -- CWNS chosen instead),,LYNN TWP WWTP,40.67936,-75.76658,0.0006004258394241333,True
DMR (not used -- CWNS chosen instead),,LYONS BORO MUN AUTH WTP,40.4875,-75.746111,0.0002788561284542084,True
DMR (not used -- CWNS chosen instead),,MACOBY CREEK STP,40.39189,-75.48052,0.0004375275075435638,True
DMR (not used -- CWNS chosen instead),,MADISON TWP MUNI AUTH JERSEYTOWN SEW SYS STP,41.0893,-76.5811,0.0001429743766784668,True
DMR (not used -- CWNS chosen instead),,MADISON TWP SFTF,41.087783,-76.529927,5.0548184663057325e-05,True
DMR (not used -- CWNS chosen instead),,MAHANOY CITY MUNICIPAL AUTHORI,40.808421,-76.156327,0.00014569945633411408,True
DMR (not used -- CWNS chosen instead),,MAHOPAC (V) STP,41.379111,-73.72375,0.002785184383392334,True
DMR (not used -- CWNS chosen instead),,MAIDENCREEK TWP STP,40.429444,-75.920833,0.00039873921871185305,True
DMR (not used -- CWNS chosen instead),,MAINLAND STP,40.256288,-75.359538,0.0006653438806533814,True
DMR (not used -- CWNS chosen instead),,MALDEN-ON-HUDSON SD STP,42.099278,-73.930944,0.00032901549339294433,True
DMR (not used -- CWNS chosen instead),,MAMARONECK (V) SANITARY SD,40.946833,-73.733694,0.49319900512695314,True
DMR (not used -- CWNS chosen instead),,MANHEIM STP,40.152667,-76.404444,0.008899587631225586,True
DMR (not used -- CWNS chosen instead),,MAPLE SHADE TWP UTIL AUTH PARK AVENUE POTW,39.967727,-75.018773,0.0005270358920097351,True
DMR (not used -- CWNS chosen instead),,MARIETTA DONEGAL STP,40.056667,-76.535556,0.00016871225833892822,True
DMR (not used -- CWNS chosen instead),,MARLBORO PSYCHIATRIC HOSPITAL,40.343175,-74.239766,0.00023776189982891084,True
DMR (not used -- CWNS chosen instead),,MARLBORO WWTP,41.603556,-73.964806,0.0014354761838912965,True
DMR (not used -- CWNS chosen instead),,MARYSVILLE STP,40.343056,-76.927333,0.000199520081281662,True
DMR (not used -- CWNS chosen instead),,MATSUNK STP,40.093532,-75.329524,0.00020860995352268218,True
DMR (not used -- CWNS chosen instead),,MATTABASSETT DISTRICT,41.586897,-72.650828,0.00023637841641902923,True
DMR (not used -- CWNS chosen instead),,MAYBROOK (V) STP,41.498444,-74.206639,0.00023952029645442962,True
DMR (not used -- CWNS chosen instead),,MEADOWVIEW WWTP,39.65404,-75.79708,0.010430402755737304,True
DMR (not used -- CWNS chosen instead),,MEDFORD LAKES BOROUGH STP,39.86476,-74.80771,0.00044938564300537107,True
DMR (not used -- CWNS chosen instead),,MEDFORD TWP STP,39.91938,-74.80697,0.0003478849828243256,True
DMR (not used -- CWNS chosen instead),,MENDHAM BORO,40.77577,-74.60123,0.0006689451932907105,True
DMR (not used -- CWNS chosen instead),,MERCER COUNTY CORRECTION CTR WTP,40.329894,-74.918681,0.00016311933100223542,True
DMR (not used -- CWNS chosen instead),,MERIDEN WATER POLLUTION CONTROL FACILITY,41.51139,-72.82825,0.139299560546875,True
DMR (not used -- CWNS chosen instead),,MESHOPPEN BORO - WWTP,41.61048,-76.04808,0.00019522397220134735,True
DMR (not used -- CWNS chosen instead),,MIDDLE SMITHFIELD TWP WWTP,41.01966,-75.17905,0.01080986499786377,True
DMR (not used -- CWNS chosen instead),,MIDDLESEX COUNTY UTILITIES AUTHORITY,40.4911,-74.3042,0.0001277020424604416,True
DMR (not used -- CWNS chosen instead),,MIDDLETOWN CITY OF SEWAGE TREATMENT PLT,41.42846,-74.42593,0.0002897363007068634,True
DMR (not used -- CWNS chosen instead),,MIDDLETOWN TWP SLF BELFORD SECTION,40.430278,-74.081111,0.00016413494944572449,True
DMR (not used -- CWNS chosen instead),,MIDDLETOWN WPCF,41.558597,-72.639241,0.0005020343661308288,True
DMR (not used -- CWNS chosen instead),,MIDPOINT PK SD WWTP-ROYAL RDG.,41.61575,-73.863528,0.000841252088546753,True
DMR (not used -- CWNS chosen instead),,MILFORD - HOUSATONIC WPCF,41.223153,-73.108164,0.102365234375,True
DMR (not used -- CWNS chosen instead),,MILFORD BEAVER BROOK WPCF,41.188325,-73.099537,0.00035231906175613403,True
DMR (not used -- CWNS chosen instead),,MILFORD BORO SEWER AUTH,40.56505,-75.09259,0.0035348963737487794,True
DMR (not used -- CWNS chosen instead),,MILFORD-TRUMBAUERSVILLE WWTP,40.418619,-75.409338,0.00013364858925342559,True
DMR (not used -- CWNS chosen instead),,MILLBROOK SEWAGE TREATMENT PLANT,41.788292,-73.697413,0.002306072473526001,True
DMR (not used -- CWNS chosen instead),,MILLERSBURG STP,40.5331,-76.968,0.006677857398986816,True
DMR (not used -- CWNS chosen instead),,MILLERSVILLE STP,39.985,-76.348333,0.0004669606983661652,True
DMR (not used -- CWNS chosen instead),,MILLVILLE BORO WWTP,41.137585,-76.529672,0.00020021919906139374,True
DMR (not used -- CWNS chosen instead),,MINERSVILLE BOROUGH MUNICIPAL AUTHORITY,40.685841,-76.255198,0.00046111294627189636,True
DMR (not used -- CWNS chosen instead),,MOLITOR WATER POLLUTION CONTROL FACILITY,40.749748,-74.370502,0.0004950569272041321,True
DMR (not used -- CWNS chosen instead),,MONMOUTH CNTY BAYSHORE OUTFALL AUTH BELFORD PUMP STATION,40.428465,-74.083738,0.21440219116210937,True
DMR (not used -- CWNS chosen instead),,MONROE VALLEY/CAMP STRAUSS STP,40.46583,-76.51089,0.0002343144565820694,True
DMR (not used -- CWNS chosen instead),,MONTGOMERY (V) STP,41.52539,-74.24128,0.0003711365461349487,True
DMR (not used -- CWNS chosen instead),,MONTGOMERY BORO STP,41.165657,-76.87858,0.00019988146424293517,True
DMR (not used -- CWNS chosen instead),,MONTGOMERY TWP MUA CHERRY VALLEY STP,40.394828,-74.710661,0.0009082919359207154,True
DMR (not used -- CWNS chosen instead),,MONTGOMERY TWP MUA PIKE BROOK STP,40.449966,-74.647463,0.004333749771118164,True
DMR (not used -- CWNS chosen instead),,MONTGOMERY-T STP DIST # 1,41.497639,-74.253028,0.0009668011665344238,True
DMR (not used -- CWNS chosen instead),,MONTICELLO (V) STP,41.642333,-74.666417,0.00024055106937885285,True
DMR (not used -- CWNS chosen instead),,MONTOUR TOWNSHIP STP,40.98202,-76.47568,0.0003292531967163086,True
DMR (not used -- CWNS chosen instead),,MONTOURSVILLE REGIONAL SEWER SYSTEM WWTP,41.24276,-76.87166,0.00039063385128974913,True
DMR (not used -- CWNS chosen instead),,MONTROSE BORO - WWTP,41.82306,-75.8821,0.00036320725083351134,True
DMR (not used -- CWNS chosen instead),,MONTVILLE WATER POLLUTION CONTROL FACILITY,41.43932,-72.10547,0.00048246416449546813,True
DMR (not used -- CWNS chosen instead),,MOORESBURG WASTEWATER TREATMENT PLANT,40.982587,-76.703293,0.00021322159469127654,True
DMR (not used -- CWNS chosen instead),,MOORESTOWN TWP UTIL AUTH WWTP,39.96261,-74.987425,0.000660777747631073,True
DMR (not used -- CWNS chosen instead),,MORRISTOWN  SEWER UTILITY,40.806156,-74.457216,0.04496329116821289,True
DMR (not used -- CWNS chosen instead),,MORRISVILLE BOROUGH STP,40.20362,-74.765708,0.00021837075054645537,True
DMR (not used -- CWNS chosen instead),,MORRISVILLE WATER FILTRATION PLANT,40.22115,-74.78451,0.0002149309515953064,True
DMR (not used -- CWNS chosen instead),,MOSCOW SEW AUTH STP,41.342777,-75.517392,0.00032319816946983337,True
DMR (not used -- CWNS chosen instead),,MOUNT LAUREL TWP MUA CHURCH STREET BOOSTER STATION,39.92029,-74.92752,0.06026631927490234,True
DMR (not used -- CWNS chosen instead),,MOUNTAIN DALE WWTP,41.688194,-74.531694,0.0013409920930862428,True
DMR (not used -- CWNS chosen instead),,MOUNTAINTOP AREA JOINT SANITARY AUTHORITY,41.113231,-75.958924,0.00031935885548591616,True
DMR (not used -- CWNS chosen instead),,MS4 HAMPDEN TWP,40.259182,-76.953278,0.0008429265022277832,True
DMR (not used -- CWNS chosen instead),,MT CARMEL MUNI SEW COLL SYS & STP,40.79481,-76.41226,0.0002395339161157608,True
DMR (not used -- CWNS chosen instead),,MT GRETNA AUTH STP,40.239461,-76.483389,4.7378309071063995e-05,True
DMR (not used -- CWNS chosen instead),,MT HOLLY SEWERAGE AUTH POLLUTION CONTROL,39.995507,-74.797534,0.00039207097887992856,True
DMR (not used -- CWNS chosen instead),,MT JOY BORO AUTH,40.099167,-76.493611,0.00016867932677268983,True
DMR (not used -- CWNS chosen instead),,MT POCONO MUN AUTH,41.1232,-75.3577,0.0005442863702774048,True
DMR (not used -- CWNS chosen instead),,MUNCY BOROUGH MUNICIPAL AUTHORITY WWTF,41.19754,-76.79728,0.00040662509202957155,True
DMR (not used -- CWNS chosen instead),,MUSCONETCONG SEWER AUTH WATER POLLUTION CONTROL FACILITY,40.90709,-74.718488,0.07666468048095704,True
DMR (not used -- CWNS chosen instead),,MYERSTOWN STP,40.37354,-76.28923,0.00022679342329502106,True
DMR (not used -- CWNS chosen instead),,MYERSTOWN WATER AUTH,40.387573,-76.342899,0.00018964475393295287,True
DMR (not used -- CWNS chosen instead),,NAPANOCH SEWER IMP AREA,41.74329,-74.36346,0.004394741535186768,True
DMR (not used -- CWNS chosen instead),,NARROWSBURG SD STP,41.602083,-75.068583,0.0009574071168899536,True
DMR (not used -- CWNS chosen instead),,NATIONAL GRID - PORT JEFFERSON POWER STATION,40.94969,-73.078431,0.0005851505398750305,True
DMR (not used -- CWNS chosen instead),,NAUGATUCK WATER POLLUTION CONTROL FACILITY,41.472975,-73.053986,0.05555027389526367,True
DMR (not used -- CWNS chosen instead),,NAZARETH BORO MUNI AUTH WWTP,40.73633,-75.2857,0.013911680221557617,True
DMR (not used -- CWNS chosen instead),,NEPTUNE TWP MUA SEWER AUTH STP,40.201151,-74.062998,0.1576500244140625,True
DMR (not used -- CWNS chosen instead),,NESCOPECK BORO,41.045529,-76.224528,0.00012275870889425278,True
DMR (not used -- CWNS chosen instead),,NESQUEHONING REGIONAL STP,40.872227,-75.788515,0.00015602245926856994,True
DMR (not used -- CWNS chosen instead),,NEW ALBANY BORO SEWERAGE STP SYSTEM,41.605631,-76.441608,0.0001345912516117096,True
DMR (not used -- CWNS chosen instead),,NEW BERLIN MUN AUTH,40.87697,-76.98149,0.0002848077714443207,True
DMR (not used -- CWNS chosen instead),,NEW CANAAN WASTEWATER TREATMENT PLANT,41.14066,-73.48368,0.0007830018401145935,True
DMR (not used -- CWNS chosen instead),,NEW FREEDOM BORO AUTH WWTP,39.763909,-76.703272,0.00019046036899089813,True
DMR (not used -- CWNS chosen instead),,NEW HANOVER TWP AUTH STP,40.2812,-75.55278,0.002491480827331543,True
DMR (not used -- CWNS chosen instead),,NEW HARTFORD WPCF,41.868318,-72.95786,0.0023479807376861573,True
DMR (not used -- CWNS chosen instead),,NEW HOLLAND WWTP,40.0917,-76.08497,0.0073543510437011714,True
DMR (not used -- CWNS chosen instead),,NEW MILFORD WATER POLLUTION CONTROL FACILITY,41.56931,-73.40915,0.022532621383666993,True
DMR (not used -- CWNS chosen instead),,NEW MORGAN BORO WWTF,40.159541,-75.877244,0.0004215322434902191,True
DMR (not used -- CWNS chosen instead),,NEW PALTZ WWTP,41.750847,-74.08807,0.0003997521996498108,True
DMR (not used -- CWNS chosen instead),,NEW PROVIDENCE BORO DPW COMPLEX WWTP,40.71574,-74.403346,0.017942155838012695,True
DMR (not used -- CWNS chosen instead),,NEW ROCHELLE STP,40.913,-73.769361,0.33198004150390625,True
DMR (not used -- CWNS chosen instead),,NEW WINDSOR STP,41.46067,-74.026615,0.0005290374755859375,True
DMR (not used -- CWNS chosen instead),,NEW YORK (C) - ROCKAWAY WPCP,40.584075,-73.830016,3.4851524978876114e-06,True
DMR (not used -- CWNS chosen instead),,NEWBERRY TWP GOLDSBORO STP,40.14114,-76.750062,0.00018251368403434754,True
DMR (not used -- CWNS chosen instead),,NEWBURGH (C) WWTP,41.49419,-74.00799,0.05157050323486328,True
DMR (not used -- CWNS chosen instead),,NEWTON TOWN DPW,41.058823,-74.747892,0.00030504047870635984,True
DMR (not used -- CWNS chosen instead),,NEWTOWN /WPCF,41.41472,-73.28424,0.007928159713745117,True
DMR (not used -- CWNS chosen instead),,NEWTOWN CREEK WATER POLLUTION CONTROL PLANT,40.73353,-73.948378,14.348146484375,True
DMR (not used -- CWNS chosen instead),,NICHOLS (T) STP,42.06326,-76.33155,0.0004232741892337799,True
DMR (not used -- CWNS chosen instead),,NICHOLSON BORO AUTH WWTP,41.616942,-75.7924,0.00017052023112773895,True
DMR (not used -- CWNS chosen instead),,NJDHS SENATOR GARRETT HAGEDORN PSYCIATRIC HOSPITAL,40.6866,-74.917946,7.713501155376435e-05,True
DMR (not used -- CWNS chosen instead),,NJDOC MOUNTAINVIEW YOUTH CORRECTIONAL FACILITY,40.648712,-74.871,0.0003112899363040924,True
DMR (not used -- CWNS chosen instead),,NLCA KRAMER MILL STP,40.203902,-76.079917,8.81480649113655e-05,True
DMR (not used -- CWNS chosen instead),,NO LAN CO GEHMAN SCH STP,40.22017,-76.067878,0.00031179696321487427,True
DMR (not used -- CWNS chosen instead),,NO PRINCETON DEVELOPMENTAL CTR,40.416806,-74.691304,0.0003892150521278381,True
DMR (not used -- CWNS chosen instead),,NOB HILL SD WWTP,41.548722,-74.024556,0.00036985522508621214,True
DMR (not used -- CWNS chosen instead),,NORRISTOWN BOROUGH STP,40.110664,-75.341849,0.0001478247344493866,True
DMR (not used -- CWNS chosen instead),,NORTH BERGEN TWP MUA WOODCLIFF STP,40.791687,-73.998567,0.16387196350097658,True
DMR (not used -- CWNS chosen instead),,NORTH CASTLE (T) SD#2,41.120361,-73.710806,0.00477591609954834,True
DMR (not used -- CWNS chosen instead),,NORTH CODORUS TWP STP,39.897,-76.80563,0.0003321108520030975,True
DMR (not used -- CWNS chosen instead),,NORTH COVENTRY STP,40.229851,-75.627558,0.01760921096801758,True
DMR (not used -- CWNS chosen instead),,NORTH HAVEN WATER POLLUTION CONTROL FACILITY,41.364329,-72.871671,0.00024574430286884307,True
DMR (not used -- CWNS chosen instead),,NORTH HUDSON SEWERAGE AUTH WWTP,40.756984,-74.032199,0.5836721801757813,True
DMR (not used -- CWNS chosen instead),,NORTH RIVER WATER POLLUTION CONTROL PLANT,40.826389,-73.959028,7.27919873046875,True
DMR (not used -- CWNS chosen instead),,NORTH WARREN REGIONAL SCHOOL,40.981037,-74.99037,0.0003047196269035339,True
DMR (not used -- CWNS chosen instead),,NORTHAMPTON BORO/ SEW,40.68209,-75.48813,0.00035695791244506837,True
DMR (not used -- CWNS chosen instead),,NORTHEAST RIVER ADVANCED WWTP,39.57239,-75.9881,0.00043612590432167054,True
DMR (not used -- CWNS chosen instead),,NORTHEAST WPCP,39.99141,-75.08503,7.61422265625,True
DMR (not used -- CWNS chosen instead),,NORTHEASTERN SCHUYLKILL JOINT MUN. AUTH.,40.820278,-76.019444,0.00013425429165363312,True
DMR (not used -- CWNS chosen instead),,NORTHEASTERN YORK CO. SEW AUTH,40.069135,-76.705813,0.02047482109069824,True
DMR (not used -- CWNS chosen instead),,NORTHERN LANCASTER CNTY AUTH FIVEPOINTVILLE STP,40.178472,-76.060313,0.00020469927787780762,True
DMR (not used -- CWNS chosen instead),,NORTHERN LEBANON CNTY JONESTOWN STP,40.41245,-76.48837,0.00048620864748954773,True
DMR (not used -- CWNS chosen instead),,NORTHPORT (V) STP,40.889667,-73.355417,0.00451930570602417,True
DMR (not used -- CWNS chosen instead),,NORTHUMBERLAND SEWER AUTHORITY,40.88699,-76.79472,0.007349521636962891,True
DMR (not used -- CWNS chosen instead),,NORTHWEST BERGEN CNTY UTIL AUTH,41.006541,-74.119143,0.0008473891615867615,True
DMR (not used -- CWNS chosen instead),,NORTHWESTERN LANC CO STP,40.165006,-76.387759,0.0003007315993309021,True
DMR (not used -- CWNS chosen instead),,NORWALK WPCF,41.104383,-73.411125,0.0001875784248113632,True
DMR (not used -- CWNS chosen instead),,NORWICH WATER POLLUTION CONTROL FACILITY,41.521651,-72.079223,0.0003940613567829132,True
DMR (not used -- CWNS chosen instead),,NOXON KNOLLS STP,41.651389,-73.846028,0.0007099133729934693,True
DMR (not used -- CWNS chosen instead),,NYCDEP - BOWERY BAY WRRF,40.778405,-73.89459,5.2915673828125,True
DMR (not used -- CWNS chosen instead),,NYCDEP - GRAHAMSVILLE (H) WWTP,41.845056,-74.539806,0.0013069376945495606,True
DMR (not used -- CWNS chosen instead),,NYCDEP - OAKWOOD BEACH WPCP,40.548889,-74.113167,1.1448580322265625,True
DMR (not used -- CWNS chosen instead),,NYCDEP - RED HOOK WPCP,40.705,-73.984417,1.673897705078125,True
DMR (not used -- CWNS chosen instead),,NYCDEP MARGARETTEVILLE WWTP,42.139222,-74.654361,0.0033455681800842285,True
DMR (not used -- CWNS chosen instead),,OAKLAND BORO DPW OAKWOOD KNOLLS WWTP,41.023567,-74.240306,0.0007943354249000549,True
DMR (not used -- CWNS chosen instead),,OAKRIDGE STP,41.213403,-73.518449,0.0013498851060867309,True
DMR (not used -- CWNS chosen instead),,OAKS WWTP (LOWER PERKIOMEN VALLEY),40.120939,-75.457966,0.0001907898187637329,True
DMR (not used -- CWNS chosen instead),,OCEAN BEACH (V) STP,40.647528,-73.160889,6.739194691181182e-05,True
DMR (not used -- CWNS chosen instead),,OCEAN CNTY UTIL AUTH CWPCF,39.907944,-74.180197,0.662376708984375,True
DMR (not used -- CWNS chosen instead),,OCEAN CNTY UTIL AUTH NWPCF,40.045038,-74.077952,0.6584102172851563,True
DMR (not used -- CWNS chosen instead),,OCEAN CNTY UTIL AUTH SWPCF,39.68087,-74.26639,0.0003684006631374359,True
DMR (not used -- CWNS chosen instead),,OCEAN TWP SEWERAGE AUTH,40.25977,-74.00203,0.12104520416259766,True
DMR (not used -- CWNS chosen instead),,OCSD# 1 HARRIMAN WWTP,41.311611,-74.142278,0.10262441253662109,True
DMR (not used -- CWNS chosen instead),,OHIOVILLE WWTP,41.742111,-74.053889,0.0002394948899745941,True
DMR (not used -- CWNS chosen instead),,OLDE MILFORD ESTATES STP,41.10951,-74.37782,0.0003852924108505249,True
DMR (not used -- CWNS chosen instead),,OLEY TWP STP,40.375246,-75.729751,0.00017916013300418854,True
DMR (not used -- CWNS chosen instead),,ORANGE TWP WWTP,41.078061,-76.43159,0.00015083259344100952,True
DMR (not used -- CWNS chosen instead),,ORANGETOWN TOWN OF SEWER DEPT,41.036972,-73.940028,0.27435879516601563,True
DMR (not used -- CWNS chosen instead),,ORWIGSBURG MUN SEW AUTH,40.642786,-76.10686,0.009382685661315919,True
DMR (not used -- CWNS chosen instead),,OSSINING SANITARY SD WWTP,41.1525,-73.873583,5.418308451771736e-05,True
DMR (not used -- CWNS chosen instead),,OWEGO (T) SD#1,42.100278,-76.231583,0.0001772056072950363,True
DMR (not used -- CWNS chosen instead),,OWEGO (V) STP,42.093778,-76.268,0.008799128532409668,True
DMR (not used -- CWNS chosen instead),,OWEGO WPCP #2,42.063417,-76.142472,0.021143260955810546,True
DMR (not used -- CWNS chosen instead),,OWLS HEAD WATER POLLUTION CONTROL PLANT,40.643639,-74.037639,5.69155290722847e-05,True
DMR (not used -- CWNS chosen instead),,OXBRIDGE TREATMENT PLANT,40.433328,-74.644991,0.0005233340859413147,True
DMR (not used -- CWNS chosen instead),,OXFORD TOWNSHIP WARREN CO-PEQUEST MUA - CS/STP/SEPTICS,40.820919,-74.983824,0.0043649601936340335,True
DMR (not used -- CWNS chosen instead),,OYSTER BAY WRRF,40.87527,-73.5279,0.019362913131713868,True
DMR (not used -- CWNS chosen instead),,PALMER WATER POLLUTION CONTROL FACILITY,42.185311,-72.362228,0.022594266891479493,True
DMR (not used -- CWNS chosen instead),,PALMYRA BOR STP,40.315271,-76.586563,0.00043115317821502687,True
DMR (not used -- CWNS chosen instead),,PALMYRA BORO MUNICIPAL BUILDING,40.003856,-75.021454,0.0006160737276077271,True
DMR (not used -- CWNS chosen instead),,PAR TROY HILLS TWP MUA WWTP @ WHIPPANY RIVER,40.84708,-74.347697,0.3562702331542969,True
DMR (not used -- CWNS chosen instead),,PARADISE TWP STP,40.009789,-76.132647,0.0002671181857585907,True
DMR (not used -- CWNS chosen instead),,PARK CREEK STP,40.21931,-75.15951,0.00019048236310482026,True
DMR (not used -- CWNS chosen instead),,PARKWOOD SD,42.034278,-75.916028,0.00016044998168945312,True
DMR (not used -- CWNS chosen instead),,PASSAIC VALLEY SEWER COMM,40.714786,-74.136198,13.082078125,True
DMR (not used -- CWNS chosen instead),,PATCHOGUE (V) WWTP,40.76475,-73.020944,0.008079270362854003,True
DMR (not used -- CWNS chosen instead),,PATTERSON HAMLET WWTP,41.50845,-73.61516,0.0007087819576263428,True
DMR (not used -- CWNS chosen instead),,PAWC POCONO DISTRICT,41.1601,-75.3869,0.0006784304380416871,True
DMR (not used -- CWNS chosen instead),,PAWLING JOINT SEWER COMM WWTP,41.573667,-73.594194,0.0018195077180862428,True
DMR (not used -- CWNS chosen instead),,PEACH LAKE SEWER DISTRICT WWTP,41.21159,-73.51961,0.0013498851060867309,True
DMR (not used -- CWNS chosen instead),,PEEKSKILL WASTEWATER TREATMENT PLANT,41.300056,-73.929583,0.1721542205810547,True
DMR (not used -- CWNS chosen instead),,PEMBERTON TWP MUA,39.9764,-74.7077,0.031184328079223632,True
DMR (not used -- CWNS chosen instead),,PEN ARGYL MUNICIPAL AUTHORITY WWTP,40.8664,-75.24636,0.00042032968997955325,True
DMR (not used -- CWNS chosen instead),,PENN TWP COVE STP,40.354167,-76.989722,0.00011634747684001923,True
DMR (not used -- CWNS chosen instead),,PENN TWP STP,39.79385,-76.96882,0.00041414639353752137,True
DMR (not used -- CWNS chosen instead),,PENNLAND FARMS-TREATMENT BUILDING,40.39351,-75.20713,0.0002252265065908432,True
DMR (not used -- CWNS chosen instead),,PENNRIDGE WASTEWATER TREATMENT AUTHORITY WWTP,40.354176,-75.312947,0.0005570144653320313,True
DMR (not used -- CWNS chosen instead),,PENNS GROVE SEWERAGE AUTHORITY,39.728781,-75.474308,0.007237931251525879,True
DMR (not used -- CWNS chosen instead),,PENNSVILLE SEWERAGE AUTHORITY,39.639085,-75.541673,0.020430437088012697,True
DMR (not used -- CWNS chosen instead),,PERKIOMEN CROSSING STP,40.301399,-75.49462,0.000180189311504364,True
DMR (not used -- CWNS chosen instead),,PERRYVILLE WASTEWATER TREATMENT PLANT,39.56224,-76.06467,0.00035045728087425233,True
DMR (not used -- CWNS chosen instead),,PHILADELPHIA SOUTHWEST POTW,39.88613,-75.21825,7.96130810546875,True
DMR (not used -- CWNS chosen instead),,PHILLIPSBURG TOWN STP,40.680599,-75.177009,0.0005374135375022888,True
DMR (not used -- CWNS chosen instead),,PHOENIXVILLE BORO STP,40.12806,-75.50342,0.0006807739734649658,True
DMR (not used -- CWNS chosen instead),,PIACENTI WASTEWATER TREATMENT PLANT,41.34193,-72.096447,0.07696719360351563,True
DMR (not used -- CWNS chosen instead),,PINE BROOK STP,40.31708,-74.35065,0.14596133422851562,True
DMR (not used -- CWNS chosen instead),,PINE GROVE JOINT TREATMENT AUTHORITY WWTP,40.536173,-76.407396,0.00010708218067884445,True
DMR (not used -- CWNS chosen instead),,PINE HILL WWTP,42.121028,-74.462361,0.0033391666412353515,True
DMR (not used -- CWNS chosen instead),,PINE VALLEY SUBDIV SD#11-RAISH,42.100306,-75.760556,0.00019197677075862886,True
DMR (not used -- CWNS chosen instead),,PINEBROOK ESTATES STP,41.75256,-73.91646,0.0002892422080039978,True
DMR (not used -- CWNS chosen instead),,PLAINVILLE WPCF,41.68032,-72.86501,0.05422198867797851,True
DMR (not used -- CWNS chosen instead),,PLUM CREEK MUN AUTH,40.586676,-76.186308,0.0006655407547950745,True
DMR (not used -- CWNS chosen instead),,PLUMSTED MUA WWTP,40.085931,-74.53684,0.005525421619415283,True
DMR (not used -- CWNS chosen instead),,PLYMOUTH WPCF,41.668987,-72.991771,0.00041125217080116274,True
DMR (not used -- CWNS chosen instead),,POMPTON LAKES BORO MUA,40.981747,-74.283051,0.01349839973449707,True
DMR (not used -- CWNS chosen instead),,POQUONOCK WATER POLLUTION CONTROL FACILITY,41.890969,-72.669883,0.06655631256103516,True
DMR (not used -- CWNS chosen instead),,PORT CHESTER  WASTEWATER TREATMENT PLANT,40.992028,-73.658556,0.00027606695890426637,True
DMR (not used -- CWNS chosen instead),,PORT DEPOSIT WWTP,39.600752,-76.110833,9.796451032161713e-05,True
DMR (not used -- CWNS chosen instead),,PORT JERVIS STP,41.3619,-74.68173,0.017791658401489257,True
DMR (not used -- CWNS chosen instead),,PORT PENN WASTEWATER TREATMENT PLANT,39.512786,-75.574183,0.00025892612338066103,True
DMR (not used -- CWNS chosen instead),,PORT RICHMOND WATER POLLUTION CONTROL PLANT,40.640389,-74.125778,5.873982235789299e-05,True
DMR (not used -- CWNS chosen instead),,PORTER HOLLOW ROAD SD,42.182389,-75.775861,8.903488516807556e-05,True
DMR (not used -- CWNS chosen instead),,PORTER-TOWER JOINT MUNICIPAL AUTH,40.582778,-76.58,0.00011457524448633194,True
DMR (not used -- CWNS chosen instead),,PORTLAND BOROUGH,40.91778,-75.087381,0.00021676786243915558,True
DMR (not used -- CWNS chosen instead),,PORTLAND WATER POLLUTION CONTROL FACILITY,41.567764,-72.646186,0.008016648292541504,True
DMR (not used -- CWNS chosen instead),,POTTSGROVE STP,40.99321,-76.78,0.0001445440649986267,True
DMR (not used -- CWNS chosen instead),,POTTSTOWN WASTEWATER TREATMENT PLANT,40.234773,-75.62862,0.0002995405197143555,True
DMR (not used -- CWNS chosen instead),,POTTSVILLE MAIN STP,40.674519,-76.184704,0.11841304016113281,True
DMR (not used -- CWNS chosen instead),,QUAKER LAKE WWTP,41.978328,-75.906846,5.8154493570327756e-05,True
DMR (not used -- CWNS chosen instead),,QUAKERTOWN WWTP,40.442508,-75.318502,0.00019234389066696166,True
DMR (not used -- CWNS chosen instead),,QUARRYVILLE STP,39.906406,-76.184922,0.00031324034929275515,True
DMR (not used -- CWNS chosen instead),,RAHWAY VALLEY SEWERAGE AUTHORITY,40.600268,-74.259033,0.9449239501953125,True
DMR (not used -- CWNS chosen instead),,RALPHO TWP MUNI AUTH BEAR GAP STP,40.86452,-76.5521,0.0005588037967681885,True
DMR (not used -- CWNS chosen instead),,RAMAPO INDIAN HILLS RGNL SD INDIAN HILLS HIGH SCHOOL WTP,41.02111,-74.23368,0.000705643653869629,True
DMR (not used -- CWNS chosen instead),,RARITAN TWP MUA STP,40.517687,-74.805164,0.028770374298095702,True
DMR (not used -- CWNS chosen instead),,RARITAN TWP MUA-FLEMINGTON WW FACILITY,40.519132,-74.845915,0.05770724868774414,True
DMR (not used -- CWNS chosen instead),,READING STP,40.303622,-75.919911,0.00017356798052787782,True
DMR (not used -- CWNS chosen instead),,READINGTON LEBANON SEWER AUTH,40.625213,-74.762663,0.008023569107055664,True
DMR (not used -- CWNS chosen instead),,REDDING WASTEWATER TREATMENT FACILITY,41.258249,-73.429303,0.002059552431106567,True
DMR (not used -- CWNS chosen instead),,REEVE TRACT WWTP,40.2846,-74.95541,0.00023434776067733764,True
DMR (not used -- CWNS chosen instead),,"RESIN SOLUTIONS, LLC",41.17549,-73.14947,0.00016844093799591063,True
DMR (not used -- CWNS chosen instead),,RHINEBECK (V) WWTF,41.933972,-73.924333,0.0021615638732910155,True
DMR (not used -- CWNS chosen instead),,RICHMOND TOWNSHIP-VIRGINVILLE WWTP,40.524167,-75.869444,0.00010040414333343506,True
DMR (not used -- CWNS chosen instead),,RIDGEBURY TWP STP,41.948609,-76.712983,0.00020985239744186402,True
DMR (not used -- CWNS chosen instead),,RIDGEFIELD WATER POLLUTION CONTROL FACILITY,41.320714,-73.500271,0.00026411041617393496,True
DMR (not used -- CWNS chosen instead),,RIDGEWOOD VILLAGE,40.962348,-74.105698,0.0008036054372787476,True
DMR (not used -- CWNS chosen instead),,RIDLEY CREEK STP,39.98697,-75.52313,0.00048745116591453555,True
DMR (not used -- CWNS chosen instead),,RINGTOWN BORO MUN AUTH,40.858,-76.23,0.00033801180124282837,True
DMR (not used -- CWNS chosen instead),,RINGWOOD ACRES TREATMENT PLANT,41.078569,-74.260286,0.0034203317165374756,True
DMR (not used -- CWNS chosen instead),,RISING SUN TOWN OF WWTP,39.707797,-76.078531,0.004378540992736817,True
DMR (not used -- CWNS chosen instead),,RIVER ROAD PLANT CHLORINATION AND DE-CHLORINATION,40.38401,-74.62306,0.2634139404296875,True
DMR (not used -- CWNS chosen instead),,RIVERHEAD SEWER DISTRICT WWTF,40.918139,-72.639278,0.0004920271933078766,True
DMR (not used -- CWNS chosen instead),,RIVERSIDE FARMS PUMP STATION,40.449744,-74.607102,0.0012537269592285156,True
DMR (not used -- CWNS chosen instead),,RIVERSIDE SEWERAGE AUTHORITY,40.03901,-74.96548,0.010400941848754883,True
DMR (not used -- CWNS chosen instead),,RIVERTON STP,40.013748,-75.010569,0.001783944845199585,True
DMR (not used -- CWNS chosen instead),,ROBERT ERSKINE SCHOOL STP,41.0915,-74.26474,0.0002508123517036438,True
DMR (not used -- CWNS chosen instead),,ROBESON TWP STP,40.28239,-75.86136,0.00042442005872726443,True
DMR (not used -- CWNS chosen instead),,ROBESONIA WERNERSVILLE STP,40.349444,-76.084444,0.00019534066319465637,True
DMR (not used -- CWNS chosen instead),,ROBIN MEADOWS SD,41.39107,-74.45627,0.0001745482087135315,True
DMR (not used -- CWNS chosen instead),,ROCKAWAY VALLEY REG SA,40.896288,-74.392279,0.1907746124267578,True
DMR (not used -- CWNS chosen instead),,ROCKLAND COUNTY SEWER DISTRICT NO 1,41.04398,-73.94183,1.314051513671875,True
DMR (not used -- CWNS chosen instead),,ROCKY HILL WATER POLLUTION CONTROL FACILITY,41.683596,-72.646186,0.00023604521155357362,True
DMR (not used -- CWNS chosen instead),,ROMBOUT STP,41.527778,-73.980556,0.00729942798614502,True
DMR (not used -- CWNS chosen instead),,ROOSEVELT BORO MUA WWTP,40.158114,-74.429724,0.0002451639175415039,True
DMR (not used -- CWNS chosen instead),,ROSCOE SEWER TREATMENT PLANT,41.949111,-74.9295,0.0014755104780197143,True
DMR (not used -- CWNS chosen instead),,ROSE VALLEY BORO STP,39.89206,-75.39048,0.0013091871738433838,True
DMR (not used -- CWNS chosen instead),,ROSENDALE (T) STP,41.847083,-74.072139,0.0008622461557388306,True
DMR (not used -- CWNS chosen instead),,ROXBURY TWP MUA AJAX WTP,40.841516,-74.642298,0.025303035736083983,True
DMR (not used -- CWNS chosen instead),,RUSSELL WASTEWATER TREATMENT FACILITY,42.189494,-72.851635,0.00027643737196922304,True
DMR (not used -- CWNS chosen instead),,S LONDONDERRY CAMPBELL E STP,40.288625,-76.561598,0.0003782033324241638,True
DMR (not used -- CWNS chosen instead),,S LONDONDERRY COLEBROOK STP,40.240431,-76.507931,0.00012211618572473525,True
DMR (not used -- CWNS chosen instead),,SACKETT LAKE SD STP,41.607,-74.752111,0.004446688175201416,True
DMR (not used -- CWNS chosen instead),,SAG HARBOR (V) WWTP,41.001944,-72.308333,0.0003623174428939819,True
DMR (not used -- CWNS chosen instead),,SAGAMOR SD WWTF,41.60777,-73.75294,0.004126253604888916,True
DMR (not used -- CWNS chosen instead),,SAGINAW WWTP,40.071127,-76.67327,0.00012125079333782196,True
DMR (not used -- CWNS chosen instead),,SALEM WASTEWATER TREATMENT FAC,39.573919,-75.479337,0.012915426254272461,True
DMR (not used -- CWNS chosen instead),,SALISBURY TWP GAP STP,39.995432,-76.019971,0.0002803560793399811,True
DMR (not used -- CWNS chosen instead),,SALISBURY TWP ROSEHILL STP,40.06756,-75.97509,0.00024190366268157958,True
DMR (not used -- CWNS chosen instead),,SANFORD (T) - OQUAGA LAKE STP,42.007778,-75.451278,0.0002948058545589447,True
DMR (not used -- CWNS chosen instead),,SAUGERTIES (V) DOCK STREET STP,42.07475,-73.944972,0.014478401184082031,True
DMR (not used -- CWNS chosen instead),,SCHOOLEY'S MOUNTAIN WASTEWATER TREATMENT PLAN,40.81229,-74.76821,0.004384586334228516,True
DMR (not used -- CWNS chosen instead),,SCHUYLKILL HAVEN BOROUGH,40.62346,-76.16984,0.00023859471082687377,True
DMR (not used -- CWNS chosen instead),,SCHUYLKILL VALLEY SEW AUTH,40.708453,-76.144784,7.430414855480194e-05,True
DMR (not used -- CWNS chosen instead),,SCHWENKSVILLE BORO WWTP,40.25302,-75.463536,0.0003922990262508392,True
DMR (not used -- CWNS chosen instead),,SCMA BRANCH CASS WWTP,40.667028,-76.27975,5.408794805407524e-05,True
DMR (not used -- CWNS chosen instead),,SCMA DEER LAKE WWTP,40.61745,-76.06114,0.010369078636169433,True
DMR (not used -- CWNS chosen instead),,SCMA GORDON WWTP,40.744082,-76.346999,9.982980787754059e-05,True
DMR (not used -- CWNS chosen instead),,SCMA TREMONT WWTP,40.62646,-76.39763,0.00014190806448459626,True
DMR (not used -- CWNS chosen instead),,SCSD#6 - KINGS PARK STP,40.895719,-73.231024,0.006031331062316895,True
DMR (not used -- CWNS chosen instead),,SECAUCUS MUA - KOELLE BLVD STP,40.798406,-74.047585,0.08185519409179688,True
DMR (not used -- CWNS chosen instead),,SEYMOUR WPCF,41.366379,-73.087313,0.0005436923503875733,True
DMR (not used -- CWNS chosen instead),,SHAMOKIN TWP MUNICIPAL AUTHORITY,40.846952,-76.591319,0.0002264997512102127,True
DMR (not used -- CWNS chosen instead),,SHAMOKIN-COAL TWP JT SEW AUTH,40.814452,-76.584096,0.12389433288574218,True
DMR (not used -- CWNS chosen instead),,SHARON WATER POLLUTION CONTROL FACILITY,41.88358,-73.48861,0.00014645761251449584,True
DMR (not used -- CWNS chosen instead),,SHELTON WATER POLLUTION CONTROL FACILITY,41.3125,-73.082903,0.014180021286010742,True
DMR (not used -- CWNS chosen instead),,SHENANDOAH MUN SEW AUTH,40.814722,-76.215,0.019053152084350586,True
DMR (not used -- CWNS chosen instead),,SHICKSHINNY SEW AUTH WWTP,41.149381,-76.144108,0.00020033018290996552,True
DMR (not used -- CWNS chosen instead),,SHOEMAKERSVILLE STP,40.493222,-75.971223,0.0015049939155578613,True
DMR (not used -- CWNS chosen instead),,SIMSBURY WATER POLLUTION CONTROL FACILITY,41.870817,-72.797855,0.00033058518171310425,True
DMR (not used -- CWNS chosen instead),,SINKING SPRING STP,40.341203,-76.022161,0.00017377617955207825,True
DMR (not used -- CWNS chosen instead),,SKYVIEW / HIBROOK WTP,41.02802,-74.21767,0.0007710884213447571,True
DMR (not used -- CWNS chosen instead),,SLABTOWN WASTEWATER TREATMENT PLANT,40.906198,-76.414392,0.0002506619393825531,True
DMR (not used -- CWNS chosen instead),,SLATINGTON WWTP,40.758061,-75.604065,0.01760618209838867,True
DMR (not used -- CWNS chosen instead),,SLOATSBURG (V) WWTP,41.155417,-74.190556,0.0004228469431400299,True
DMR (not used -- CWNS chosen instead),,SLTMA - CAMPBELLTOWN WEST STP,40.281689,-76.589971,0.00042895179986953736,True
DMR (not used -- CWNS chosen instead),,SMITHFIELD SEWER AUTHORITY STP,41.033333,-75.173611,0.00021386587619781495,True
DMR (not used -- CWNS chosen instead),,SNYDERTOWN BORO SEWER SYS,40.874452,-76.672711,9.742818027734756e-05,True
DMR (not used -- CWNS chosen instead),,SOMERS WPCF,41.98349,-72.49057,0.0003272844552993774,True
DMR (not used -- CWNS chosen instead),,SOMERSET RARITIAN VALLEY SEWERAGE,40.557339,-74.567103,0.2046919708251953,True
DMR (not used -- CWNS chosen instead),,SOUDERTON BORO STP,40.29628,-75.33079,0.00041629430651664735,True
DMR (not used -- CWNS chosen instead),,SOUTH COATESVILLE STP,39.9721,-75.8066,0.000312419593334198,True
DMR (not used -- CWNS chosen instead),,SOUTH FALLSBURG (T) WWTP,41.715583,-74.614,0.042645286560058594,True
DMR (not used -- CWNS chosen instead),,SOUTH LONDONDERRY TWP - LAWN STP,40.219375,-76.543376,0.00016398151218891143,True
DMR (not used -- CWNS chosen instead),,SOUTH MONMOUTH REGIONAL SEWERAGE AUTH,40.16883,-74.04492,0.17180679321289063,True
DMR (not used -- CWNS chosen instead),,SOUTH WINDSOR WATER POLLUTION CONTROL FACILITY,41.829512,-72.635461,0.000134239062666893,True
DMR (not used -- CWNS chosen instead),,SOUTHBRIDGE WASTEWTER TREATMENT FACILITY,42.06969,-72.0063,0.00025942236185073854,True
DMR (not used -- CWNS chosen instead),,SOUTHEAST BREWSTER HEIGHTS SD 1,41.40075,-73.6314,0.0002827490270137787,True
DMR (not used -- CWNS chosen instead),,SOUTHEAST WATER POLLUTION CONTROL PLANT,39.90182,-75.14455,3.292197021484375,True
DMR (not used -- CWNS chosen instead),,SOUTHINGTON WPCF,41.566931,-72.883694,0.000503925621509552,True
DMR (not used -- CWNS chosen instead),,SPARTA ALPINE SCHOOL,41.022916,-74.672756,0.00048576849699020385,True
DMR (not used -- CWNS chosen instead),,SPARTA TWP PLAZA WWTP,41.034208,-74.641273,0.0033913426399230957,True
DMR (not used -- CWNS chosen instead),,SPRAGUE WASTEWATER TREATMENT PLANT,41.61486,-72.07232,0.001920506477355957,True
DMR (not used -- CWNS chosen instead),,SPRING CITY BORO STP,40.173068,-75.537122,0.00047371682524681094,True
DMR (not used -- CWNS chosen instead),,SPRING MEADOWS WTP-HARFORD COU,39.63865,-76.45917,0.000199947789311409,True
DMR (not used -- CWNS chosen instead),,SPRING TWP STP,40.347813,-76.00696,0.0005293997526168823,True
DMR (not used -- CWNS chosen instead),,SPRINGETTSBURY WASTEWATER TREATMENT PLANT,40.017028,-76.691333,0.000289647102355957,True
DMR (not used -- CWNS chosen instead),,SPRINGFIELD REGIONAL WASTEWATER TREATMENT PLANT,42.087793,-72.588998,0.0003669693470001221,True
DMR (not used -- CWNS chosen instead),,SPRINGFIELD TWP BD OF ED ELEMENTARY SCHOOL,40.03669,-74.70154,0.0002744257152080536,True
DMR (not used -- CWNS chosen instead),,SPRINGFIELD TWP HOLLOW CR STP,39.867625,-76.715153,0.00045307627320289613,True
DMR (not used -- CWNS chosen instead),,ST CLAIR WWTP,40.706952,-76.177418,0.00034205281734466555,True
DMR (not used -- CWNS chosen instead),,ST. ANDREWS BRAE STP,40.103902,-75.705184,0.0003939167559146881,True
DMR (not used -- CWNS chosen instead),,STAFFORD / WPCF,41.94688,-72.30454,0.0068408665657043455,True
DMR (not used -- CWNS chosen instead),,STAGE II TREATMENT PLANT,40.398134,-74.630158,0.005954455852508545,True
DMR (not used -- CWNS chosen instead),,STAMFORD WATER POLLUTION CONTROL FACILITY,41.046247,-73.52996,0.3012861633300781,True
DMR (not used -- CWNS chosen instead),,STEWARTSTOWN STP,39.74502,-76.605769,0.001162347435951233,True
DMR (not used -- CWNS chosen instead),,STOCKERTOWN BORO,40.75296,-75.26191,0.0004055459201335907,True
DMR (not used -- CWNS chosen instead),,STONY BROOK RGNL SEWERAGE AUTH,40.3846,-74.7394,0.0021349101066589354,True
DMR (not used -- CWNS chosen instead),,STONY BROOK RSA,40.3359,-74.7804,0.0029084935188293456,True
DMR (not used -- CWNS chosen instead),,STONY POINT (T) STP,41.22372,-73.96557,4.599137976765633e-05,True
DMR (not used -- CWNS chosen instead),,STONYBROOK SCHOOL,40.971193,-74.351885,0.0005422691106796264,True
DMR (not used -- CWNS chosen instead),,STURBRIDGE WATER POLLUTION CONTROL FACILITY,42.104697,-72.088066,0.00029908493161201477,True
DMR (not used -- CWNS chosen instead),,SUEZ WATER NJ AWOSTING WWTP,41.158984,-74.332929,0.00045163562893867494,True
DMR (not used -- CWNS chosen instead),,SUEZ WATER NJ HIGHVIEW ACRES WWTP,41.076819,-74.387041,0.00038057535886764526,True
DMR (not used -- CWNS chosen instead),,SUFFERN (V) STP,41.112944,-74.157722,0.022107181549072267,True
DMR (not used -- CWNS chosen instead),,SUFFIELD WATER POLLUTION CONTROL FACILITY,41.95944,-72.62599,0.00020632475614547729,True
DMR (not used -- CWNS chosen instead),,SUFFOLK CO SD#21 SUNY,40.924472,-73.121139,0.03398860549926758,True
DMR (not used -- CWNS chosen instead),,SUNBURY MUNI AUTH STP,40.85462,-76.79459,0.00012902700901031494,True
DMR (not used -- CWNS chosen instead),,SUSQUEHANNA WATER TREATMENT PLANT,40.025,-76.48,0.0004070984125137329,True
DMR (not used -- CWNS chosen instead),,SUSSEX CNTY MUA HAMPTON COMMONS STP,41.07337,-74.7346,0.0007224352359771728,True
DMR (not used -- CWNS chosen instead),,SUSSEX CNTY MUA UPPER WALLKILL VALLEY WATER POLLUTION CONTROL FACILITY,41.147059,-74.592098,0.0003677673637866974,True
DMR (not used -- CWNS chosen instead),,SUSSEX COUNTY  HOMESTEAD WTP,41.126531,-74.75552,0.0001931251585483551,True
DMR (not used -- CWNS chosen instead),,SWAMP CREEK STP,40.31971,-75.60111,0.00073392254114151,True
DMR (not used -- CWNS chosen instead),,SWAN LAKE SD STP,41.747611,-74.784472,0.003716904878616333,True
DMR (not used -- CWNS chosen instead),,SWATARA TWP STP,40.258556,-76.730111,0.0002747040092945099,True
DMR (not used -- CWNS chosen instead),,SWDCMA SEW SYS TO DELCORA,39.856126,-75.397397,0.0004100313186645508,True
DMR (not used -- CWNS chosen instead),,SWEDESBORO BORO MUA WWTP,39.751642,-75.30541,0.0029331455230712893,True
DMR (not used -- CWNS chosen instead),,TALLMAN ISLAND WASTEWATER TREATMENT PLANT,40.797583,-73.841056,2.70030810546875,True
DMR (not used -- CWNS chosen instead),,TAMAQUA WASTEWATER TREATMENT PLANT,40.79512,-75.96833,0.00015288296341896057,True
DMR (not used -- CWNS chosen instead),,TANNERSVILLE STP,42.186917,-74.150778,0.0001547771096229553,True
DMR (not used -- CWNS chosen instead),,TAYLOR RUN WASTEWATER TREATMENT PLANT,39.96601,-75.6321,0.0003163333237171173,True
DMR (not used -- CWNS chosen instead),,TELFORD BORO AUTH WWTP,40.32118,-75.33902,0.012216680526733399,True
DMR (not used -- CWNS chosen instead),,TERRE HILL STP,40.15863,-76.05439,0.0003282018303871155,True
DMR (not used -- CWNS chosen instead),,THE HIGHLANDS WWTP,39.675019,-75.793522,0.00022931088507175445,True
DMR (not used -- CWNS chosen instead),,THOMASTON WPCF,41.646386,-73.078758,0.011705833435058594,True
DMR (not used -- CWNS chosen instead),,THOMPSON BOROUGH WWTP,41.863605,-75.507667,0.00014852061867713927,True
DMR (not used -- CWNS chosen instead),,THOMPSON MELODY LAKE SD STP,41.5945,-74.670278,0.000314990371465683,True
DMR (not used -- CWNS chosen instead),,THORNBURY TOWNSHIP STP,39.92183,-75.52579,0.00030248737335205077,True
DMR (not used -- CWNS chosen instead),,TINICUM TWP WWTP,39.875015,-75.295727,0.0002685015797615051,True
DMR (not used -- CWNS chosen instead),,TITUSVILLE WWTP,41.685833,-73.867222,0.00039035436511039736,True
DMR (not used -- CWNS chosen instead),,TIVOLI (V) WWTP,42.05248,-73.91115,0.00016131186485290528,True
DMR (not used -- CWNS chosen instead),,TOPTON BORO STP,40.505633,-75.686379,0.0002625179886817932,True
DMR (not used -- CWNS chosen instead),,TORRINGTON WATER POLLUTION CONTROL FACILITY,41.779986,-73.117311,0.00014163386821746827,True
DMR (not used -- CWNS chosen instead),,TOWAMENCIN STP,40.229444,-75.351667,0.0004139087498188019,True
DMR (not used -- CWNS chosen instead),,TOWANDA MUNI AUTH,41.760831,-76.441586,0.001555060625076294,True
DMR (not used -- CWNS chosen instead),,TOWN OF NORFOLK WPCF,41.99983,-73.21633,0.00019100910425186158,True
DMR (not used -- CWNS chosen instead),,TOWN OF SALISBURY WPCF,42.014536,-73.431065,4.771767929196358e-05,True
DMR (not used -- CWNS chosen instead),,TOWNSHIP OF WAYNE,40.913167,-74.251163,0.2739259033203125,True
DMR (not used -- CWNS chosen instead),,TRADESVILLE STP,40.26403,-75.18383,0.00031792187690734864,True
DMR (not used -- CWNS chosen instead),,TRENTON CITY DPW SEWER AUTH,40.175727,-74.726642,8.207100629806519e-05,True
DMR (not used -- CWNS chosen instead),,TRI-BORO MUN AUTH,41.945578,-75.606465,0.0004521253705024719,True
DMR (not used -- CWNS chosen instead),,TRI-MUNICIPAL WWTP,41.608083,-73.942583,0.07678553009033204,True
DMR (not used -- CWNS chosen instead),,TROY WATER DEPTARTMENT-TREATMENT BUILDING,41.789721,-76.769375,0.00016933822631835937,True
DMR (not used -- CWNS chosen instead),,TULPEHOCKEN TWP - REHRERSBURG STP,40.452233,-76.253254,0.00015951360762119293,True
DMR (not used -- CWNS chosen instead),,TULPEHOCKEN TWP MT AETNA STP,40.418227,-76.293206,0.000337122768163681,True
DMR (not used -- CWNS chosen instead),,TUNKHANNOCK BORO MUN AUTH,41.54485,-75.96399,0.00039495733380317687,True
DMR (not used -- CWNS chosen instead),,TURNERS MILL STP,39.873088,-75.57828,0.00024118435382843018,True
DMR (not used -- CWNS chosen instead),,TUXEDO HAMLET WWTP,41.18691,-74.18257,0.00048454946279525755,True
DMR (not used -- CWNS chosen instead),,TUXEDO PARK (V) STP,41.220389,-74.191139,0.0014307204484939576,True
DMR (not used -- CWNS chosen instead),,TWIN CNTY JT MUNI AUTH,40.925587,-76.174518,0.00010860957205295563,True
DMR (not used -- CWNS chosen instead),,TWO BRIDGES WASTEWATER TREATMENT PLANT,40.903811,-74.273994,0.13574249267578126,True
DMR (not used -- CWNS chosen instead),,TWO RIVERS WATER RECLAMATION AUTHORITY,40.336956,-73.991718,0.3213873291015625,True
DMR (not used -- CWNS chosen instead),,ULSTER (T) SD STP,41.96457,-73.99929,0.00025235483050346373,True
DMR (not used -- CWNS chosen instead),,ULSTER WHITTIER SD STP,41.980889,-73.952083,0.0007832456231117249,True
DMR (not used -- CWNS chosen instead),,UNION TWP LEB CO LICKDALE STP,40.451401,-76.514374,0.00030484047532081603,True
DMR (not used -- CWNS chosen instead),,UNION TWP SCHOOL,40.63151,-74.96923,0.0002531696557998657,True
DMR (not used -- CWNS chosen instead),,UNIVERSITY OF CT WATER POLLUTION CONTROL FACILITY,41.811635,-72.263126,0.03385933303833008,True
DMR (not used -- CWNS chosen instead),,UPPER ALLEN TWP STP,40.154444,-76.985,0.0003073692619800568,True
DMR (not used -- CWNS chosen instead),,UPPER AUGUSTA TWP WWTF,40.894452,-76.738268,8.688828349113465e-05,True
DMR (not used -- CWNS chosen instead),,UPPER BERN TOWNSHIP STP,40.51,-76.110278,6.890328228473663e-05,True
DMR (not used -- CWNS chosen instead),,UPPER DUBLIN WWTP,40.135456,-75.193677,0.00038588500022888184,True
DMR (not used -- CWNS chosen instead),,UPPER GWYNEDD TWP STP,40.191193,-75.283706,0.0006120233535766602,True
DMR (not used -- CWNS chosen instead),,UPPER MERION TWP. AUTH-TROUT R,40.110568,-75.407951,0.0005086527466773987,True
DMR (not used -- CWNS chosen instead),,UPPER MONTGOMERY JOINT AUTHORITY STP,40.38713,-75.50173,0.023401664733886718,True
DMR (not used -- CWNS chosen instead),,UPPER MORELAND HATBORO JT SEW AUTH/WILLOW GROVE,40.156925,-75.108025,0.13694583129882812,True
DMR (not used -- CWNS chosen instead),,UPPER SALFORD TOWNSHIP PARK STP,40.278621,-75.439896,0.0002068919688463211,True
DMR (not used -- CWNS chosen instead),,UPPER SAUCON TWP STP,40.55084,-75.394059,0.0007310343384742737,True
DMR (not used -- CWNS chosen instead),,UPPER TULPEHOCKEN TWP WWTP,40.4914,-76.1833,0.0002678299248218536,True
DMR (not used -- CWNS chosen instead),,UWCHLAN TWP EAGLEVIEW STP,40.061186,-75.677336,0.0003349531888961792,True
DMR (not used -- CWNS chosen instead),,VALLEY DALE STP,41.72622,-73.81541,0.00036372226476669313,True
DMR (not used -- CWNS chosen instead),,VALLEY FORGE SEWER AUTHORITY,40.11526,-75.47193,0.000539355218410492,True
DMR (not used -- CWNS chosen instead),,VALLEY GREEN STP,40.198622,-75.345727,0.0004257573485374451,True
DMR (not used -- CWNS chosen instead),,VALLEY JT SEW AUTH STP,41.96623,-76.51659,0.0003828055262565613,True
DMR (not used -- CWNS chosen instead),,VANDERBURGH COVE SD#1,41.87396,-73.92398,0.00013555270433425904,True
DMR (not used -- CWNS chosen instead),,VEOLIA WATER NEW JERSEY CRESCENT PARK WWTP,41.103763,-74.39682,0.0007521774172782898,True
DMR (not used -- CWNS chosen instead),,VERNON WPCF,41.86482,-72.487307,0.09157253265380859,True
DMR (not used -- CWNS chosen instead),,VERONA TWP WTP,40.841186,-74.235456,0.0424817008972168,True
DMR (not used -- CWNS chosen instead),,VETERANS CENTER STP,40.398466,-75.148772,0.00041967156529426576,True
DMR (not used -- CWNS chosen instead),,VILLAGE OF ENDICOTT WATER POLUTION CONTROL PLANT,42.084722,-76.091111,0.0002933948636054993,True
DMR (not used -- CWNS chosen instead),,VILLAGE OF GREAT NECK STP,40.797722,-73.712139,0.10454341125488281,True
DMR (not used -- CWNS chosen instead),,VILLAGE OF NUMIDIA SEW SYS,40.88126,-76.40555,0.00022949087619781493,True
DMR (not used -- CWNS chosen instead),,VILLAGE OF REDHOOK WWTP,41.991667,-73.883722,0.0007052767276763916,True
DMR (not used -- CWNS chosen instead),,VILLAGE OF WALDEN STP,41.528241,-74.242238,0.0003711365461349487,True
DMR (not used -- CWNS chosen instead),,WALLINGFORD WATER POLLUTION CONTROL FACILITY,41.446099,-72.837583,0.13433493041992187,True
DMR (not used -- CWNS chosen instead),,WALLKILL SD STP,41.632889,-74.189361,0.0051131749153137205,True
DMR (not used -- CWNS chosen instead),,WALLKILL STP,41.46396,-74.36897,0.04445038604736328,True
DMR (not used -- CWNS chosen instead),,WALTON - V WWTP,42.16025,-75.140472,0.00019810611009597778,True
DMR (not used -- CWNS chosen instead),,WANAQUE VALLEY RGNL SEWER AUTH TREATMENT PLANT,41.0398,-74.2853,0.013860986709594727,True
DMR (not used -- CWNS chosen instead),,WARDS ISLAND WATER POLLUTION CONTROL PLANT,40.787528,-73.922889,13.327541015625,True
DMR (not used -- CWNS chosen instead),,WARMINSTER NAWC WWTP,40.216954,-75.074051,0.04208822631835937,True
DMR (not used -- CWNS chosen instead),,WARREN CNTY MUA BELVIDERE AREA WWTF,40.8205,-75.0855,0.0003175886273384094,True
DMR (not used -- CWNS chosen instead),,WARREN CO TECHNICAL SCHOOL STP,40.740318,-75.021255,0.00023581725358963013,True
DMR (not used -- CWNS chosen instead),,WARREN TWP SEWER AUTH STAGE 4 WWTP,40.64896,-74.5234,0.007959832668304443,True
DMR (not used -- CWNS chosen instead),,WARREN TWP SEWER AUTH STAGE 5 STP,40.6497,-74.57498,0.0003585599660873413,True
DMR (not used -- CWNS chosen instead),,WARREN TWP SEWERAGE AUTHORITY,40.664324,-74.469136,0.004330067157745361,True
DMR (not used -- CWNS chosen instead),,WARWICK (V) WWTP,41.254722,-74.372639,0.008139010429382323,True
DMR (not used -- CWNS chosen instead),,WARWICK SEWER DISTRICT 1 STP,41.270167,-74.297611,0.0036382009983062743,True
DMR (not used -- CWNS chosen instead),,WASHINGTON BORO WWTP,40.75474,-74.99551,0.0134031343460083,True
DMR (not used -- CWNS chosen instead),,WASHINGTON TWP LOYALTON STP,40.5664,-76.764659,0.00013821688294410705,True
DMR (not used -- CWNS chosen instead),,WASHINGTON TWP MUA  LONG VALLEY,40.78429,-74.77468,0.0019615278244018556,True
DMR (not used -- CWNS chosen instead),,WASHINGTONVILLE (V) WWTP,41.426139,-74.146667,0.005239041328430176,True
DMR (not used -- CWNS chosen instead),,WASHINGTONVILLE MUNI AUTH,41.05291,-76.6765,0.00021393132209777832,True
DMR (not used -- CWNS chosen instead),,WASTEWATER TREATMENT PLANT  (TCPA ID NO. 1903),40.609387,-74.220417,0.00010260771960020065,True
DMR (not used -- CWNS chosen instead),,WATER POLL CONTR DIST,40.83944,-73.69721,0.05515225601196289,True
DMR (not used -- CWNS chosen instead),,WAVERLY (V) STP,42.000889,-76.523056,0.0071667108535766605,True
DMR (not used -- CWNS chosen instead),,WAVERLY TOWNSHIP WWTP,41.530519,-75.708347,0.00025065213441848754,True
DMR (not used -- CWNS chosen instead),,WAWAYANDA RIDGEBURY LAKE ACRES SEWER DIS,41.382028,-74.446278,0.00039915245771408083,True
DMR (not used -- CWNS chosen instead),,WAYMART AREA AUTH WWTP,41.57736,-75.40586,0.0003245978653430939,True
DMR (not used -- CWNS chosen instead),,WEATHERLY BOROUGH,40.941517,-75.829077,0.0004788742959499359,True
DMR (not used -- CWNS chosen instead),,WEST COCALICO TWP,40.263069,-76.121029,0.00031224864721298215,True
DMR (not used -- CWNS chosen instead),,WEST GOSHEN TOWNSHIP WWTP,39.94748,-75.57307,0.09023910522460937,True
DMR (not used -- CWNS chosen instead),,WEST GROVE BORO STP,39.81048,-75.85156,0.0003496117889881134,True
DMR (not used -- CWNS chosen instead),,WEST HANOVER TWP STP,40.3498,-76.71848,0.00041303569078445434,True
DMR (not used -- CWNS chosen instead),,WEST MILFORD TWP MUA BIRCH HILL PARK STP,41.134567,-74.352068,0.0005598059296607972,True
DMR (not used -- CWNS chosen instead),,WESTCHESTER CO OF - YONKERS JOINT WASTE WATER TREATMENT PLANT,40.922332,-73.907721,0.00012312329560518266,True
DMR (not used -- CWNS chosen instead),,WESTERN RAMAPO ADVANCED WWTP,41.116222,-74.159056,0.022107181549072267,True
DMR (not used -- CWNS chosen instead),,WESTFIELD WASTEWATER TREATMENT PLANT,42.125314,-72.730211,0.0003973625302314758,True
DMR (not used -- CWNS chosen instead),,WESTPORT WPCF,41.120375,-73.368174,0.03407627487182617,True
DMR (not used -- CWNS chosen instead),,WESTSIDE WATER POLLUTION CONTROL FACILITY,41.16011,-73.21196,0.5067765197753906,True
DMR (not used -- CWNS chosen instead),,WESTTOWN-CHESTER CREEK STP,39.950292,-75.546567,0.000452445775270462,True
DMR (not used -- CWNS chosen instead),,WHITE DEER TWP MUNCIPAL AUTH,41.04106,-76.86307,0.00033776378631591796,True
DMR (not used -- CWNS chosen instead),,WHITE ROCK STP,41.03263,-74.51749,0.0012607108354568482,True
DMR (not used -- CWNS chosen instead),,WHITEMARSH TOWNSHIP STP,40.08005,-75.27922,0.02517399024963379,True
DMR (not used -- CWNS chosen instead),,WICONISCO STP,40.57371,-76.69248,0.0002463337779045105,True
DMR (not used -- CWNS chosen instead),,WILD OAKS SD,41.303472,-73.662556,0.00054953134059906,True
DMR (not used -- CWNS chosen instead),,WILDWOOD SD (L & A),41.611528,-73.903472,0.0009349207878112793,True
DMR (not used -- CWNS chosen instead),,WILLIAMSPORT SANITARY AUTHORITY - CENTRAL PLANT,41.24331,-76.99128,0.00013908070325851441,True
DMR (not used -- CWNS chosen instead),,WILLIAMSTOWN BORO STP,40.578344,-76.627433,0.00033547344803810117,True
DMR (not used -- CWNS chosen instead),,WILLIMANTIC WPCF,41.71599,-72.19466,0.06551366424560547,True
DMR (not used -- CWNS chosen instead),,WILLINGBORO WATER POLLUTION CONTROL PLANT,40.027628,-74.91935,0.0001896311491727829,True
DMR (not used -- CWNS chosen instead),,WIND GAP MUN SEW AUTH,40.83134,-75.29166,0.000406327486038208,True
DMR (not used -- CWNS chosen instead),,WINDSOR (T) SD#3,42.097667,-75.754583,0.0009309766888618469,True
DMR (not used -- CWNS chosen instead),,WINDSOR ESTATES WWTP,41.45126,-74.32141,0.00011011365801095962,True
DMR (not used -- CWNS chosen instead),,WINDSOR LOCKS / DPW (WPCF),41.912041,-72.629813,0.0004051785171031952,True
DMR (not used -- CWNS chosen instead),,WINSTED WPCF,41.941792,-73.053825,0.043618072509765626,True
DMR (not used -- CWNS chosen instead),,WOMELSDORF STP,40.37281,-76.18024,0.00019262979924678802,True
DMR (not used -- CWNS chosen instead),,WOODBURY VALLEY FORGE SEWER DIS 1 STP,41.35009,-74.10343,0.0004466104805469513,True
DMR (not used -- CWNS chosen instead),,WOODLAND WATER POLLUTION CONTROL UTILITY(WPCU,40.775629,-74.46346,0.012165069580078125,True
DMR (not used -- CWNS chosen instead),,WOODRIDGE (V) WWTP,41.7,-74.613972,7.146672159433365e-05,True
DMR (not used -- CWNS chosen instead),,WOODSTOCK (T) WWTF,42.038056,-74.090278,0.0017453850507736207,True
DMR (not used -- CWNS chosen instead),,WOODSTOWN BORO WATER DEPT,39.6493,-75.33159,0.004422342300415039,True
DMR (not used -- CWNS chosen instead),,WORONOCO VILLAGE W W T F,42.16461,-72.82479,0.0002342817783355713,True
DMR (not used -- CWNS chosen instead),,WORONOCO VILLAGE WASTEWATER TREATMENT FACILITY,42.163857,-72.825327,0.0002342817783355713,True
DMR (not used -- CWNS chosen instead),,WRIGHTSTOWN BOROUGH STP,40.0379,-74.6136,0.0030060999393463133,True
DMR (not used -- CWNS chosen instead),,WRIGHTSVILLE STP,40.02019,-76.52405,0.0002159028947353363,True
DMR (not used -- CWNS chosen instead),,WYALUSING MUNI AUTH,41.664999,-76.269637,0.00021067319810390473,True
DMR (not used -- CWNS chosen instead),,WYNNEWOOD TERRACE,40.72761,-75.53509,0.07879538726806641,True
DMR (not used -- CWNS chosen instead),,WYOMING COUNTY HOUSING AUTHORITY,41.63397,-76.052463,0.00011654700338840485,True
DMR (not used -- CWNS chosen instead),,WYOMING VALLEY SANITARY AUTHORITY,41.23317,-75.93908,0.00033854666352272034,True
DMR (not used -- CWNS chosen instead),,WYOMISSING VALLY STP,40.328611,-75.9425,0.0006263046264648437,True
DMR (not used -- CWNS chosen instead),,YORK HAVEN STP,40.110572,-76.711604,0.0002086934894323349,True
DMR (not used -- CWNS chosen instead),,YORKTOWN HEIGHTS SD WWTP,41.282954,-73.774032,0.0178957462310791,True
GHGRP industrial,1003753.0,Cargill Meat Solutions Corp,41.685413,-76.249469,0.8192651977539063,True
GHGRP industrial,1004257.0,"JBS SOUDERTON, INC. - RENDERING FACILITY",40.283058,-75.341965,0.07447509002685547,True
